path,bytes,sha256
results/neuron_geometry_v1/before.json,7684,2d2d165a5f18ac4ffbaa73d6800a0061b5cf347421e289852bfc8568c1e0bad2
results/neuron_geometry_v1/collection.log,2279,e7a2ab2f2b8d714b9f6ed48e52dd19e8352fa7762167a2b0d6eed8194026b4a8
results/neuron_geometry_v1/collection_process.json,712,299807583f42b71794d6cd52d1380a74c34f059c741a90a1762d411781f5cdb2
results/neuron_geometry_v1/coordinator_status.json,1815,8b48e6df0c17f5007713e31b5ad4c61989921be61c07cd64bb9fb99f250a76b6
results/neuron_geometry_v1/launcher.log,2149,0755661c31f36341464532323ff4522baeb3b0804d94af8a3c07bd857c3cc82e
results/neuron_geometry_v1/launcher.stderr.log,2180,20fdb43a370d8c28032939a9318ea83569c94147da3a2f12addd6ed1d5b51bbb
results/neuron_geometry_v1/protocol.json,14265,32b758333762fb7281c8537f8ce3532497123d559d20a86cf54288d1557d9050
results/neuron_geometry_v1/qualification/count_bezier_1p.json,196,a0fdfd83d834b6c6a74e145608c8ec029e8c779619738689a547ade39d32eaa9
results/neuron_geometry_v1/qualification/count_bump_2p.json,196,33fb0575a9cd64afc047daf4e9b43fde6976c26ed95d08228a375e3982d2d5e2
results/neuron_geometry_v1/qualification/count_full_gelu.json,184,ffbb38b3b7665ee14df9a562c4786d41c926a0b306ea6bd544cadcd33d720e63
results/neuron_geometry_v1/qualification/count_full_relu.json,184,ffbb38b3b7665ee14df9a562c4786d41c926a0b306ea6bd544cadcd33d720e63
results/neuron_geometry_v1/qualification/count_full_swiglu.json,184,7835c85db44567fe121e3cc332c35ae3ae4b9dbcbe8019bcd6eb339d4cc39296
results/neuron_geometry_v1/qualification/count_gelu_offset.json,196,4e4dceb67933fe35c94c4bafd896a1307b32f6db682e39d1867f4a831fa00a18
results/neuron_geometry_v1/qualification/count_groupsort.json,186,701e4b68629e0ec2cca17f6c98f3ad8247877db9a81b40587345213a909c32c5
results/neuron_geometry_v1/qualification/count_linear.json,186,701e4b68629e0ec2cca17f6c98f3ad8247877db9a81b40587345213a909c32c5
results/neuron_geometry_v1/qualification/count_narrow_gelu.json,186,701e4b68629e0ec2cca17f6c98f3ad8247877db9a81b40587345213a909c32c5
results/neuron_geometry_v1/qualification/count_narrow_relu.json,186,701e4b68629e0ec2cca17f6c98f3ad8247877db9a81b40587345213a909c32c5
results/neuron_geometry_v1/qualification/count_narrow_swiglu.json,186,30529b7f10a9ba15f2d190977df97ffab31f1080f2c764d121e433023c248ffd
results/neuron_geometry_v1/qualification/count_twist_fixed.json,186,4f3837affbb73fa502db447ff6926b82ae9c9cf5488fad6d2afaa1a7460121fa
results/neuron_geometry_v1/qualification/count_twist_identity.json,196,4e4dceb67933fe35c94c4bafd896a1307b32f6db682e39d1867f4a831fa00a18
results/neuron_geometry_v1/qualification/count_twist_learned.json,196,4e4dceb67933fe35c94c4bafd896a1307b32f6db682e39d1867f4a831fa00a18
results/neuron_geometry_v1/qualification/formula_bezier1.json,270,a9dc68a22d0bb6c82b0d24b8f5f8e4b0dd71a05a3a9ddffbebf63775db431439
results/neuron_geometry_v1/qualification/formula_bezier1.pt,4809,3e4f6d281af28d1456269196256d522180ee62ba88105e3d4dd7a1bdbe75d840
results/neuron_geometry_v1/qualification/formula_bump4.json,268,6e39e8acdf3d8164121a67399f4aecfa118cff617df6c66a94dd126e8aa8ef2e
results/neuron_geometry_v1/qualification/formula_bump4.pt,4809,02846a9076a4cf31a55f29233cb2f07adc89d0dec6464a6823adc20fa1c1507d
results/neuron_geometry_v1/qualification/formula_twist1.json,269,bbf3d5f100e6c3a28080b2f632e2a537978a42bd179e6cf761d093a093f0ddb4
results/neuron_geometry_v1/qualification/formula_twist1.pt,4809,e2c64c9028f72e4ca1d18279d3d9f5555f4727db0d8dd8fb0c2093d1b768db1c
results/neuron_geometry_v1/qualification/formula_twist4.json,269,09ec17774bfc5461e0a7876335dea3bd9aacefccc02f84e2120d2100c2a15db3
results/neuron_geometry_v1/qualification/formula_twist4.pt,4809,112e4b6789e1703844f4e13bb86b7128f7c94520c4a6ccb7be39355e8fd3158d
results/neuron_geometry_v1/qualification/geometry_0.json,266,2947144b8474117daad1fe095d6abe2ebc871267a8a234cef4f2e3efa8f3e80c
results/neuron_geometry_v1/qualification/geometry_0.pt,15061,c52d1b7a8ad6cf6822e4938b7e1a4bd20803d5f0662d03db8122213a659989fb
results/neuron_geometry_v1/qualification/geometry_1.json,266,0546dfb874784ba80c9ca843ec39f1a9364dfb17978ec3def4527c2e3f1a0307
results/neuron_geometry_v1/qualification/geometry_1.pt,15061,6e0ca6877c7b52773d0e4d08782486c652d8fffd11e97d3a45cd3fdda64bf383
results/neuron_geometry_v1/qualification/initial_functions.json,303,98bf4f35b156abf5fb2b42f9cdf584981daf2ece74ff33264ba4cd9b4e91404a
results/neuron_geometry_v1/qualification.log,1577,91cfcd25878567ccf4fe95182321e70819d8169a72dab9b250999b8da66ce627
results/neuron_geometry_v1/qualification_process.json,691,897412d3432b3f454e59dc925e0a7759fe0e12b26d0512f5e8ccef9dd62e8a23
results/neuron_geometry_v1/source/launch.py,4389,2d38ba694cd9dea0d23b64b17f986a84132f7dc7a5e7bbfe51b176c9e8237e22
results/neuron_geometry_v1/source/model.py,6966,108f1142d9ec99fe2c631b9d88023ed5966be144a956bb45d3a340bf43ec1ab0
results/neuron_geometry_v1/source/study.py,20452,746d397ef38a056de648d50ce21e71383b3463b33d5530f5adebc05d9dae99bd
results/neuron_geometry_v1/source/test_qualification.py,10335,8bfeb3f81a79e83ef70efe462a7c0f6b3fda9e496ebc0ebaef3e045fe1b07ce4
results/neuron_geometry_v1/source.zip,189822,a63d6fd6e33e1147a3bb9c430701f62a3a63ecb64b2e42d641ea57554d26ec26
results/neuron_precision_v1/before.json,16093,b36db70694224e933e39371428dd70d69cb3af993da473c2e9d52f3cf963042d
results/neuron_precision_v1/bezier_1p_bf16.json,2099,05e6b72a9aa53f1aa2e115b820e76748242a58a9992c5b6d2b2adb0eb4fc0d80
results/neuron_precision_v1/bezier_1p_bf16.pt,5664743,fa965eb1808a167e1858b43fdd61974a9371994a271aa09c698372e668946431
results/neuron_precision_v1/bezier_1p_fp32.json,2248,9b2cd62c9d94ef436c18e0898dc5dfbe773c1f280e331837ccb91bfb700bd635
results/neuron_precision_v1/bezier_1p_fp32.pt,5683175,71b85946151bf249c5522836cb9fcab163bb9ceb291f1141d0c5ed9dee39f492
results/neuron_precision_v1/bump_2p_bf16.json,2135,7d4c7a6912b385e0d5f3132fea77708ff36d005670c31fce56e532e0c22bac1a
results/neuron_precision_v1/bump_2p_bf16.pt,5664743,b7f88cae247a70ef6ed0e6c4a6ee4476942fee1167c2f6587abc5a8df9133f6c
results/neuron_precision_v1/bump_2p_fp32.json,2242,79eed0408690cca0b1fc93f74ec2b20161e356efb37d3c49628ab1b9356d41d0
results/neuron_precision_v1/bump_2p_fp32.pt,5683175,1e9fba7d24cba694934344136cdd15cc455fa75aaeb178de27aef51d6dc78e8a
results/neuron_precision_v1/diagnostic.log,1397,cf5cbd6d9cf224237414a978e087e40aa33997ef86ae2601a0f9445c7d9e47cc
results/neuron_precision_v1/launcher.log,0,e3b0c44298fc1c149afbf4c8996fb92427ae41e4649b934ca495991b7852b855
results/neuron_precision_v1/launcher.stderr.log,0,e3b0c44298fc1c149afbf4c8996fb92427ae41e4649b934ca495991b7852b855
results/neuron_precision_v1/process.json,507,a6561de76f54b81b4d4cf3967ef8a3a759dddf3b2559e48963c09663620cf130
results/neuron_precision_v1/protocol.json,16457,06f9228ed86d260ba8db8965febc3c6122f02001927bf77fd7ce64ae62fac874
results/neuron_precision_v1/result.json,21315,986c588a7e5339570fda0f21bbf6f3993b183bb89607cd097d2680b0066a02c4
results/neuron_precision_v1/source/diagnose.py,6045,46241f51a44836ef9353c3f5e08a2110ec6b940a17eae0107a22b43efa800d4e
results/neuron_precision_v1/source/launch.py,1982,05b573506c750c4142eac61d834ba7dc2f86e1a065362ecf17889fd2b1249ca7
results/neuron_precision_v1/source.zip,184834,3fce256ec5036f124b1d39e19c832bc797d66a698b8bf24ff081252c978d36fe
results/neuron_precision_v1/twist_identity_bf16.json,2170,4e165365f39da583efeac3683a93777d15478cc33ec358ab299e3997da694910
results/neuron_precision_v1/twist_identity_bf16.pt,5664743,c19dbd5912081f9e4351185314347fe0c2c482a1ebe2d9440850b9c6cb7729c3
results/neuron_precision_v1/twist_identity_fp32.json,2262,a33214a0223e65646a47dbcd78ecce2edda478305e83c554b1d549e4ea3df1f5
results/neuron_precision_v1/twist_identity_fp32.pt,5683175,882e376eae74c2a65cbfe14103d6e9d4c9a8feca13609f7375d1490848520381
results/neuron_precision_v1/twist_learned_bf16.json,2168,a99600978681c835d35df7b27a8e883e496746e7c10e30c4dc99ee2550a10431
results/neuron_precision_v1/twist_learned_bf16.pt,5664743,c19dbd5912081f9e4351185314347fe0c2c482a1ebe2d9440850b9c6cb7729c3
results/neuron_precision_v1/twist_learned_fp32.json,2260,d211b68476bb81044facf7c2df3f1226c10c15a36aa78b720d0ebb3a92f5a526
results/neuron_precision_v1/twist_learned_fp32.pt,5683175,882e376eae74c2a65cbfe14103d6e9d4c9a8feca13609f7375d1490848520381
results/neuron_geometry_recovery_v1/before.json,17746,d934a0061d26993306d3fd67ba4567dbbce3c4ba4fac85383d736d3b1e5cbd47
results/neuron_geometry_recovery_v1/cells/multiplicative_bezier_1p_s17_lr1000/checkpoint.pt,1403297,d0f88d0bca206279089579a65c452a6af4b8c589689152e4e5137cb3f9171507
results/neuron_geometry_recovery_v1/cells/multiplicative_bezier_1p_s17_lr1000/reporting.json,1022,4500086222ccb41c08a44951b478df4dc22b8f6f02c358381b1f9ab4103a7545
results/neuron_geometry_recovery_v1/cells/multiplicative_bezier_1p_s17_lr1000/training.json,142272,97a8d910000b5a9f26af12f8c96b90d29657272e8ec5737562633280c62c4eb8
results/neuron_geometry_recovery_v1/cells/multiplicative_bezier_1p_s17_lr3000/checkpoint.pt,1403297,70a7572aa9b31b2d284e2ec0d0a6a7465d770345a2109a69cdc17147b24d5f37
results/neuron_geometry_recovery_v1/cells/multiplicative_bezier_1p_s17_lr3000/reporting.json,1040,2ba33dbe80226a205ad9232fef5c8154dcc51042b25e667e33782e38aa8d60bb
results/neuron_geometry_recovery_v1/cells/multiplicative_bezier_1p_s17_lr3000/training.json,142266,406ba31d643df65ec2d20d84e3b1a2679d45a6fa577f4e5822c7a252ed4eddb7
results/neuron_geometry_recovery_v1/cells/multiplicative_bezier_1p_s29_lr1000/checkpoint.pt,1403297,97ae46b361b40092575925ffc9d8e20bc56315ad4fad8b733d63cde8331bb3eb
results/neuron_geometry_recovery_v1/cells/multiplicative_bezier_1p_s29_lr1000/reporting.json,1023,72ac5ca9774a245a3581d5b4af8b1af586d115a8ef16ebe0eaee4d8a55d7d57b
results/neuron_geometry_recovery_v1/cells/multiplicative_bezier_1p_s29_lr1000/training.json,142246,e2e889fc0c4244bb6c9895f9a83e77de8676174eb8eeb5732c6eb2acec22b4df
results/neuron_geometry_recovery_v1/cells/multiplicative_bezier_1p_s29_lr3000/checkpoint.pt,1403297,a3bd3361ef83dfd5820dd3b34d14c6ca68eb7072799511fbf6222ed669f562f4
results/neuron_geometry_recovery_v1/cells/multiplicative_bezier_1p_s29_lr3000/reporting.json,1040,9ab4781141db4db26ef03d5230e0fb13dcc357829d9d0d160ff71369242d40f6
results/neuron_geometry_recovery_v1/cells/multiplicative_bezier_1p_s29_lr3000/training.json,142280,d94b98c3e760b6a4fd4161df56c175b08722dbbe77b7847740c3319a27765bf8
results/neuron_geometry_recovery_v1/cells/multiplicative_bezier_1p_s43_lr1000/checkpoint.pt,1403297,30a125c114d1cfc7561c2f58cb9bd5e3c273344a8b83bb377be41759a8940bb5
results/neuron_geometry_recovery_v1/cells/multiplicative_bezier_1p_s43_lr1000/reporting.json,1023,08fdeb8f01885ca257211a525f613c6c42e66ffac2d8e918651c7ed49f12b229
results/neuron_geometry_recovery_v1/cells/multiplicative_bezier_1p_s43_lr1000/training.json,142169,9a0322949a7ab703e2c8adc9df3b79e42e920b785310879037232f956b6016f8
results/neuron_geometry_recovery_v1/cells/multiplicative_bezier_1p_s43_lr3000/checkpoint.pt,1403297,8783cf68dedad0d67b129cdfca9583dec6c033949060d40986c90ecc2c07ede4
results/neuron_geometry_recovery_v1/cells/multiplicative_bezier_1p_s43_lr3000/reporting.json,1043,ee93368d38edeaa36b52f1c4a09f18b3ccd3234562bfd19253e19e666f5569b8
results/neuron_geometry_recovery_v1/cells/multiplicative_bezier_1p_s43_lr3000/training.json,142193,bacc9702ebb079740ca881a4fec2097223fd5d5f92f5e63cb19dff621503e51c
results/neuron_geometry_recovery_v1/cells/multiplicative_bump_2p_s17_lr1000/checkpoint.pt,1403297,6e417f40a1af601d5c45562269dced8a29585dafba76a63684c0c9d372033219
results/neuron_geometry_recovery_v1/cells/multiplicative_bump_2p_s17_lr1000/reporting.json,1016,0efdd72424edbd5fadd6025804ce57773acdab1e5deafc0b92171edece57a185
results/neuron_geometry_recovery_v1/cells/multiplicative_bump_2p_s17_lr1000/training.json,144545,420b2655bcf70ede063fadd42f5ca1bd801ff52119fe97c125382114931161c0
results/neuron_geometry_recovery_v1/cells/multiplicative_bump_2p_s17_lr3000/checkpoint.pt,1403297,8d5c9a044a1490cbd468d0f5ca8a014f41074c5f97decebeb8372aadd8230c08
results/neuron_geometry_recovery_v1/cells/multiplicative_bump_2p_s17_lr3000/reporting.json,1035,91580fc7461ebac1967ba8ede17bbd06b409ecea2ea79d6c610e356554d0a33f
results/neuron_geometry_recovery_v1/cells/multiplicative_bump_2p_s17_lr3000/training.json,144635,050c0c094de7abd0778e788dcf26031efc45a8b430ecde4dec21fe2896e0b5f7
results/neuron_geometry_recovery_v1/cells/multiplicative_bump_2p_s29_lr1000/checkpoint.pt,1403297,1700ef42e6a1aef5378b8a2bcd8a52b5e519ab47ecd9c4c5e6820d3adc400947
results/neuron_geometry_recovery_v1/cells/multiplicative_bump_2p_s29_lr1000/reporting.json,1016,db7109ead067beb2b14765af8ed7a39fed4731eedd1ebd04c59f0df2569e6d17
results/neuron_geometry_recovery_v1/cells/multiplicative_bump_2p_s29_lr1000/training.json,144579,dc26a16df0143e78fce19259c174bb1e998f39064acc3826cc71595b22790b03
results/neuron_geometry_recovery_v1/cells/multiplicative_bump_2p_s29_lr3000/checkpoint.pt,1403297,c9ddad9e7149f278b92f566a08a8e605667e0ffe4cdeb6c8e4703deab938a7d2
results/neuron_geometry_recovery_v1/cells/multiplicative_bump_2p_s29_lr3000/reporting.json,1036,7b66247e98147dfc732bde8bb610491d0dcbc9e3f4daa2b755475329dd8d87c9
results/neuron_geometry_recovery_v1/cells/multiplicative_bump_2p_s29_lr3000/training.json,144590,82e256b73f57eacee080972dbcc5138b5e848d9956a454d61292670acfb4d68f
results/neuron_geometry_recovery_v1/cells/multiplicative_bump_2p_s43_lr1000/checkpoint.pt,1403297,8ea67f043231673425cc350c6369c7b711ebaa4b5d19e9b9fbc8b0b6959978ba
results/neuron_geometry_recovery_v1/cells/multiplicative_bump_2p_s43_lr1000/reporting.json,1016,91ac18429d4f5af0abd9e892abaa156c82b395a1f4865bba1988364c59e12248
results/neuron_geometry_recovery_v1/cells/multiplicative_bump_2p_s43_lr1000/training.json,144574,4ee352872de409bbdc28f4b3a1103afefc3c443cb737bcf58b8884adf832064f
results/neuron_geometry_recovery_v1/cells/multiplicative_bump_2p_s43_lr3000/checkpoint.pt,1403297,2facea14f45193f31e4078e1f612f60d77c4206746800fd128f9b481cb3ce266
results/neuron_geometry_recovery_v1/cells/multiplicative_bump_2p_s43_lr3000/reporting.json,1036,986354ef8d78c0f9474f5c578156b88473d39104e82ca632438c11b899ef9b4a
results/neuron_geometry_recovery_v1/cells/multiplicative_bump_2p_s43_lr3000/training.json,144577,093d72c01e70b0e0f5356cc224256dc71fe3365f1830b12107aa883a006377af
results/neuron_geometry_recovery_v1/cells/multiplicative_full_gelu_s17_lr1000/checkpoint.pt,4720869,5f5c746ff9d3f0378369709bd4867e29362ab0b6e5c6bd1b9ce8d6802a804493
results/neuron_geometry_recovery_v1/cells/multiplicative_full_gelu_s17_lr1000/reporting.json,1018,473ce7ffcbf11f5dc9daab9746ceeba3c364d464d115cedb41b89e3a45813247
results/neuron_geometry_recovery_v1/cells/multiplicative_full_gelu_s17_lr1000/training.json,141010,9c3e2ffa59b4f5579156981070dadd0a9a942c110d7b03309720fb5a6a048f8d
results/neuron_geometry_recovery_v1/cells/multiplicative_full_gelu_s17_lr3000/checkpoint.pt,4720869,c50ec62bf981d06a467256fcc04f6c79b74f9cc018fa707b8c67af137f4ca7b8
results/neuron_geometry_recovery_v1/cells/multiplicative_full_gelu_s17_lr3000/reporting.json,1018,404bda09598aa3baaa793263e6a3d0dc20b7a983e1385b0394b8817192601ad8
results/neuron_geometry_recovery_v1/cells/multiplicative_full_gelu_s17_lr3000/training.json,141023,f08a696afc561fc80f138200538960f84991a289042d35c60aafa24cee820b3c
results/neuron_geometry_recovery_v1/cells/multiplicative_full_gelu_s29_lr1000/checkpoint.pt,4720869,b78512f1dcf57f2950399df6cab3a0c8bade2f8bfd06c31b4a4de465d160fe4f
results/neuron_geometry_recovery_v1/cells/multiplicative_full_gelu_s29_lr1000/reporting.json,1016,baffdbcd960dc45135bfa9712055cc1baade4a6197aa45e4b55e49ce6bb7cebd
results/neuron_geometry_recovery_v1/cells/multiplicative_full_gelu_s29_lr1000/training.json,141084,618e9ab5c96d2f522d58111fe2a905441d0615c09a2d869e92d1155e7227fbc8
results/neuron_geometry_recovery_v1/cells/multiplicative_full_gelu_s29_lr3000/checkpoint.pt,4720869,bd7232a14a09266ef76f6189e3f782b0744e0602434011ab996b265c8fafb311
results/neuron_geometry_recovery_v1/cells/multiplicative_full_gelu_s29_lr3000/reporting.json,1017,aea88baeac455ed7d7e2ac375c0c676b2b119c687c077a9aa30bcbc4f7c6aa2c
results/neuron_geometry_recovery_v1/cells/multiplicative_full_gelu_s29_lr3000/training.json,141105,a4b0220842bbfa18f1b5eeb7f3134a89192910d662e1b309aed04056961143a0
results/neuron_geometry_recovery_v1/cells/multiplicative_full_gelu_s43_lr1000/checkpoint.pt,4720869,32b71847ebdc13ebabd96d58d11e3970ccaa7a8045e8de12cee55ef8847d0ade
results/neuron_geometry_recovery_v1/cells/multiplicative_full_gelu_s43_lr1000/reporting.json,1018,d4ef45ce2a72aa71be5a0f98583bb89ffef2a56f8a065ab4f8f9efc6e03d80d2
results/neuron_geometry_recovery_v1/cells/multiplicative_full_gelu_s43_lr1000/training.json,140898,284633f0f6c7e7b37c0cd3748f5e50913273bf37c8ddfc12ff191cdaf2be207c
results/neuron_geometry_recovery_v1/cells/multiplicative_full_gelu_s43_lr3000/checkpoint.pt,4720869,0da3c581c6425b287aadfe4a37e5333c694894c40f30d8135bcf9b30fad0df80
results/neuron_geometry_recovery_v1/cells/multiplicative_full_gelu_s43_lr3000/reporting.json,1017,39e35406005dbbfb606a92d73cd737be1150866803d516e6eb4d1b391ef8680d
results/neuron_geometry_recovery_v1/cells/multiplicative_full_gelu_s43_lr3000/training.json,141082,6d7266242c38e35c93c509dc77d578615dda27584d9607d71eb370a5502ee9ff
results/neuron_geometry_recovery_v1/cells/multiplicative_full_relu_s17_lr1000/checkpoint.pt,4720869,06297ec152bb88fd0167d3e1ef6f36a63c8be1f6bf29a710a4c6b2cedb2460d7
results/neuron_geometry_recovery_v1/cells/multiplicative_full_relu_s17_lr1000/reporting.json,1016,f90f3f32fc778e9d107485d9b5c7401ff77475789d18531d6c23ca2d5026d89d
results/neuron_geometry_recovery_v1/cells/multiplicative_full_relu_s17_lr1000/training.json,141034,3892f22dafde5c015fb218754e05bafaf082a6ca217450ccb4d5988e38ba073c
results/neuron_geometry_recovery_v1/cells/multiplicative_full_relu_s17_lr3000/checkpoint.pt,4720869,74471727b7924f05e3a596efae4a93d4aef0200fe89d35e2a495d46f1671be0e
results/neuron_geometry_recovery_v1/cells/multiplicative_full_relu_s17_lr3000/reporting.json,1019,0277767ff9f2a261a2966e4c043419f4e4c3fc8260ce7cb556ce9043c452c830
results/neuron_geometry_recovery_v1/cells/multiplicative_full_relu_s17_lr3000/training.json,141042,983ac62985ea4a2c9907765163de9193ff39cd8bfb0d07bcfd4e6412946e0227
results/neuron_geometry_recovery_v1/cells/multiplicative_full_relu_s29_lr1000/checkpoint.pt,4720869,a6c5a5bd0f99b95c400161ebb3288a2b14a1ba7d26259a81e5801965a6ae6942
results/neuron_geometry_recovery_v1/cells/multiplicative_full_relu_s29_lr1000/reporting.json,1017,4b213bb1ed5f18419217b55a19beba510e4e2b90df20fd6b590a3791e48e7d8f
results/neuron_geometry_recovery_v1/cells/multiplicative_full_relu_s29_lr1000/training.json,141061,cd6beb3a2f07dd40ebefde5c960318385391e4f97aa815eb4ed2b6c82c2940dd
results/neuron_geometry_recovery_v1/cells/multiplicative_full_relu_s29_lr3000/checkpoint.pt,4720869,5786834ce64d1f1cea631449a0ca4e45c4bf9268724b8f24c1ed35ac59e4bab1
results/neuron_geometry_recovery_v1/cells/multiplicative_full_relu_s29_lr3000/reporting.json,1019,315d7a9195ddb2e72263c5891be9199c881740b3a273485c4cbd5797d345653c
results/neuron_geometry_recovery_v1/cells/multiplicative_full_relu_s29_lr3000/training.json,140961,b0b418f0f38ff60a21a0be4694f80361874da973d795c9a461587ec3dfbb939b
results/neuron_geometry_recovery_v1/cells/multiplicative_full_relu_s43_lr1000/checkpoint.pt,4720869,e17a26ba2350da2cb62d4059157d9972f2ee488aa969c89013b5145c6a9a5130
results/neuron_geometry_recovery_v1/cells/multiplicative_full_relu_s43_lr1000/reporting.json,1016,e3ac9992b8cebdd4b8a85a42b213250ab9a0b8b4790ec06bf7a7b1a27578f898
results/neuron_geometry_recovery_v1/cells/multiplicative_full_relu_s43_lr1000/training.json,140943,bd3eecaadb8f729e6bb62b0eb5bc41b862ee0bed45cf3a00a0b5c1d5c3c04580
results/neuron_geometry_recovery_v1/cells/multiplicative_full_relu_s43_lr3000/checkpoint.pt,4720869,df4914aeaaea6c608917ac374d18ab4e546ee3ac15807031687ed33ab59c2fa8
results/neuron_geometry_recovery_v1/cells/multiplicative_full_relu_s43_lr3000/reporting.json,1021,8a9d1380b3624e2652985144b66c42493210e9a9347c67badc6aae232fcefe45
results/neuron_geometry_recovery_v1/cells/multiplicative_full_relu_s43_lr3000/training.json,140943,9ec3bc33550702cea43cf7a3cc86c9ef4b405d0c7a95944ef59f6b825386cc9c
results/neuron_geometry_recovery_v1/cells/multiplicative_full_swiglu_s17_lr1000/checkpoint.pt,4721057,edb5326a144b7bf2db44f919f713c6be8aedcde58f4a07218f2753de9ed2591f
results/neuron_geometry_recovery_v1/cells/multiplicative_full_swiglu_s17_lr1000/reporting.json,1030,dbdaa96edf5c2871fdfa6e8f13c357b8cc4335e7420b2b961e87078cd4632776
results/neuron_geometry_recovery_v1/cells/multiplicative_full_swiglu_s17_lr1000/training.json,141304,9a0f9ba7f991f0f8b68229c3d5bd19691eec10c5bd4fbaa951928e5c6ba8ae42
results/neuron_geometry_recovery_v1/cells/multiplicative_full_swiglu_s17_lr3000/checkpoint.pt,4721057,8879feb8dfcd0c4f94296661978ad6444ac94fba9ec15725f6c4d103cef0f0bd
results/neuron_geometry_recovery_v1/cells/multiplicative_full_swiglu_s17_lr3000/reporting.json,1032,ec7b2cefe60cf9289a5a9c5c4f286df44700bcb539c112878de7490949671b2b
results/neuron_geometry_recovery_v1/cells/multiplicative_full_swiglu_s17_lr3000/training.json,141300,fe4e85b7ce6f5d5e87c671eac7095aa28291c0c77da5654e8f4d5cd9c6a6810c
results/neuron_geometry_recovery_v1/cells/multiplicative_full_swiglu_s29_lr1000/checkpoint.pt,4721057,62b830f0bc368a91c5321b03795ad99e07bb35e965c7a7a3f4f35f0b5a3fb72f
results/neuron_geometry_recovery_v1/cells/multiplicative_full_swiglu_s29_lr1000/reporting.json,1032,e78ba4a0b2489d75e25cbc9b811c732b332587a8614d118504a0671b62461d74
results/neuron_geometry_recovery_v1/cells/multiplicative_full_swiglu_s29_lr1000/training.json,141355,3a75f4d6a9f5754101874e4ce7f3bbfce883b5f0a1d12cd303cbc67ce7358080
results/neuron_geometry_recovery_v1/cells/multiplicative_full_swiglu_s29_lr3000/checkpoint.pt,4721057,afe93db887e80b00d0887db4fd017f55b6860213d1a5db970886a6c91eb72621
results/neuron_geometry_recovery_v1/cells/multiplicative_full_swiglu_s29_lr3000/reporting.json,1032,5d60a50944eaca015c5f81a1450bc9ca6c3f93edc784061d8c2dce0a77d93222
results/neuron_geometry_recovery_v1/cells/multiplicative_full_swiglu_s29_lr3000/training.json,141309,c1129cc798469ab7d22d33ff0b700cf81de5f20966890938857e958b9d1dcc85
results/neuron_geometry_recovery_v1/cells/multiplicative_full_swiglu_s43_lr1000/checkpoint.pt,4721057,1b6b08dc0b96cbeae93ce34d8eeca724c171c6639fbbc5e61d0fd70a0fae85fd
results/neuron_geometry_recovery_v1/cells/multiplicative_full_swiglu_s43_lr1000/reporting.json,1030,17efeb8526944be508b29ff5456905bfc37f05d289bcdc3a19cc3637f21938d0
results/neuron_geometry_recovery_v1/cells/multiplicative_full_swiglu_s43_lr1000/training.json,141296,2d68b9c43074c869c12b24ec6b5cc183bc211c6102fbd126e18139c2daeee67c
results/neuron_geometry_recovery_v1/cells/multiplicative_full_swiglu_s43_lr3000/checkpoint.pt,4721057,c26ae3ce5801b87773764962870d66efcc9e754c2fcbce334efc1ac6665cc516
results/neuron_geometry_recovery_v1/cells/multiplicative_full_swiglu_s43_lr3000/reporting.json,1033,88d5ddcf297e988fc8173e41392122cc4fab30ba513f2d11b49a2790999e5870
results/neuron_geometry_recovery_v1/cells/multiplicative_full_swiglu_s43_lr3000/training.json,141363,ebffac2880856a0ca2e86fb89699636bf5e6c29f622f6c9a34ad83d0f13b134d
results/neuron_geometry_recovery_v1/cells/multiplicative_gelu_offset_s17_lr1000/checkpoint.pt,1403297,3f688e2169f93dfda8bb92348de0909edf8ad4f0632b416326d218d90653a1d0
results/neuron_geometry_recovery_v1/cells/multiplicative_gelu_offset_s17_lr1000/reporting.json,1029,b99cce929bd6eede8bef967176481248239574bfa7c1feb4bc5061235ecfbf0e
results/neuron_geometry_recovery_v1/cells/multiplicative_gelu_offset_s17_lr1000/training.json,143099,d034696eeff0fc6f44eeb992256ebbd66cdeed9a6bf389d58b94bd7a658feb27
results/neuron_geometry_recovery_v1/cells/multiplicative_gelu_offset_s17_lr3000/checkpoint.pt,1403297,5b1ed61fd2c22f810c1b64bed84e026a86412d8dd980451f0cd375bbc67b1fe4
results/neuron_geometry_recovery_v1/cells/multiplicative_gelu_offset_s17_lr3000/reporting.json,1049,213f3821929c970bccbaa6c5bbe090c163604b7b2fe939e690dc79720276f93d
results/neuron_geometry_recovery_v1/cells/multiplicative_gelu_offset_s17_lr3000/training.json,143022,d191e8b2db0da2dc7aa7ebce439c0e40dce7609d8d3290f0b2002432d33ca009
results/neuron_geometry_recovery_v1/cells/multiplicative_gelu_offset_s29_lr1000/checkpoint.pt,1403297,8398a3a04490850e1f77480697f6e5f51a31a7527f031537d61970eaa05fac2d
results/neuron_geometry_recovery_v1/cells/multiplicative_gelu_offset_s29_lr1000/reporting.json,1030,ac6c4dfd5bc9fffb1408ac4e01e45830ab994f69d2c5a06f620b0ed9068296bf
results/neuron_geometry_recovery_v1/cells/multiplicative_gelu_offset_s29_lr1000/training.json,143083,dc7cd60aec38a8a0edb42c8610dcb245f15e23db4b48008048bb2f2b15c2603f
results/neuron_geometry_recovery_v1/cells/multiplicative_gelu_offset_s29_lr3000/checkpoint.pt,1403297,a1bc997845c117e2e0ef60a21b0687eee7ef458123de5f7aab1b7f8215cd108e
results/neuron_geometry_recovery_v1/cells/multiplicative_gelu_offset_s29_lr3000/reporting.json,1049,d94bcfca6eeb4369b2f5313a8cf4941ae619df8a23eadb9879d8de5d806d259f
results/neuron_geometry_recovery_v1/cells/multiplicative_gelu_offset_s29_lr3000/training.json,143088,f82b28e672e350d674f251bf00bc6882127a779ba4aa589b9544c50f514011c1
results/neuron_geometry_recovery_v1/cells/multiplicative_gelu_offset_s43_lr1000/checkpoint.pt,1403297,15c546bb1115259e0616392ff48c9d3f3484d7d8c84f47312630ffe942ecfd5f
results/neuron_geometry_recovery_v1/cells/multiplicative_gelu_offset_s43_lr1000/reporting.json,1030,23786f7c9e3b934834e3ac44531545dbd889a8f02543f5b571b86485be716114
results/neuron_geometry_recovery_v1/cells/multiplicative_gelu_offset_s43_lr1000/training.json,143057,ade4f2098fe3f072d63a21dd38618b20ea835b560a5491aa7484f3bdfa1ac5c9
results/neuron_geometry_recovery_v1/cells/multiplicative_gelu_offset_s43_lr3000/checkpoint.pt,1403297,741e17e652d58945eec1575271343c7b1c6cbc077e81b6a8c0ec6d8fb354635a
results/neuron_geometry_recovery_v1/cells/multiplicative_gelu_offset_s43_lr3000/reporting.json,1048,f48efb78fed6ed31396fb0d3cc016502b140a702b32e1c747a711ea3723b62e4
results/neuron_geometry_recovery_v1/cells/multiplicative_gelu_offset_s43_lr3000/training.json,143132,996986689307b4b8e5e40f0cb0a2b194e7519bafecf02d259714083e827a4431
results/neuron_geometry_recovery_v1/cells/multiplicative_groupsort_s17_lr1000/checkpoint.pt,1403109,e3b962609ff992d5bd90f39de34ea557bf35141f4ba8008baf8ea72bd6ba4650
results/neuron_geometry_recovery_v1/cells/multiplicative_groupsort_s17_lr1000/reporting.json,1016,459ab32f2aed315f8c8e8371f37c10945530149db3dbaf7172d255eab3c5c9f5
results/neuron_geometry_recovery_v1/cells/multiplicative_groupsort_s17_lr1000/training.json,140782,7e9ca5e91eb052b753cf146ffe69873703ad8beca3f6ec03cca6d9431a50a968
results/neuron_geometry_recovery_v1/cells/multiplicative_groupsort_s17_lr3000/checkpoint.pt,1403109,d6c266510d8e06742812d879db7cb7f6cfc42f02ac0832f480c5f3cc8c51fb26
results/neuron_geometry_recovery_v1/cells/multiplicative_groupsort_s17_lr3000/reporting.json,1018,78733249849adf8875c3d1b6bf245407e61fad74a9b1d940720cd14c3957795d
results/neuron_geometry_recovery_v1/cells/multiplicative_groupsort_s17_lr3000/training.json,140772,8f48665a214f193dd0c37a86a71d9ae528738b11022699a3050cdf5e57b8e8c4
results/neuron_geometry_recovery_v1/cells/multiplicative_groupsort_s29_lr1000/checkpoint.pt,1403109,4fd63a043e91859b6a3a70c615b8f1df3dfa3c3b60721e06d8aca2e77f3d81cf
results/neuron_geometry_recovery_v1/cells/multiplicative_groupsort_s29_lr1000/reporting.json,1015,3a955e3b99fe3003fd8f3f7ebe53dc646175b85f8d0f9ec111d7371c9e32bc7a
results/neuron_geometry_recovery_v1/cells/multiplicative_groupsort_s29_lr1000/training.json,140834,b433324782e16537761ab9433f16069b4d1a5356718a199586aab53c0dd6e737
results/neuron_geometry_recovery_v1/cells/multiplicative_groupsort_s29_lr3000/checkpoint.pt,1403109,b058f8615044f32482a8e58c7e6b566c730d2c3f49390c4056babbeb39850563
results/neuron_geometry_recovery_v1/cells/multiplicative_groupsort_s29_lr3000/reporting.json,1018,549545c415611be185efa218e5869e33834113e0e391aea45c80ea36b13511d4
results/neuron_geometry_recovery_v1/cells/multiplicative_groupsort_s29_lr3000/training.json,140742,fdcf82449205408e6a23ba15b2ac3a0c8a282724b70c7807b2da63ba04b4bdcf
results/neuron_geometry_recovery_v1/cells/multiplicative_groupsort_s43_lr1000/checkpoint.pt,1403109,b9baad3b4c68bd33ecde7de2be52e69e3c7c58ccbe7b13acd996fc5dcab8c702
results/neuron_geometry_recovery_v1/cells/multiplicative_groupsort_s43_lr1000/reporting.json,1015,2b1d6253f9b264768be29d77db17104daa565f88abfb049466a5530b51d0fe03
results/neuron_geometry_recovery_v1/cells/multiplicative_groupsort_s43_lr1000/training.json,140900,e41d2f3275815364361b0465698383208ddac297fd6dd2dfdf3cfee8ed90de12
results/neuron_geometry_recovery_v1/cells/multiplicative_groupsort_s43_lr3000/checkpoint.pt,1403109,9453e56b72b80fc736131b2b9c4f43c781cb38c359c1c7edb9516f519d5873f3
results/neuron_geometry_recovery_v1/cells/multiplicative_groupsort_s43_lr3000/reporting.json,1032,08d6c92fe715061a48affe6647d117f942cf161e480daefa6ae2311e2240a285
results/neuron_geometry_recovery_v1/cells/multiplicative_groupsort_s43_lr3000/training.json,140765,6b72ed4fa4f65ff171444889915a777964854d069fdd83057bc344fcd9df4b1d
results/neuron_geometry_recovery_v1/cells/multiplicative_linear_s17_lr1000/checkpoint.pt,1403109,5fed76e99da6815fb7aecc3b0f6e27b4f464cc9f367c71bf7e428a09f772bc6a
results/neuron_geometry_recovery_v1/cells/multiplicative_linear_s17_lr1000/reporting.json,1004,39e1ddae1f22c65ab55b1c919f33bba5b8012f64beddf4e4571d74549fbdac88
results/neuron_geometry_recovery_v1/cells/multiplicative_linear_s17_lr1000/training.json,141131,8ed7164ccb0ae6588de69393d512b20d1a28699545562aec1bdbfb26ed7b2bf7
results/neuron_geometry_recovery_v1/cells/multiplicative_linear_s17_lr3000/checkpoint.pt,1403109,6bc810b828f4d527a0c41cd059cf4736c8d2850a6afbfc1fc40a574efb0e67ad
results/neuron_geometry_recovery_v1/cells/multiplicative_linear_s17_lr3000/reporting.json,1005,c5715427834c73a822315d9f0afad26eb8fba999574fdd221f36a09fdea0aa62
results/neuron_geometry_recovery_v1/cells/multiplicative_linear_s17_lr3000/training.json,141053,3528962380ff1c051202d385fb771ab6b75dfb5f588bd5ad35c380ca009c4cc3
results/neuron_geometry_recovery_v1/cells/multiplicative_linear_s29_lr1000/checkpoint.pt,1403109,ec3fc2a6d98558007bf8dab1ac85dd71b6c2c6affa82750abee8689cf4414806
results/neuron_geometry_recovery_v1/cells/multiplicative_linear_s29_lr1000/reporting.json,1005,18e2ed2695a92c32a953a5a1c8514fd50815a0e331431109e569b0a7fa9eb793
results/neuron_geometry_recovery_v1/cells/multiplicative_linear_s29_lr1000/training.json,141078,6ca9e75c8a98d9da005a9660e398529d0b88184e298b2460dc57f551e3f1c5e8
results/neuron_geometry_recovery_v1/cells/multiplicative_linear_s29_lr3000/checkpoint.pt,1403109,9c8ac8daa4b2cdbf2903d23535e7f39db63a9e57483c74f0ffb001fca5596553
results/neuron_geometry_recovery_v1/cells/multiplicative_linear_s29_lr3000/reporting.json,1008,95039807a89f9b6ab11f881a82354bd3c4a811f701757b671561cedba6b95d31
results/neuron_geometry_recovery_v1/cells/multiplicative_linear_s29_lr3000/training.json,141170,36ae552d95e46321194dc1597e33fa2c170f56e6d52a4d8b2908688b8776c308
results/neuron_geometry_recovery_v1/cells/multiplicative_linear_s43_lr1000/checkpoint.pt,1403109,c5d281f0d879ef1ee5b1f3138e00f4ece6f80a78c652364b4750ab5d2fe61f37
results/neuron_geometry_recovery_v1/cells/multiplicative_linear_s43_lr1000/reporting.json,1006,e9fff82736538f4b36aadc6b64278ac2bbd285a0102b52ff84e0b01fad1f498b
results/neuron_geometry_recovery_v1/cells/multiplicative_linear_s43_lr1000/training.json,141241,f49ef34f639dab4fab506721e6934e20fef2f4d4ad986e2a14a745fc174d36fb
results/neuron_geometry_recovery_v1/cells/multiplicative_linear_s43_lr3000/checkpoint.pt,1403109,c590b5407acafa74a4a3ef8077f0a863076f5d77096264911984432af4a10bfd
results/neuron_geometry_recovery_v1/cells/multiplicative_linear_s43_lr3000/reporting.json,1004,cbc11e175920ee0e89192f43ea5d2a4fecc94a5aea499487779daa724f7ab9d4
results/neuron_geometry_recovery_v1/cells/multiplicative_linear_s43_lr3000/training.json,141029,52b351987f0f93df6da9aa51cfbe80e82db508e76da665deec78c3ddfb8b1c2b
results/neuron_geometry_recovery_v1/cells/multiplicative_narrow_gelu_s17_lr1000/checkpoint.pt,1403109,1a8777f63031488aa7eedda9da1f22c0677150d5e7a9d6480a56faf8453a3ac1
results/neuron_geometry_recovery_v1/cells/multiplicative_narrow_gelu_s17_lr1000/reporting.json,1022,35aae68bba5ba4344d05ac23e9e1b00cd4e9e16086aa0f6daef13f7979d498ab
results/neuron_geometry_recovery_v1/cells/multiplicative_narrow_gelu_s17_lr1000/training.json,141026,bcb1404eea3d15b8ff77c3c90900bc7c797f4757b6ba6867c93578bb14775138
results/neuron_geometry_recovery_v1/cells/multiplicative_narrow_gelu_s17_lr3000/checkpoint.pt,1403109,7daa567b0db7df5d5f6dcfe204b311b8a719ac09c78508eb1061977f85ef5839
results/neuron_geometry_recovery_v1/cells/multiplicative_narrow_gelu_s17_lr3000/reporting.json,1022,b7b24abaf1ffff47f7f9edd36903fdf087d5333cbe881ca28cc2031bda40ef22
results/neuron_geometry_recovery_v1/cells/multiplicative_narrow_gelu_s17_lr3000/training.json,141030,00fd13b7630898acd4768d0eea92864764ada7da47e36b8fb7e1979c208d1fb6
results/neuron_geometry_recovery_v1/cells/multiplicative_narrow_gelu_s29_lr1000/checkpoint.pt,1403109,768f844784fedae55e069b22d575bbde8790263bd3aa8ed9ba8a1842c9fbf60b
results/neuron_geometry_recovery_v1/cells/multiplicative_narrow_gelu_s29_lr1000/reporting.json,1020,52ed4d36dc91496d86beef17f1f14b8be6c7a95856b931e4c516c815d918cd4d
results/neuron_geometry_recovery_v1/cells/multiplicative_narrow_gelu_s29_lr1000/training.json,141018,b8e595fd3e95fde23e9dd2b83a1b5edd702c960f74508c928eabf6adf7a3b04f
results/neuron_geometry_recovery_v1/cells/multiplicative_narrow_gelu_s29_lr3000/checkpoint.pt,1403109,565fb6266fbcc4a0880c5812e4034d0bd5ed7b8ea6f315e44e6409765f18e38a
results/neuron_geometry_recovery_v1/cells/multiplicative_narrow_gelu_s29_lr3000/reporting.json,1022,e3a000dae4536c15a8568172fbe57580a7b4a534eade2260f3675e4255722ad1
results/neuron_geometry_recovery_v1/cells/multiplicative_narrow_gelu_s29_lr3000/training.json,140992,b074376b9ff06265c6319346359716ad3c44b93e40eb45f283f6eaa1af52396b
results/neuron_geometry_recovery_v1/cells/multiplicative_narrow_gelu_s43_lr1000/checkpoint.pt,1403109,c08f27a816acd01d8b62bf4c89f961e89a4d4c17388ed642b2f2ed2bcd7bdc79
results/neuron_geometry_recovery_v1/cells/multiplicative_narrow_gelu_s43_lr1000/reporting.json,1018,2e6318963f34886b030c83aea1a04756c330d20b0f02a8aaa75db23250edaf74
results/neuron_geometry_recovery_v1/cells/multiplicative_narrow_gelu_s43_lr1000/training.json,140953,a0b9fdbfe8c2cca186bac5dc42e4d7d1f03025d043fa0a51d4e90d4478c6bb45
results/neuron_geometry_recovery_v1/cells/multiplicative_narrow_gelu_s43_lr3000/checkpoint.pt,1403109,e40d019fc01af2706a4d552a08258f95553dee3dee5ba6b14383fa018b15d1d6
results/neuron_geometry_recovery_v1/cells/multiplicative_narrow_gelu_s43_lr3000/reporting.json,1021,16f1760841ec2700839f02d3cb3cb283db031538a37f7401a0676b281a7cce92
results/neuron_geometry_recovery_v1/cells/multiplicative_narrow_gelu_s43_lr3000/training.json,140965,0ad6b6a6a97a8bf74f6076a439e5ecf95c217971a3b10932b09db445ab9c7dd3
results/neuron_geometry_recovery_v1/cells/multiplicative_narrow_relu_s17_lr1000/checkpoint.pt,1403109,3c4527ead797f09c72f288bc985c61a9788b158dd8e1d55fa3eab46943ef0ede
results/neuron_geometry_recovery_v1/cells/multiplicative_narrow_relu_s17_lr1000/reporting.json,1020,416eddd15b731ab609b60f63bfccb12a0902a527517c12d2380988a662addc61
results/neuron_geometry_recovery_v1/cells/multiplicative_narrow_relu_s17_lr1000/training.json,140991,0ba102447d3a9bf91b3d923d6a89703885c27bb7644dd861d1f3da4ced50e981
results/neuron_geometry_recovery_v1/cells/multiplicative_narrow_relu_s17_lr3000/checkpoint.pt,1403109,7818c3a587e06601c7a4295e9d6234f5c6aa9bc1840c7acd76f9f822390b6350
results/neuron_geometry_recovery_v1/cells/multiplicative_narrow_relu_s17_lr3000/reporting.json,1041,0dc7c5d8542ef3cdac79b915d9c3090000d255160a2ce62b9ccba954e48126db
results/neuron_geometry_recovery_v1/cells/multiplicative_narrow_relu_s17_lr3000/training.json,141034,1a2d999a651a5184849d74b12ee450520f155aa7306ba035b6371aca9b5474ae
results/neuron_geometry_recovery_v1/cells/multiplicative_narrow_relu_s29_lr1000/checkpoint.pt,1403109,8cf82cce4a2ed52a3b07d318880f16bb2818de0a1e4a13601a14dae6974d408a
results/neuron_geometry_recovery_v1/cells/multiplicative_narrow_relu_s29_lr1000/reporting.json,1021,97bab27d2e699d0564a5c62cdea4b721a4f5de48c3550dcdfb9aaf32890ba077
results/neuron_geometry_recovery_v1/cells/multiplicative_narrow_relu_s29_lr1000/training.json,141033,22c358c99bea6e30ba3215f58fa5af20cb75f4c4fb43820a0f9193e9caad73d2
results/neuron_geometry_recovery_v1/cells/multiplicative_narrow_relu_s29_lr3000/checkpoint.pt,1403109,738ec82425467a07408360e402db8eb3f6c0dc831e57eae475d03cef0f991955
results/neuron_geometry_recovery_v1/cells/multiplicative_narrow_relu_s29_lr3000/reporting.json,1040,5de780b6ff1877dec5be02bac433c10d571aea7d057c4e3160f7aede1862d627
results/neuron_geometry_recovery_v1/cells/multiplicative_narrow_relu_s29_lr3000/training.json,141047,c6e58d01377f7c5b89c6f3e4efade32d9805fb7a25dec040204d8f2167f91e83
results/neuron_geometry_recovery_v1/cells/multiplicative_narrow_relu_s43_lr1000/checkpoint.pt,1403109,da1f7ba791f80eede42fdc6cea181fd5ab10cdd22f1cf622a5c004767e8ba8cc
results/neuron_geometry_recovery_v1/cells/multiplicative_narrow_relu_s43_lr1000/reporting.json,1020,b050f02db7ed7a92ebf3ffbae8af1a201d63e71ec52d46e7d8565ad6d1d996c6
results/neuron_geometry_recovery_v1/cells/multiplicative_narrow_relu_s43_lr1000/training.json,140986,015e3b51d4d43ba1ff7ab35926e12eb3622740e3fca4618dc69b2ed56ccf898a
results/neuron_geometry_recovery_v1/cells/multiplicative_narrow_relu_s43_lr3000/checkpoint.pt,1403109,7ade8d9c7754f712606d134d86bfd12db8de86abb0448b158a752dae4d3c7a9d
results/neuron_geometry_recovery_v1/cells/multiplicative_narrow_relu_s43_lr3000/reporting.json,1039,fec661a320cd542afe537a308a3ff327d0caef70df878e5c82bde19c2d9529de
results/neuron_geometry_recovery_v1/cells/multiplicative_narrow_relu_s43_lr3000/training.json,140991,dbe8eb4ddef49c51cf7b9a32fb3b8011fe5e10ac470b9d7a6eb8f11c4f00fbe0
results/neuron_geometry_recovery_v1/cells/multiplicative_narrow_swiglu_s17_lr1000/checkpoint.pt,1403297,4f41773c02b98284773a20ad180f76078b52741f92df175b473fb4544d7173f5
results/neuron_geometry_recovery_v1/cells/multiplicative_narrow_swiglu_s17_lr1000/reporting.json,1035,112d4644f94f58df1e2e42175f87878d79dbe56ba4cb99a4228dc6ccb5362814
results/neuron_geometry_recovery_v1/cells/multiplicative_narrow_swiglu_s17_lr1000/training.json,141574,6603bc1c33c24038c15807410dccb26b5a1b9709c3de836598bb745e58ecef38
results/neuron_geometry_recovery_v1/cells/multiplicative_narrow_swiglu_s17_lr3000/checkpoint.pt,1403297,63a17f77cd25ae3ace87db4d343f155a5a36de402d1bd685601072e65b197c5c
results/neuron_geometry_recovery_v1/cells/multiplicative_narrow_swiglu_s17_lr3000/reporting.json,1034,66a96d6d1b7e162c5a46dd2b2c791c8e5bf7ea51e2008313ba8eaca69fdd398d
results/neuron_geometry_recovery_v1/cells/multiplicative_narrow_swiglu_s17_lr3000/training.json,141447,03a4495716d7832c7d42ca5f065b2a06fd7822b03f7c7e7301d4f282843509e5
results/neuron_geometry_recovery_v1/cells/multiplicative_narrow_swiglu_s29_lr1000/checkpoint.pt,1403297,74a18f25d22b0cdc0f153139d0989c46dbb339d1708c6aca2b493897d0f1f59a
results/neuron_geometry_recovery_v1/cells/multiplicative_narrow_swiglu_s29_lr1000/reporting.json,1037,935bf36a7ecc2bb30574e92a298b5775109ca8090e8804c996c70088acb62637
results/neuron_geometry_recovery_v1/cells/multiplicative_narrow_swiglu_s29_lr1000/training.json,141530,80f1d43b206f0117dfd0d9a44d0b112210a027f1cf27591bc5824bbec623d795
results/neuron_geometry_recovery_v1/cells/multiplicative_narrow_swiglu_s29_lr3000/checkpoint.pt,1403297,fb4c337bf2ee2f6d638bf449bde4c3aae374f5ac23540a8086bb57d67ee984d7
results/neuron_geometry_recovery_v1/cells/multiplicative_narrow_swiglu_s29_lr3000/reporting.json,1034,b73c2b15bad966f5b5ae28755d27790dc1fce47b349869c361d3bf78db9682ba
results/neuron_geometry_recovery_v1/cells/multiplicative_narrow_swiglu_s29_lr3000/training.json,141449,fa46c4d6ef9e2b0ad924f2f3b5b14f2929e84603e92b9d8fdf4d845957a0827c
results/neuron_geometry_recovery_v1/cells/multiplicative_narrow_swiglu_s43_lr1000/checkpoint.pt,1403297,8df47799124687f0cc4cdd09dfb42b258ab5e613abdcac9ef6168789ebfd4bdf
results/neuron_geometry_recovery_v1/cells/multiplicative_narrow_swiglu_s43_lr1000/reporting.json,1033,b185ca014d90b3736a0eedce52dd06234a9657eee8762b6bf8271726afb59e08
results/neuron_geometry_recovery_v1/cells/multiplicative_narrow_swiglu_s43_lr1000/training.json,141530,7e88717a3d022c224776d61d66fce7a0574fd30c2b2b76e2368da951267ede77
results/neuron_geometry_recovery_v1/cells/multiplicative_narrow_swiglu_s43_lr3000/checkpoint.pt,1403297,2cfe3dde278afa6f987b04cce7a8ec250fa18c8d5293d9d9a4b675b037850b82
results/neuron_geometry_recovery_v1/cells/multiplicative_narrow_swiglu_s43_lr3000/reporting.json,1037,85772dcd541c130ffdd545af45f385f8308f74c4ec0eb1ae25ed47dabc8a648f
results/neuron_geometry_recovery_v1/cells/multiplicative_narrow_swiglu_s43_lr3000/training.json,141354,2fdea05a202ecc300c588b5df38c4f545b05239fafefa20a2a897291dc95617d
results/neuron_geometry_recovery_v1/cells/multiplicative_twist_fixed_s17_lr1000/checkpoint.pt,1403297,90bea37595f89dc45346871fd0b86032d4c19d683ef3e5ed9837a09f5e871b60
results/neuron_geometry_recovery_v1/cells/multiplicative_twist_fixed_s17_lr1000/reporting.json,1037,1f3feee738747ffceba82711b38c7b57b9e13e38fe1eb676f766b4ebdc80eabe
results/neuron_geometry_recovery_v1/cells/multiplicative_twist_fixed_s17_lr1000/training.json,141989,87880dcbdad0abb63f6920592919742aeeed349508fffb2c57df3bf31693ec96
results/neuron_geometry_recovery_v1/cells/multiplicative_twist_fixed_s17_lr3000/checkpoint.pt,1403297,55003638c87b2e0829458c29e97038700ba34b30513c1a7c1a27195b8d8b8e66
results/neuron_geometry_recovery_v1/cells/multiplicative_twist_fixed_s17_lr3000/reporting.json,1022,9c3fd6aef7f7a7fc11d51e6a9418ac96f5a9d8a8face5585840d028bd652f229
results/neuron_geometry_recovery_v1/cells/multiplicative_twist_fixed_s17_lr3000/training.json,142026,a38647b0ce168790fc09d78aad94bbbc4cf54cb0cc742eef756d9a49645a107e
results/neuron_geometry_recovery_v1/cells/multiplicative_twist_fixed_s29_lr1000/checkpoint.pt,1403297,0943c49ca508a2f27737c2c09772674e923e4bcd73e3abfb8831a877800c37be
results/neuron_geometry_recovery_v1/cells/multiplicative_twist_fixed_s29_lr1000/reporting.json,1037,71865850baa5fec8af99a5e544e5ee437597282fc3066d691707931eaf9c0815
results/neuron_geometry_recovery_v1/cells/multiplicative_twist_fixed_s29_lr1000/training.json,141966,75646b1a2b0840488f90f5fbaaa629deafabdc222196cfcc1395f781b25eacc7
results/neuron_geometry_recovery_v1/cells/multiplicative_twist_fixed_s29_lr3000/checkpoint.pt,1403297,5b22f0933edb989f42001ccee2c561c7bf2d093d5879c4b4caa47449f733005d
results/neuron_geometry_recovery_v1/cells/multiplicative_twist_fixed_s29_lr3000/reporting.json,1038,1de8c8505dadc1cb362c8e277501681cc58ce2cb7b08a51a1f98690f73284b89
results/neuron_geometry_recovery_v1/cells/multiplicative_twist_fixed_s29_lr3000/training.json,141964,75808cc039d42ff0222662cf153a3118441093f9919c81d8bdcbb06cdf7ba07b
results/neuron_geometry_recovery_v1/cells/multiplicative_twist_fixed_s43_lr1000/checkpoint.pt,1403297,bedfb9bcdc883bbf2c5bd2fd0e6d05208abb86ccc486568d04a520cd28e29506
results/neuron_geometry_recovery_v1/cells/multiplicative_twist_fixed_s43_lr1000/reporting.json,1037,564d0ec342f2b3b91d4d6c4b1541dc2ade978648bf85ebaf0590c51bf86d4c28
results/neuron_geometry_recovery_v1/cells/multiplicative_twist_fixed_s43_lr1000/training.json,142058,2d5de3bfc3b597d73505eb9e504ae85dad2357f6ee8874c2798ef28030ebf040
results/neuron_geometry_recovery_v1/cells/multiplicative_twist_fixed_s43_lr3000/checkpoint.pt,1403297,23d32d98f9b41f313d770f65d8c9be723415ea94a42ac4d0ec3c4e08d4961896
results/neuron_geometry_recovery_v1/cells/multiplicative_twist_fixed_s43_lr3000/reporting.json,1039,c5ab28205053f406d95f3001d553cfbe1c2b761ddfad8171d1cfc87cdd1d73ae
results/neuron_geometry_recovery_v1/cells/multiplicative_twist_fixed_s43_lr3000/training.json,142049,aecfc05a5dbc87f66511eefdbade32a81503ec522379400c364bd5fb9a3ebb60
results/neuron_geometry_recovery_v1/cells/multiplicative_twist_identity_s17_lr1000/checkpoint.pt,1403297,b0325fc65f4eba807b49e7f67556e69a19c0f5ba7852a2ec26ac15cf99490f2d
results/neuron_geometry_recovery_v1/cells/multiplicative_twist_identity_s17_lr1000/reporting.json,1038,e558dd8e7d779d9d5bdf2263a4df72b52e10df256de5151198e3b4aff3acc07f
results/neuron_geometry_recovery_v1/cells/multiplicative_twist_identity_s17_lr1000/training.json,142357,1a0ca20b6b31aa5da889ef264716ebfcb53b8eb03dda5140e5f6f90c58d84295
results/neuron_geometry_recovery_v1/cells/multiplicative_twist_identity_s17_lr3000/checkpoint.pt,1403297,0619e7f3f2a1d9871a1ff98f9d858079a813bf668d1ed8d8f650d34c75c069ae
results/neuron_geometry_recovery_v1/cells/multiplicative_twist_identity_s17_lr3000/reporting.json,1039,dd4117263e28551c006b338e7fb3fa667be98c4e34df9215de5c8835a4eb207a
results/neuron_geometry_recovery_v1/cells/multiplicative_twist_identity_s17_lr3000/training.json,142432,f102d6a41722b0f8f8ea2b6e96f6ba9ffc82beca78cfa61c88c7b0620b7db746
results/neuron_geometry_recovery_v1/cells/multiplicative_twist_identity_s29_lr1000/checkpoint.pt,1403297,9c916a5f8bf6f9a7bb0b80ddf34ac0e368cdefbaf673110b23a894095fb0e8cb
results/neuron_geometry_recovery_v1/cells/multiplicative_twist_identity_s29_lr1000/reporting.json,1037,01f9af90e9f30844d3aa67b258c7e925e6720d44a23f906a7fe4bc2fd0c061d8
results/neuron_geometry_recovery_v1/cells/multiplicative_twist_identity_s29_lr1000/training.json,142424,248e801e9b1bb94fbaf481dd66fb15dd26a3d21cd5fee4bc546928613d3e52ce
results/neuron_geometry_recovery_v1/cells/multiplicative_twist_identity_s29_lr3000/checkpoint.pt,1403297,f3f26499e4c84861cab2b74824eddbe4b2c8210995a0ed408713eecf45d9d624
results/neuron_geometry_recovery_v1/cells/multiplicative_twist_identity_s29_lr3000/reporting.json,1039,4aadeb9e38739c9e610f1b007b5bfd61d5679279883f8438b07f18c13b97a7e0
results/neuron_geometry_recovery_v1/cells/multiplicative_twist_identity_s29_lr3000/training.json,142361,75bc2e102c512d7196a77c1281d676d7041801f5e33fbed3c6022c336daca043
results/neuron_geometry_recovery_v1/cells/multiplicative_twist_identity_s43_lr1000/checkpoint.pt,1403297,769c7777376c12c30f0decb8b28c1978f756786f72f668e6c2737b5e567101c7
results/neuron_geometry_recovery_v1/cells/multiplicative_twist_identity_s43_lr1000/reporting.json,1038,346bfe0af7ee41717c957dae65317e7ac55da01263e47c0bbc9d9a3e97159fc0
results/neuron_geometry_recovery_v1/cells/multiplicative_twist_identity_s43_lr1000/training.json,142418,290c8b278a990ba5c0ee90bdb4f388989e4974081532a6659b3ad490dd47de93
results/neuron_geometry_recovery_v1/cells/multiplicative_twist_identity_s43_lr3000/checkpoint.pt,1403297,0c324bad9e1e6159b68f73892629491433b2b879d11a1c0fbdfbdebc055b0b50
results/neuron_geometry_recovery_v1/cells/multiplicative_twist_identity_s43_lr3000/reporting.json,1037,5f93c66a9760099e870db6936564a0d3d42a01dba6107472d3fea91866196a23
results/neuron_geometry_recovery_v1/cells/multiplicative_twist_identity_s43_lr3000/training.json,142420,4f8d96d76abbe5140c4933537c7c0c7a4ae7adee1b956ebcf2e460c922b2d5f9
results/neuron_geometry_recovery_v1/cells/multiplicative_twist_learned_s17_lr1000/checkpoint.pt,1403297,7b8bf66ba8c1e2c0dcf1e74cad945d2042d30560e7cfbd3db3652bc44e65cb62
results/neuron_geometry_recovery_v1/cells/multiplicative_twist_learned_s17_lr1000/reporting.json,1051,7d62e3d3ca379f0c74c6d945375b40b634f537bb2906f01883e3224517b3f00d
results/neuron_geometry_recovery_v1/cells/multiplicative_twist_learned_s17_lr1000/training.json,142335,c6005372109a498d2496270cfaafa56193c5ff03276d5496a627ae13d4a217bc
results/neuron_geometry_recovery_v1/cells/multiplicative_twist_learned_s17_lr3000/checkpoint.pt,1403297,24cb72fd9a377e1e2c73d2b5f29d45e8beeda39d3e0a9689c16fb7f832dfcb55
results/neuron_geometry_recovery_v1/cells/multiplicative_twist_learned_s17_lr3000/reporting.json,1051,adfc8cb1896ca06320b36402d39b063f1361caf63a4eba37a87cb9edb4083f41
results/neuron_geometry_recovery_v1/cells/multiplicative_twist_learned_s17_lr3000/training.json,142448,52d803e0476baf878e8bac2fd3b4b6f59d0cfd4f6b9430110bc72da764a71f9f
results/neuron_geometry_recovery_v1/cells/multiplicative_twist_learned_s29_lr1000/checkpoint.pt,1403297,fb9a372c6123c692ed257e9a033b6f9db55665849de6e8dae25d7bf5e64edfd7
results/neuron_geometry_recovery_v1/cells/multiplicative_twist_learned_s29_lr1000/reporting.json,1051,01d655be84caf84d63cef4b5fee3da43f23d47c9bacb009ea19bcf08ad32113c
results/neuron_geometry_recovery_v1/cells/multiplicative_twist_learned_s29_lr1000/training.json,142337,fe57220ed94a002e06524061d49b5999afc82dfe1950ea596f7770af1c8996be
results/neuron_geometry_recovery_v1/cells/multiplicative_twist_learned_s29_lr3000/checkpoint.pt,1403297,13b8288979e1d8ef92b19483a8499b5925bad7254ebec1b29e81bec75a02c222
results/neuron_geometry_recovery_v1/cells/multiplicative_twist_learned_s29_lr3000/reporting.json,1051,02995c08ad566056c08034361901d0128b9bafd2d0b37c9612492ccbfd310514
results/neuron_geometry_recovery_v1/cells/multiplicative_twist_learned_s29_lr3000/training.json,142419,ecbc62aa5b7a49708c9e3def9b2d610813ec0de5c06fe676fa176fa63c551627
results/neuron_geometry_recovery_v1/cells/multiplicative_twist_learned_s43_lr1000/checkpoint.pt,1403297,d54a4c65472bfe020aedada4f7f68fc824c1651b32ae0903d70150429e831b4b
results/neuron_geometry_recovery_v1/cells/multiplicative_twist_learned_s43_lr1000/reporting.json,1052,b650fc1b082f95d005a99d251f6af51c56f9a24f9ae8150030ff10d4245d6149
results/neuron_geometry_recovery_v1/cells/multiplicative_twist_learned_s43_lr1000/training.json,142381,4ef90a9cb5e0452bc7728335b328f026cecb7dad8c84b03d58e915d59f076b1e
results/neuron_geometry_recovery_v1/cells/multiplicative_twist_learned_s43_lr3000/checkpoint.pt,1403297,c318dc2f5e75140bb6d856413ea2b4b24ee2ab7472bae97afc2b3af237dd75a9
results/neuron_geometry_recovery_v1/cells/multiplicative_twist_learned_s43_lr3000/reporting.json,1052,c9729d0a988ecca7bd5d29de552004dfb9e1c2f615e26887f589b3f3fe0837e6
results/neuron_geometry_recovery_v1/cells/multiplicative_twist_learned_s43_lr3000/training.json,142392,5bfd5e97bc0c569150203d053d721dbfcb789dccdd61618447a4c239990251a0
results/neuron_geometry_recovery_v1/cells/oscillatory_bezier_1p_s17_lr1000/checkpoint.pt,1403297,c22755fb724bc30c553ed361baf19484b3e91fe8caa6bd29c7f2c351dc38b4ed
results/neuron_geometry_recovery_v1/cells/oscillatory_bezier_1p_s17_lr1000/reporting.json,1015,ea270df5a9f5358d8a0ab4f8184ac6a583faa1e2e3f6e7a95d29fed8b3996fb1
results/neuron_geometry_recovery_v1/cells/oscillatory_bezier_1p_s17_lr1000/training.json,142291,8daca1b63a6835d9d37c5fcdaeae2f26c684c0e44361e062d871c7e275f7ae08
results/neuron_geometry_recovery_v1/cells/oscillatory_bezier_1p_s17_lr3000/checkpoint.pt,1403297,148452d0b41e95bc9baa10ecd5f5b2296a02e8fe248adf1c3904305036fac89d
results/neuron_geometry_recovery_v1/cells/oscillatory_bezier_1p_s17_lr3000/reporting.json,1033,54db54108025139017b305f93b7361214f3851730900195f8807609ff3d80514
results/neuron_geometry_recovery_v1/cells/oscillatory_bezier_1p_s17_lr3000/training.json,142203,380703364aa891a635363658b441b83e041d9e52b451d52fe87a266711956821
results/neuron_geometry_recovery_v1/cells/oscillatory_bezier_1p_s29_lr1000/checkpoint.pt,1403297,7a58c5e2491bdbd2556cf2053d3f43b158ad62fc56527e46f9df87931be12885
results/neuron_geometry_recovery_v1/cells/oscillatory_bezier_1p_s29_lr1000/reporting.json,1011,748fc007013ade0100d127e450a9e8bb961e566820c8ace008ad797279a70aab
results/neuron_geometry_recovery_v1/cells/oscillatory_bezier_1p_s29_lr1000/training.json,142225,3744a651cdb48eda5872e7159567ceafe1e1cf6b58a5bafb9d90d0dd75f22bff
results/neuron_geometry_recovery_v1/cells/oscillatory_bezier_1p_s29_lr3000/checkpoint.pt,1403297,cf089b7e2e2f2bb6fec0bb8ac4d11e0d53b8013f1d99134b7ebfa6964acd075a
results/neuron_geometry_recovery_v1/cells/oscillatory_bezier_1p_s29_lr3000/reporting.json,1032,4ae21d93f235fe7d41eabf71ff1d5e38dc801b97dc6f7910cee92ed8c9c17ba4
results/neuron_geometry_recovery_v1/cells/oscillatory_bezier_1p_s29_lr3000/training.json,142206,d319a7c33d38415463ae10cc8a84815a6e64e879e44c292976d0a9c8fc6463f1
results/neuron_geometry_recovery_v1/cells/oscillatory_bezier_1p_s43_lr1000/checkpoint.pt,1403297,1ad1e95a8334aa265d5e066a0c477a4a395ba5f4b769f59bfe674f2e85885d17
results/neuron_geometry_recovery_v1/cells/oscillatory_bezier_1p_s43_lr1000/reporting.json,1015,772a985b7f25eeefc8895b454285766408d1fd0248449a06b4c80842aeeea964
results/neuron_geometry_recovery_v1/cells/oscillatory_bezier_1p_s43_lr1000/training.json,142253,e058efac64abf1b143fb002709024180d6ee7a1f86575dc1bdf4751c51c03427
results/neuron_geometry_recovery_v1/cells/oscillatory_bezier_1p_s43_lr3000/checkpoint.pt,1403297,46bc0c806b16e600faca749396d9dda44018568a787ef6e6d8a47760a2bde263
results/neuron_geometry_recovery_v1/cells/oscillatory_bezier_1p_s43_lr3000/reporting.json,1032,448865ff80aaae5c50c038792e98d446b24d30e5f7c0d6b54158686aa9717d47
results/neuron_geometry_recovery_v1/cells/oscillatory_bezier_1p_s43_lr3000/training.json,142169,8648d2173d8fd841d6bed21c3f22795541ed106f912f71c68e3a811dadb57436
results/neuron_geometry_recovery_v1/cells/oscillatory_bump_2p_s17_lr1000/checkpoint.pt,1403297,51ccf7ccc6ed1d2103abdeeb85ac6e41d95b67598c32df3329384c0d8fc6e64f
results/neuron_geometry_recovery_v1/cells/oscillatory_bump_2p_s17_lr1000/reporting.json,1006,5f2a7e09f3f18e312cd299787fc74e90e3a222bd56942607d447af68334553cd
results/neuron_geometry_recovery_v1/cells/oscillatory_bump_2p_s17_lr1000/training.json,144512,a2ead56dd405c919a96c7990ec1d894f902cf63a982074e3bae1932273688a47
results/neuron_geometry_recovery_v1/cells/oscillatory_bump_2p_s17_lr3000/checkpoint.pt,1403297,f63273f1669c0099cb617fdb7d83a92f5b1b526c56dcd5ac805277401b3a0e70
results/neuron_geometry_recovery_v1/cells/oscillatory_bump_2p_s17_lr3000/reporting.json,1027,426662841ad8cbf6b3290ae697657cebc344cd11e85056a7eb28a6fd2b158cdc
results/neuron_geometry_recovery_v1/cells/oscillatory_bump_2p_s17_lr3000/training.json,144530,58e5fecab0f426d8e2d352ba5d91ff034216b441635af81f6fc210a4eb6db86d
results/neuron_geometry_recovery_v1/cells/oscillatory_bump_2p_s29_lr1000/checkpoint.pt,1403297,22947e7f7ac9ebe88fd3905a2e943dd78c474d9c2025bd0d5c71a6cbacbda0dd
results/neuron_geometry_recovery_v1/cells/oscillatory_bump_2p_s29_lr1000/reporting.json,1008,cd3e69b564b9fb51fe0415d4cbe036ab63f346f503a1294d7bf4ce902c64b9cc
results/neuron_geometry_recovery_v1/cells/oscillatory_bump_2p_s29_lr1000/training.json,144603,00ea3b459859f5363c407fa23a8e0bff48aeca32ad709f4c3d4b62e18894ff69
results/neuron_geometry_recovery_v1/cells/oscillatory_bump_2p_s29_lr3000/checkpoint.pt,1403297,2b23268e0785540b82871aaa35085775d77445fdf4004f3b6e09d399c14e0e76
results/neuron_geometry_recovery_v1/cells/oscillatory_bump_2p_s29_lr3000/reporting.json,1027,ba21328657f4bf4a83dd03263197ce92f9ac3f2fd007d730e36357fb04cf2658
results/neuron_geometry_recovery_v1/cells/oscillatory_bump_2p_s29_lr3000/training.json,144533,522097a3e406535f3740f4337b4e2da4255cd060058c2cee5e8e9cedae543c76
results/neuron_geometry_recovery_v1/cells/oscillatory_bump_2p_s43_lr1000/checkpoint.pt,1403297,ab456200e9295870bf6aaee6fbc737487d5daf6460edefe50113d57596cb5529
results/neuron_geometry_recovery_v1/cells/oscillatory_bump_2p_s43_lr1000/reporting.json,1005,153fc71c53cf20327e0d0b0bad8ac5b4c00faaba11febbc493ad84c0efeb0e05
results/neuron_geometry_recovery_v1/cells/oscillatory_bump_2p_s43_lr1000/training.json,144527,d704edb636cbb65d70bd221bf42a7c67c296b5848e7b355a8797e5f77d44b123
results/neuron_geometry_recovery_v1/cells/oscillatory_bump_2p_s43_lr3000/checkpoint.pt,1403297,08ccd52b3edb53030b4352288087bd830240be4846b8763dc728b5c6b2dd587d
results/neuron_geometry_recovery_v1/cells/oscillatory_bump_2p_s43_lr3000/reporting.json,1026,afc6143be31f80fcc33c3b7b6aa1e9422ce2f164d004f410fb2484233f01b2e8
results/neuron_geometry_recovery_v1/cells/oscillatory_bump_2p_s43_lr3000/training.json,144495,2b1daf4dff1000b17d8fe86d7fdecab2c6829046bbf48615c3b31da3fba30cf8
results/neuron_geometry_recovery_v1/cells/oscillatory_full_gelu_s17_lr1000/checkpoint.pt,4720869,caa01febabc70fab2d33011571cffa8f9ed8a78fdaa99a5f2b6f6366bc9ab36d
results/neuron_geometry_recovery_v1/cells/oscillatory_full_gelu_s17_lr1000/reporting.json,1010,c4106bef02a20a1eaf0c427759b5ecd83713172147e9907856eb3d484a354a04
results/neuron_geometry_recovery_v1/cells/oscillatory_full_gelu_s17_lr1000/training.json,140921,f9ec44c01ca93c8f9a088d2c8a860b07ac01f8b59470082bb991da2a230a8739
results/neuron_geometry_recovery_v1/cells/oscillatory_full_gelu_s17_lr3000/checkpoint.pt,4720869,ef9c62c3cc9a2b641002c59c4bc08f7784aedd64a537166ee30dcc1d3eb66235
results/neuron_geometry_recovery_v1/cells/oscillatory_full_gelu_s17_lr3000/reporting.json,1007,324c29d20354bd0296ed5b97a4aea647456956dc878d1fba4235bd775be9638a
results/neuron_geometry_recovery_v1/cells/oscillatory_full_gelu_s17_lr3000/training.json,141137,a5e54884c48d27cbdebddfc64b1711fc94cef495542042b6f25e51ac74b982cb
results/neuron_geometry_recovery_v1/cells/oscillatory_full_gelu_s29_lr1000/checkpoint.pt,4720869,7cb59d052940aa13cca37f4b6efde10ca038dac3d55beefc249f66be44dbbc2b
results/neuron_geometry_recovery_v1/cells/oscillatory_full_gelu_s29_lr1000/reporting.json,1010,f072983b401a863568102120f8f1caa6e0c45727e74c8ee86c34ce3e369f762c
results/neuron_geometry_recovery_v1/cells/oscillatory_full_gelu_s29_lr1000/training.json,141059,da9df73779af405f9aed8c5f3f1f8e02cb0e3ab3dd0411078ec89bcc0968bb57
results/neuron_geometry_recovery_v1/cells/oscillatory_full_gelu_s29_lr3000/checkpoint.pt,4720869,fad3c464d297b65ab88e559eefe9ef0bd381eda47f89bb1a04a97c6aa2e6e92a
results/neuron_geometry_recovery_v1/cells/oscillatory_full_gelu_s29_lr3000/reporting.json,1008,7bafc4919a694b53a61260b187d6303cd05485262f25d107ce454aebc5e7a5c9
results/neuron_geometry_recovery_v1/cells/oscillatory_full_gelu_s29_lr3000/training.json,141200,18512b1ae8df0154a5f033a2990725b8d30d22638b3d0826a5044267a045a9fa
results/neuron_geometry_recovery_v1/cells/oscillatory_full_gelu_s43_lr1000/checkpoint.pt,4720869,f90bccdc82f4cdabf1df41836e0a515467ac66a1328ce0b0cfa1862263e2fbb3
results/neuron_geometry_recovery_v1/cells/oscillatory_full_gelu_s43_lr1000/reporting.json,1008,95953499d844e1171f3f106dd43ca65869a88d5b70a9d1e1585545fc6b73a1a3
results/neuron_geometry_recovery_v1/cells/oscillatory_full_gelu_s43_lr1000/training.json,141035,9d90d52f4fec8e3682d7f9b1f33a675502558f11d43f8e053b7c2d1a56437e97
results/neuron_geometry_recovery_v1/cells/oscillatory_full_gelu_s43_lr3000/checkpoint.pt,4720869,26604e050abd2f1c26aa7acbe309592de1f2718d584c419142b004a531de20e5
results/neuron_geometry_recovery_v1/cells/oscillatory_full_gelu_s43_lr3000/reporting.json,1008,7646307eef2baad41c93bc4b9919c449c1d4f3b1f009be3591daab835f42a930
results/neuron_geometry_recovery_v1/cells/oscillatory_full_gelu_s43_lr3000/training.json,141101,ceaa1b0162166db9c91464efe1032022c2c6cbbcd018607df9ac378740690035
results/neuron_geometry_recovery_v1/cells/oscillatory_full_relu_s17_lr1000/checkpoint.pt,4720869,8c66f0e956173fff1e3177331a0b8c93b188b1a3f6566ed2c7b6d8f025d037f1
results/neuron_geometry_recovery_v1/cells/oscillatory_full_relu_s17_lr1000/reporting.json,1005,4644a35eb26aae310e4502ae915da33583db4ebceb72dc9fde1fb570ef61918e
results/neuron_geometry_recovery_v1/cells/oscillatory_full_relu_s17_lr1000/training.json,141043,9db9e68d15283f430c44cdfae195410be1d040e67ee39947c31c5d894decd1ee
results/neuron_geometry_recovery_v1/cells/oscillatory_full_relu_s17_lr3000/checkpoint.pt,4720869,9fb252d61f2b142d2e8bd3fa104e59f6962107be424c93703702c34740191c7c
results/neuron_geometry_recovery_v1/cells/oscillatory_full_relu_s17_lr3000/reporting.json,1012,4b2e40bd1003e40ec892aaf885d89ce882a2c3f57722bfd961f90500e35c8f38
results/neuron_geometry_recovery_v1/cells/oscillatory_full_relu_s17_lr3000/training.json,141003,6b6a54efcce2379382f8b2500c46828c6ff7564de5a93d0766e0a584159e816a
results/neuron_geometry_recovery_v1/cells/oscillatory_full_relu_s29_lr1000/checkpoint.pt,4720869,6be21c8c09ed0c9e206bb473a0204b33dad09039a0332e0db99ef3a5a3410243
results/neuron_geometry_recovery_v1/cells/oscillatory_full_relu_s29_lr1000/reporting.json,1009,7436b543f0b639805e80e12ee37f663f65fef2cdeaa8b70cc5363db5bcf92f90
results/neuron_geometry_recovery_v1/cells/oscillatory_full_relu_s29_lr1000/training.json,141026,3593384c2af34e8c045de18d12c6a6b4642f2c48684a66158bdb1252984c9354
results/neuron_geometry_recovery_v1/cells/oscillatory_full_relu_s29_lr3000/checkpoint.pt,4720869,630611e357579e5184f973f79d6c7e0629194784cb796e7665310c04c7d14712
results/neuron_geometry_recovery_v1/cells/oscillatory_full_relu_s29_lr3000/reporting.json,1008,94125733e57bb9565dc9fa4816da123d742b89812b7a0131392d0b59cc939c35
results/neuron_geometry_recovery_v1/cells/oscillatory_full_relu_s29_lr3000/training.json,141005,111ba77320710da16afa7dbb3626f6f772f8bcedbeb0d4eb87d0f9b4291b0e38
results/neuron_geometry_recovery_v1/cells/oscillatory_full_relu_s43_lr1000/checkpoint.pt,4720869,1943473d67889b00dd6f52f254fa8e3166588b21bc01bed44b33f14fe4c6a0d0
results/neuron_geometry_recovery_v1/cells/oscillatory_full_relu_s43_lr1000/reporting.json,1008,8cb945e5df53d1c6924cd0c1c50301f90494f482068f12e4df059ebbdd196556
results/neuron_geometry_recovery_v1/cells/oscillatory_full_relu_s43_lr1000/training.json,140991,4fd6627775a44c8e804c9db41b90d4660ad4f7972f4f394ff18cd11060d5d311
results/neuron_geometry_recovery_v1/cells/oscillatory_full_relu_s43_lr3000/checkpoint.pt,4720869,412a0d545b1bedcae8a81becb2eab627251d2db93f72e3ea40ce2ac6ac2cf9e7
results/neuron_geometry_recovery_v1/cells/oscillatory_full_relu_s43_lr3000/reporting.json,1012,a4fe12fd4d348f6f74d7bc83d0fc95be16399be264a000fb780f8ca69ae092be
results/neuron_geometry_recovery_v1/cells/oscillatory_full_relu_s43_lr3000/training.json,141006,98fd5263834890a5f0dceff38cf9aee2c9ea229afcc7ef5a35a114497655cfab
results/neuron_geometry_recovery_v1/cells/oscillatory_full_swiglu_s17_lr1000/checkpoint.pt,4721057,b5828d662bda2be9fa1902fd43f26d30c7cc49d040e5c1bf5def30086cdac423
results/neuron_geometry_recovery_v1/cells/oscillatory_full_swiglu_s17_lr1000/reporting.json,1023,139e3534cc34cf6fe8eb79477f2ccceae24cfa8803501dbd25357f596a10d0b1
results/neuron_geometry_recovery_v1/cells/oscillatory_full_swiglu_s17_lr1000/training.json,141386,c7bc97af26b46ca73ee0b6c0e209acf0c9d0c9bcece19848e234fb005b8a30fa
results/neuron_geometry_recovery_v1/cells/oscillatory_full_swiglu_s17_lr3000/checkpoint.pt,4721057,b84f0f7ba247bd89b2852169984431ee365b188cdfab3cdf6de0ddeecc4f73da
results/neuron_geometry_recovery_v1/cells/oscillatory_full_swiglu_s17_lr3000/reporting.json,1022,20907bdb60a0c5846872a43054631c55dc2fe58537fef0115a86d58661e30137
results/neuron_geometry_recovery_v1/cells/oscillatory_full_swiglu_s17_lr3000/training.json,141318,4db05bbeb5976447a140150dcc2a61bebe053d260a91433603a4a1df6708a86c
results/neuron_geometry_recovery_v1/cells/oscillatory_full_swiglu_s29_lr1000/checkpoint.pt,4721057,6b7b6c3ca66b0cccab9e9d09ba60af6c159dd353666168259ea66110d3dff2d7
results/neuron_geometry_recovery_v1/cells/oscillatory_full_swiglu_s29_lr1000/reporting.json,1023,e67f567208dccd19b2ae5e5a51e7fdee50fb95933f2167b8ae083b52f09c64a0
results/neuron_geometry_recovery_v1/cells/oscillatory_full_swiglu_s29_lr1000/training.json,141309,a638f71cb598aaa31d29a986d84d06875d63b498569cc26980acf71e8cc69385
results/neuron_geometry_recovery_v1/cells/oscillatory_full_swiglu_s29_lr3000/checkpoint.pt,4721057,03e6bc285bce37aad3af1ee3655db12fdeb25299a72d1dbc67e8242b9517c426
results/neuron_geometry_recovery_v1/cells/oscillatory_full_swiglu_s29_lr3000/reporting.json,1024,a951f59b02be14becd2a00bf901dc82011d3d3f217bfc45edad4958e206be68b
results/neuron_geometry_recovery_v1/cells/oscillatory_full_swiglu_s29_lr3000/training.json,141405,af9952b90d43c4967877d6c1442dd0ca2e6edd86a2c02b09b890e5254a52655c
results/neuron_geometry_recovery_v1/cells/oscillatory_full_swiglu_s43_lr1000/checkpoint.pt,4721057,9743d4ed5f1ca327ca838ad0b2c9d07c63505a1a339e19c8e2e2c1045be10854
results/neuron_geometry_recovery_v1/cells/oscillatory_full_swiglu_s43_lr1000/reporting.json,1021,6d1737ebbf733600200b73610d19c25add2c06ed03213f0fd7ff93c61aab4be9
results/neuron_geometry_recovery_v1/cells/oscillatory_full_swiglu_s43_lr1000/training.json,141364,58b1f5ca2f1160f134e461838ee6b87738da6b22aaf634b45ac5d9888ff7dce4
results/neuron_geometry_recovery_v1/cells/oscillatory_full_swiglu_s43_lr3000/checkpoint.pt,4721057,4495995a7b92dd8e23fae044a0ada654244f07c211d13e5fcbd0f3ffcae4e841
results/neuron_geometry_recovery_v1/cells/oscillatory_full_swiglu_s43_lr3000/reporting.json,1025,078f392fab4a9ee47dc2ef6b924f83230bd56a0293476635dde34a51ce7ef6e7
results/neuron_geometry_recovery_v1/cells/oscillatory_full_swiglu_s43_lr3000/training.json,141355,324d811c44212386e95e68420a7cb1b691f1f61bb9025c4c29f6ba69e5c4b092
results/neuron_geometry_recovery_v1/cells/oscillatory_gelu_offset_s17_lr1000/checkpoint.pt,1403297,4a1bce83ebf3bee426aef4cade7f90c9ea84f53c36318e1c0aaae737becd48e3
results/neuron_geometry_recovery_v1/cells/oscillatory_gelu_offset_s17_lr1000/reporting.json,1020,482c4fbbf7594d1ed7f1585bdf9e4aaf250136a542486e74e5f480445cf2c591
results/neuron_geometry_recovery_v1/cells/oscillatory_gelu_offset_s17_lr1000/training.json,143292,4f4d2890b870d5e5b961a8ae9eb6b5193d427890d992d580fe868fc43f7e5b59
results/neuron_geometry_recovery_v1/cells/oscillatory_gelu_offset_s17_lr3000/checkpoint.pt,1403297,74d1ea92ad1492fd6f0f8acd2f67eedf4df61afe0c85a43537df29fcf6ed4892
results/neuron_geometry_recovery_v1/cells/oscillatory_gelu_offset_s17_lr3000/reporting.json,1039,2658a93421ade438af0c7da2612f0f11181660d3f0c111674e284556dc140b29
results/neuron_geometry_recovery_v1/cells/oscillatory_gelu_offset_s17_lr3000/training.json,143189,38b1ea44f2d2df63fd2545d4f1903e20748308d405499a64d376660f4465869a
results/neuron_geometry_recovery_v1/cells/oscillatory_gelu_offset_s29_lr1000/checkpoint.pt,1403297,6e9f12aa0709eb628885288d72c2c90ea1745a42490211feda88481b9242c4ca
results/neuron_geometry_recovery_v1/cells/oscillatory_gelu_offset_s29_lr1000/reporting.json,1020,8066e9ffaaa23db59fa41365c2a2a441fa83d28071150f72e083515143250db1
results/neuron_geometry_recovery_v1/cells/oscillatory_gelu_offset_s29_lr1000/training.json,143182,03704866eecefc6555521b5cf8ce45e01c4cda82d0058eaa74e7feebd2f80859
results/neuron_geometry_recovery_v1/cells/oscillatory_gelu_offset_s29_lr3000/checkpoint.pt,1403297,54aa1c6f56a9339fd7849bb8a71a91d52c61aa7ef1cd05c81031b18ef87f08a0
results/neuron_geometry_recovery_v1/cells/oscillatory_gelu_offset_s29_lr3000/reporting.json,1040,2c6d16f8d2135a645495055fc055be67ac9afffae0885c7afe8492715652c4f4
results/neuron_geometry_recovery_v1/cells/oscillatory_gelu_offset_s29_lr3000/training.json,143167,965cef24637723415fac16c97bfc6a0c696a68663ccbc54cf0748570545cd4a4
results/neuron_geometry_recovery_v1/cells/oscillatory_gelu_offset_s43_lr1000/checkpoint.pt,1403297,e8b55d9f62dad5d976d93f8cceffadb8b7ab3d657e035ef989454370879b4221
results/neuron_geometry_recovery_v1/cells/oscillatory_gelu_offset_s43_lr1000/reporting.json,1020,786f5a70829be996a029fc2fd05d51b54287613decf67120d46ac8adbf665a31
results/neuron_geometry_recovery_v1/cells/oscillatory_gelu_offset_s43_lr1000/training.json,143178,f3e11e936842c014fcd1d7c2b0d0292f18f4f5b98cc935e985377ee673168b35
results/neuron_geometry_recovery_v1/cells/oscillatory_gelu_offset_s43_lr3000/checkpoint.pt,1403297,ba661151604fecb0bb82790de138849d2bca52db877dee56914c80302c84c5b6
results/neuron_geometry_recovery_v1/cells/oscillatory_gelu_offset_s43_lr3000/reporting.json,1039,4d632bd3f1d558c2d4930c6cb8ad774db1b279eb232087188d9aebcfb3e08723
results/neuron_geometry_recovery_v1/cells/oscillatory_gelu_offset_s43_lr3000/training.json,143230,ac345d89f2580e8fcef9b4328dbe803bebb1bf3d4c602c8dc61fa5821785a1c8
results/neuron_geometry_recovery_v1/cells/oscillatory_groupsort_s17_lr1000/checkpoint.pt,1403109,92d9735929d064f688eac37b665b8a03fa5da07108c1cb243fc34ebdc1187a65
results/neuron_geometry_recovery_v1/cells/oscillatory_groupsort_s17_lr1000/reporting.json,1006,772cfa5887ad30e616391bc998c44d7208acaabe1a51086b3b241d6ef46de894
results/neuron_geometry_recovery_v1/cells/oscillatory_groupsort_s17_lr1000/training.json,140817,8a34b4f26447875e1b587e83d4075bba6dde9862abfaac90e0dd60b67e94e0ca
results/neuron_geometry_recovery_v1/cells/oscillatory_groupsort_s17_lr3000/checkpoint.pt,1403109,c52330dadceb8fcd633d20928529faf20117a05933006333df60e29f9d8b0640
results/neuron_geometry_recovery_v1/cells/oscillatory_groupsort_s17_lr3000/reporting.json,1010,f1cc2ca3c0f55d750c2cd93c3ee6c1c80517ccb9b74208067a142f418cdbcd13
results/neuron_geometry_recovery_v1/cells/oscillatory_groupsort_s17_lr3000/training.json,140782,b4d6b4b05baa9dedda3b0c73b92fbaf073950797705875820548823d15a32297
results/neuron_geometry_recovery_v1/cells/oscillatory_groupsort_s29_lr1000/checkpoint.pt,1403109,e3ca6811e002671449af4483b2ed64bc07bbb2619af96c99f76850696be26a92
results/neuron_geometry_recovery_v1/cells/oscillatory_groupsort_s29_lr1000/reporting.json,1004,b940282ec99f012f9652922ffa9797e481c2abe959d1a995d5fd6181b0388665
results/neuron_geometry_recovery_v1/cells/oscillatory_groupsort_s29_lr1000/training.json,140809,686de74ee63aedb5b7772e9d7a163943255bdd69e22936fccc2b3529e891e3b2
results/neuron_geometry_recovery_v1/cells/oscillatory_groupsort_s29_lr3000/checkpoint.pt,1403109,f3dfb849d20ecf252e49d3d131a2b2381bea7e0498fd1931e0847dd425bdef1f
results/neuron_geometry_recovery_v1/cells/oscillatory_groupsort_s29_lr3000/reporting.json,1026,fab610d02b67654998db6a679852f56f4d595971ab5a0ac45bc3d3e0ed171aaa
results/neuron_geometry_recovery_v1/cells/oscillatory_groupsort_s29_lr3000/training.json,140868,bf2e1c2aa59833b6c77c7f0257f25c964eaed30288890e1154de6288fb2bb206
results/neuron_geometry_recovery_v1/cells/oscillatory_groupsort_s43_lr1000/checkpoint.pt,1403109,7ddfde16f9262b7f37c3d28ff45c80aac9c914d79b256dce7516551cea4e26e9
results/neuron_geometry_recovery_v1/cells/oscillatory_groupsort_s43_lr1000/reporting.json,1006,ad3378be08323b59ee39bbbe05fc3c62d834e649a0dc475e09fde27c7cbd26ce
results/neuron_geometry_recovery_v1/cells/oscillatory_groupsort_s43_lr1000/training.json,140796,2baf192651ecf4b40c5608729d80c3ec71f95db74bd9fd05598e3b3342803625
results/neuron_geometry_recovery_v1/cells/oscillatory_groupsort_s43_lr3000/checkpoint.pt,1403109,669c98e5c9ee35f8bee13b61fbb888e48eeffd162f365bf94ab5cf513c8e4912
results/neuron_geometry_recovery_v1/cells/oscillatory_groupsort_s43_lr3000/reporting.json,1025,34733af3038d02af1e31522d6b49b063dc2fc8ebdcd140aeb200663420e0a8ac
results/neuron_geometry_recovery_v1/cells/oscillatory_groupsort_s43_lr3000/training.json,140794,b268741070432300f427351c56a31e80b173f17ac5929c18b3f8ee8e16c19c48
results/neuron_geometry_recovery_v1/cells/oscillatory_linear_s17_lr1000/checkpoint.pt,1403109,9fc506c6102e6e12d3256097fd8b0d5cb6eeaa0f8cad12da20ab5f696a1f55f7
results/neuron_geometry_recovery_v1/cells/oscillatory_linear_s17_lr1000/reporting.json,995,05a1a54137605b3dab972193623aba4c281aad46b9303865cf95ff797989eaf3
results/neuron_geometry_recovery_v1/cells/oscillatory_linear_s17_lr1000/training.json,141042,bcafbcf6848fcc6b43e1f02131e424de4a5f8f9dfaa50c3dc50506851205f886
results/neuron_geometry_recovery_v1/cells/oscillatory_linear_s17_lr3000/checkpoint.pt,1403109,8fd10aef7024c8a9ddc9fe8ecea66c388b561d1e9decc766242e0f900cdb1543
results/neuron_geometry_recovery_v1/cells/oscillatory_linear_s17_lr3000/reporting.json,998,2ec6498ecd5bde27b94137a28e787cac6afd60ffef646c322f064e05e840a5aa
results/neuron_geometry_recovery_v1/cells/oscillatory_linear_s17_lr3000/training.json,141086,f6e823fc6ec285689336b1d532721c8647919396bfccd2e56ffde01f01a63d51
results/neuron_geometry_recovery_v1/cells/oscillatory_linear_s29_lr1000/checkpoint.pt,1403109,550a8c50fd1fb4bde56dde283e6e54aa6227dc69b0e25c1d8779530fb1cc409b
results/neuron_geometry_recovery_v1/cells/oscillatory_linear_s29_lr1000/reporting.json,999,c15491784272404bda5610034433a0a605f3c3e0b2e3a0cd38effc2fa0ab018b
results/neuron_geometry_recovery_v1/cells/oscillatory_linear_s29_lr1000/training.json,141034,3b4fb3afe308c0a917fa1d018a0be28f91729b8b13f5020f595225040d09e247
results/neuron_geometry_recovery_v1/cells/oscillatory_linear_s29_lr3000/checkpoint.pt,1403109,dcb85a0917ca3fc7b4bdf0bc7ebbfc591ffb29a479ce04add472d3cee1da87f5
results/neuron_geometry_recovery_v1/cells/oscillatory_linear_s29_lr3000/reporting.json,998,28c0582306861c45208eb82cb7514ac06e3faedb3b5561668d6772b60667b4fd
results/neuron_geometry_recovery_v1/cells/oscillatory_linear_s29_lr3000/training.json,141075,423537687725f29947dee62beb6e46848d4f971959a69bd02c2d88c2522978bc
results/neuron_geometry_recovery_v1/cells/oscillatory_linear_s43_lr1000/checkpoint.pt,1403109,c2ea46dbac9dea3ed7dfd0fdbd5ce6901ecc6073d441f5a1f8cd9668c3250a93
results/neuron_geometry_recovery_v1/cells/oscillatory_linear_s43_lr1000/reporting.json,998,126aa41add4ffc659a3f501e1d09c35b64cb06849a2d1aaf8122f2ef563eb208
results/neuron_geometry_recovery_v1/cells/oscillatory_linear_s43_lr1000/training.json,141052,a5a0205d082ab5bfe68bd9293b6726f22113fca03d1433c01596327ccbf30f10
results/neuron_geometry_recovery_v1/cells/oscillatory_linear_s43_lr3000/checkpoint.pt,1403109,252a06ec803eb542c624ee6695fff15cb6731ce80da2c9f192b5d697b5930582
results/neuron_geometry_recovery_v1/cells/oscillatory_linear_s43_lr3000/reporting.json,999,f748337f3c3dc3d5973cff1cac84058a43aabf648188beb4a53b14d71dcbb8f2
results/neuron_geometry_recovery_v1/cells/oscillatory_linear_s43_lr3000/training.json,141064,0dbc6d740602586aec057f699561506dd501247c8ac2d7568091ec7422a93ea9
results/neuron_geometry_recovery_v1/cells/oscillatory_narrow_gelu_s17_lr1000/checkpoint.pt,1403109,5035e46b5572c47106c50725832154daa34c6c3623dbc75918bedf3f94a44b61
results/neuron_geometry_recovery_v1/cells/oscillatory_narrow_gelu_s17_lr1000/reporting.json,1011,7b67dd70ff69d0166ab85e90ae8f11a7b5b2e790320c016c68c44d833dc09242
results/neuron_geometry_recovery_v1/cells/oscillatory_narrow_gelu_s17_lr1000/training.json,141177,943a9ceaed7c544203715782db3da20ee177a0d998a1a074b224d06fd509edad
results/neuron_geometry_recovery_v1/cells/oscillatory_narrow_gelu_s17_lr3000/checkpoint.pt,1403109,dc85ad93b03c79ef3589201340ae94065862edc5a2eaa78731dfb332f946e57a
results/neuron_geometry_recovery_v1/cells/oscillatory_narrow_gelu_s17_lr3000/reporting.json,1012,44d528755a42d58af4fec5bc3be9f91e60851d40bb322395918cc822377b4a62
results/neuron_geometry_recovery_v1/cells/oscillatory_narrow_gelu_s17_lr3000/training.json,141059,bd7cd0f73522298e3141027d60c43a8b324ec79bdbb48863db3c0bd1fa440131
results/neuron_geometry_recovery_v1/cells/oscillatory_narrow_gelu_s29_lr1000/checkpoint.pt,1403109,f6c443c0d9a334c0d85870e62b56a8830acc485c9b4fe7ac6f417b333b4e84f9
results/neuron_geometry_recovery_v1/cells/oscillatory_narrow_gelu_s29_lr1000/reporting.json,1013,45e7af4cedc86465d356ce6dc14edd4ba230d949546b93af1703da689c5d08d0
results/neuron_geometry_recovery_v1/cells/oscillatory_narrow_gelu_s29_lr1000/training.json,141119,041ebd463e8947f77d4f4e9848178a5d313dda46248106d326ad76a456dd39de
results/neuron_geometry_recovery_v1/cells/oscillatory_narrow_gelu_s29_lr3000/checkpoint.pt,1403109,769cae45e26e64d5514597ee76a8759e73efb274b3379b30d640baaf6d568e0a
results/neuron_geometry_recovery_v1/cells/oscillatory_narrow_gelu_s29_lr3000/reporting.json,1013,6fe03c51d7d6ec7fc5c6ee57037876678e0d64ec8c90effc62c00c38a20dd475
results/neuron_geometry_recovery_v1/cells/oscillatory_narrow_gelu_s29_lr3000/training.json,141023,fb9f0ec140fdcd8c3fdeb8973fa74085e23165196db41acb2da2602228db5b41
results/neuron_geometry_recovery_v1/cells/oscillatory_narrow_gelu_s43_lr1000/checkpoint.pt,1403109,9ac782d2c315528722411c20fb05aa7ddf4fbbed9e59632dba4443c231668848
results/neuron_geometry_recovery_v1/cells/oscillatory_narrow_gelu_s43_lr1000/reporting.json,1011,92e5abf7233f81910c8986e6a6b280b3cf2b62eadef7595089525fa0c4503727
results/neuron_geometry_recovery_v1/cells/oscillatory_narrow_gelu_s43_lr1000/training.json,141050,a363c8cebcc21b6d69ec185f03c2be500d694acf47351e6329425679eaeb10fd
results/neuron_geometry_recovery_v1/cells/oscillatory_narrow_gelu_s43_lr3000/checkpoint.pt,1403109,f7835a8067bae7e75a25619b66a9141d33ea2c893493755387850a6c703674ad
results/neuron_geometry_recovery_v1/cells/oscillatory_narrow_gelu_s43_lr3000/reporting.json,1011,7e02e1479a636b83e8d8767f3ce0295e492bfc5478c279ec205bc3c1c51c77aa
results/neuron_geometry_recovery_v1/cells/oscillatory_narrow_gelu_s43_lr3000/training.json,140946,cd1a010e4cca8f6083177b9e6fd8ef7d21aa4f3226ac4b3a9db8bbbb577301a2
results/neuron_geometry_recovery_v1/cells/oscillatory_narrow_relu_s17_lr1000/checkpoint.pt,1403109,cd02cde6ac005c7bfdb67ffc8596d6c2320e5fbc58f662da0247d77702e11375
results/neuron_geometry_recovery_v1/cells/oscillatory_narrow_relu_s17_lr1000/reporting.json,1010,a745f634df23ac6d1bb710e1174dfad69c972e445a3bca7fd973c233187c9070
results/neuron_geometry_recovery_v1/cells/oscillatory_narrow_relu_s17_lr1000/training.json,140969,eeb179c2fcabfa918070ab416ef3974a1dbadf503039164e3cacfed1cbe22a92
results/neuron_geometry_recovery_v1/cells/oscillatory_narrow_relu_s17_lr3000/checkpoint.pt,1403109,d724676ff76c1cb76420c616f5c6e129f96828e5e8da430651504c27974a167e
results/neuron_geometry_recovery_v1/cells/oscillatory_narrow_relu_s17_lr3000/reporting.json,1030,0ccc74cfaa4cc0487103e42c3702f5ed147b404b92cfbcb2c39ebddb0e0b3d2a
results/neuron_geometry_recovery_v1/cells/oscillatory_narrow_relu_s17_lr3000/training.json,140957,baf9c14ec16f0bf2f666af8160c77b9586472ae5f4d653f1181dd999fcfbef40
results/neuron_geometry_recovery_v1/cells/oscillatory_narrow_relu_s29_lr1000/checkpoint.pt,1403109,8b21604f60d6e28d928d7ebbcc685488fbd25fa5fe5e9a7ecae461801a5d77d1
results/neuron_geometry_recovery_v1/cells/oscillatory_narrow_relu_s29_lr1000/reporting.json,1012,2b98ea69f84c739243f3b6bf0b61b5b745f622c963d8cf70d76f47e0405118ca
results/neuron_geometry_recovery_v1/cells/oscillatory_narrow_relu_s29_lr1000/training.json,141009,579f51e642c53e0ad82f61374e6daf9fae54dc2c39146829d381c994c754fde5
results/neuron_geometry_recovery_v1/cells/oscillatory_narrow_relu_s29_lr3000/checkpoint.pt,1403109,2990714bedb1c8d610d61a26821f6ba716dbdea514230cdfd42dd04b7543f3ff
results/neuron_geometry_recovery_v1/cells/oscillatory_narrow_relu_s29_lr3000/reporting.json,1031,17ef28a70e5ff789cda37bb16ffbac577e26f0a580645f78b4777a7214fda2d7
results/neuron_geometry_recovery_v1/cells/oscillatory_narrow_relu_s29_lr3000/training.json,140992,289b00afc99a2859b1aa711830c704f8c33264d0a5731a32dcc6164f79d44ec2
results/neuron_geometry_recovery_v1/cells/oscillatory_narrow_relu_s43_lr1000/checkpoint.pt,1403109,3cedf2a6ddd61ff41895f8e46be551d8e9beffd2b4c173150b2ef3b0f5929f0c
results/neuron_geometry_recovery_v1/cells/oscillatory_narrow_relu_s43_lr1000/reporting.json,1013,dafe59bbd3be6e6c0fe492c9941f15052f68357ce8f97dae433ab288920a5a2a
results/neuron_geometry_recovery_v1/cells/oscillatory_narrow_relu_s43_lr1000/training.json,141016,f384351ad7b116b1a71ef67853b507cb0fa85889a2535b85253b8c6267f58fe8
results/neuron_geometry_recovery_v1/cells/oscillatory_narrow_relu_s43_lr3000/checkpoint.pt,1403109,72b0a7e6c7c0c310833a80802683c3087a6760a9d26a8a394c29b1d6fccbc441
results/neuron_geometry_recovery_v1/cells/oscillatory_narrow_relu_s43_lr3000/reporting.json,1031,bbca3595b59b8a1c6892fc2bb0b333e064f990782798237e45fbce94e84f91f7
results/neuron_geometry_recovery_v1/cells/oscillatory_narrow_relu_s43_lr3000/training.json,140959,6ae567bc7198c7024b1ed2b70be979d84d98c49feb127aff19c2d06e3b9c8869
results/neuron_geometry_recovery_v1/cells/oscillatory_narrow_swiglu_s17_lr1000/checkpoint.pt,1403297,6c4acc3967be31ff1d33a9828cae7e73e32b5dee12cd451912dd767c3dc4ce33
results/neuron_geometry_recovery_v1/cells/oscillatory_narrow_swiglu_s17_lr1000/reporting.json,1028,f6ec2f27a37ac9e71460d88f9a7247d18ec74e4b3b5fc4530ceceb28c39ced9d
results/neuron_geometry_recovery_v1/cells/oscillatory_narrow_swiglu_s17_lr1000/training.json,141614,cf40e1ee63a2f53d23bbb82bed64de32eabb6a90da012f2dd5ed8e7ace46d966
results/neuron_geometry_recovery_v1/cells/oscillatory_narrow_swiglu_s17_lr3000/checkpoint.pt,1403297,d6e9395097d963fc38bbe467d91927c1f6ccd7837606815f4864b31139b620ab
results/neuron_geometry_recovery_v1/cells/oscillatory_narrow_swiglu_s17_lr3000/reporting.json,1029,6e5a847e94138036c70c31200b92454ee5d232b1d34113805c9b4cf038a75ad2
results/neuron_geometry_recovery_v1/cells/oscillatory_narrow_swiglu_s17_lr3000/training.json,141583,cc5180cc76001f206cfb235b6ef0ab91da63ade0fa4910fc110662b7c75ad025
results/neuron_geometry_recovery_v1/cells/oscillatory_narrow_swiglu_s29_lr1000/checkpoint.pt,1403297,62f4d2ddfc421449822738680a77cbca8e35d4d80805c9039ff6bb96f79aca25
results/neuron_geometry_recovery_v1/cells/oscillatory_narrow_swiglu_s29_lr1000/reporting.json,1024,2f210410cfb526f77a7ba5d1dc354be776724392531f0ce8178d1e4c016bc7d9
results/neuron_geometry_recovery_v1/cells/oscillatory_narrow_swiglu_s29_lr1000/training.json,141516,51937c5800f85e51136db85587cc22706a32915fb05e79e6923ca6137fe42ceb
results/neuron_geometry_recovery_v1/cells/oscillatory_narrow_swiglu_s29_lr3000/checkpoint.pt,1403297,d9f29c67ce3e67f962e40c56f5919858097aa9eeecf319a7692f068f45a77527
results/neuron_geometry_recovery_v1/cells/oscillatory_narrow_swiglu_s29_lr3000/reporting.json,1028,dea1a855868f6b39eb6a225ca84445d8a8bf3ed963641d810fd87c535ad8d33c
results/neuron_geometry_recovery_v1/cells/oscillatory_narrow_swiglu_s29_lr3000/training.json,141576,bb19ab101cf6a4910f91ad588fac7e23f0d82f08c6f0f7085eea21ad6037e32a
results/neuron_geometry_recovery_v1/cells/oscillatory_narrow_swiglu_s43_lr1000/checkpoint.pt,1403297,fb1fe7c058432d6174d9b299ebf59d4931605d77814fd5685b6d4866883c9a62
results/neuron_geometry_recovery_v1/cells/oscillatory_narrow_swiglu_s43_lr1000/reporting.json,1026,91fa04d4ce200caed1763a942b9f900b0eb6f3ca168c39874da991d6974895bb
results/neuron_geometry_recovery_v1/cells/oscillatory_narrow_swiglu_s43_lr1000/training.json,141539,d7c499ce9861696aa723cf8528a42d08e0ed6e6c0cadd2bb78cd9a3b5245b116
results/neuron_geometry_recovery_v1/cells/oscillatory_narrow_swiglu_s43_lr3000/checkpoint.pt,1403297,482a16e60439ede99342226a900e04faf4a7085ad19f2e2b2fdb5f0e4ce7af52
results/neuron_geometry_recovery_v1/cells/oscillatory_narrow_swiglu_s43_lr3000/reporting.json,1029,1f5337ab95d24d9b9bc7d979452f1b2405bba5ea494ee661b34f6c3595efea4f
results/neuron_geometry_recovery_v1/cells/oscillatory_narrow_swiglu_s43_lr3000/training.json,141541,151ece462ced0018d2c4a388df148c62c1f1f623b59ed5cd99af07f4ec1f6ec4
results/neuron_geometry_recovery_v1/cells/oscillatory_twist_fixed_s17_lr1000/checkpoint.pt,1403297,e3c5e956cf64df5ff7fe6aed1e39a318c44dc1c2bfe8f903ed96504ec32e3ec6
results/neuron_geometry_recovery_v1/cells/oscillatory_twist_fixed_s17_lr1000/reporting.json,1026,ce7ca3af96fe4b3c5d8a85dab1a410925820535d53080746eeccb5f892e4a592
results/neuron_geometry_recovery_v1/cells/oscillatory_twist_fixed_s17_lr1000/training.json,141952,12d844caa5bb123ceabd9f85722c1b815a3f2652ef7c259bf7911f8d964cf240
results/neuron_geometry_recovery_v1/cells/oscillatory_twist_fixed_s17_lr3000/checkpoint.pt,1403297,15b42f40e6aafb499c5db2d0214dceba3cfc190b287bdaaa3582943ec5c7a25e
results/neuron_geometry_recovery_v1/cells/oscillatory_twist_fixed_s17_lr3000/reporting.json,1012,d6b8b64f0dd7c406ad4e234b24dab8473aa8a6f32edf17668c70af40b44b7061
results/neuron_geometry_recovery_v1/cells/oscillatory_twist_fixed_s17_lr3000/training.json,141934,454e157236e3e7384b27c8d2c8cbf24c50e51fc74c4ade5fff239d88efe6c336
results/neuron_geometry_recovery_v1/cells/oscillatory_twist_fixed_s29_lr1000/checkpoint.pt,1403297,00bd9ef90ccf2ab15f505cde3b37d1b83f717dc393e48b69b4f368e7afabc329
results/neuron_geometry_recovery_v1/cells/oscillatory_twist_fixed_s29_lr1000/reporting.json,1027,12b4d194758dc4e64945f4c464ef37b51f35fcd2d19ebd48a907ecd462534552
results/neuron_geometry_recovery_v1/cells/oscillatory_twist_fixed_s29_lr1000/training.json,141947,138acc62785d3ddd563af517ef166b96f89ad1283d51af2a77823f7385172d86
results/neuron_geometry_recovery_v1/cells/oscillatory_twist_fixed_s29_lr3000/checkpoint.pt,1403297,5fc57456d9976d7413f570486b45a743be25f53696cdc283cfc70c37c85911a3
results/neuron_geometry_recovery_v1/cells/oscillatory_twist_fixed_s29_lr3000/reporting.json,1012,f4d070e27b324ca652bcce22f57556ed26655e83ba34288fa8228ffad42d703e
results/neuron_geometry_recovery_v1/cells/oscillatory_twist_fixed_s29_lr3000/training.json,141936,61f287f20b62e679d93e8f8966572e8cf16d1c9b439b3572782afb6c6eac35a4
results/neuron_geometry_recovery_v1/cells/oscillatory_twist_fixed_s43_lr1000/checkpoint.pt,1403297,c98a802ffe94371a9c4dbddacf189881049f2a5f59017a9bf5faf4ca803dd771
results/neuron_geometry_recovery_v1/cells/oscillatory_twist_fixed_s43_lr1000/reporting.json,1028,62e1d1ec69c67a5807b4cda2c816ac0681180971097fb2494d35129d4d289103
results/neuron_geometry_recovery_v1/cells/oscillatory_twist_fixed_s43_lr1000/training.json,141955,a256e50959889eb2ebba02e14af87e2752aed128da26e3d42c728e1442a6b125
results/neuron_geometry_recovery_v1/cells/oscillatory_twist_fixed_s43_lr3000/checkpoint.pt,1403297,86dab5407ed2935347ea629e005db5f93f0b644ae1af8d181cd36d9c19a5a663
results/neuron_geometry_recovery_v1/cells/oscillatory_twist_fixed_s43_lr3000/reporting.json,1009,5cf63b11ebc1de193a3c854de9ab4be73b51950a0e1f389687494eab2363cb9c
results/neuron_geometry_recovery_v1/cells/oscillatory_twist_fixed_s43_lr3000/training.json,141957,4422a5c887171d99578b8ef1335f804d526527bc561b921efee6f08736e3afcc
results/neuron_geometry_recovery_v1/cells/oscillatory_twist_identity_s17_lr1000/checkpoint.pt,1403297,a7936152d3d88efa76c0d2ca5c7f16d6b610f273c9bcbedcf4fe665e0a6062f8
results/neuron_geometry_recovery_v1/cells/oscillatory_twist_identity_s17_lr1000/reporting.json,1028,78f9d592d3f797617f55ba0a22d3e30cc2d288b8bac5e784e85af4e9f73eb3db
results/neuron_geometry_recovery_v1/cells/oscillatory_twist_identity_s17_lr1000/training.json,142350,55661ef402c800f2d3e5f3048692abb70514beed52463e693f8b2bd4f3c9326c
results/neuron_geometry_recovery_v1/cells/oscillatory_twist_identity_s17_lr3000/checkpoint.pt,1403297,d7bcd3ec121a23330c428f971b5c3cec963dd28b93c79fca88e56c911d19ea31
results/neuron_geometry_recovery_v1/cells/oscillatory_twist_identity_s17_lr3000/reporting.json,1029,bc84cfb9d831ef224fd8a91f276cf3f2f2f4ed41b1872429430a93f5b47aece3
results/neuron_geometry_recovery_v1/cells/oscillatory_twist_identity_s17_lr3000/training.json,142434,a9d67e1a244b88ea0394ad9fa9ecb456b277dcb5640f049dc67105e4ba29ee28
results/neuron_geometry_recovery_v1/cells/oscillatory_twist_identity_s29_lr1000/checkpoint.pt,1403297,22fde9abb08b2b9c0ab0f8d63d75feb64425eefbe52c679f3a1e817ad3d7a946
results/neuron_geometry_recovery_v1/cells/oscillatory_twist_identity_s29_lr1000/reporting.json,1028,1ad4608201c53f0b654d1310482279a24e10fecc28b0ad96f942ad2d58aad2f8
results/neuron_geometry_recovery_v1/cells/oscillatory_twist_identity_s29_lr1000/training.json,142332,eea9ac418c13198a56c6d7f561b45417accca3739014882cff87772a592a1521
results/neuron_geometry_recovery_v1/cells/oscillatory_twist_identity_s29_lr3000/checkpoint.pt,1403297,d327ae4d07a90c3a2f984c558eacf2724306b271e52f23d87958f3743f39eb28
results/neuron_geometry_recovery_v1/cells/oscillatory_twist_identity_s29_lr3000/reporting.json,1028,dd9a80e35171a92a75ebfcd00b330f7c2fa0d3b250a5ccc3147e53338fe29e26
results/neuron_geometry_recovery_v1/cells/oscillatory_twist_identity_s29_lr3000/training.json,142431,51226ccd7b0ef9b8cb7fb86e3794d8eb19caa598e22b1533048b65d2e2bb9806
results/neuron_geometry_recovery_v1/cells/oscillatory_twist_identity_s43_lr1000/checkpoint.pt,1403297,9f2e0f7492053aba673b1ca7b7304e2d62395f725667fb3445abb0cc0d04d8cc
results/neuron_geometry_recovery_v1/cells/oscillatory_twist_identity_s43_lr1000/reporting.json,1027,ea05b30755a55cfc89f3ee946bda650363720201165b01485fc663828ffb5cd0
results/neuron_geometry_recovery_v1/cells/oscillatory_twist_identity_s43_lr1000/training.json,142357,1498d453942e37bb0c7bc4806e846c89a507aa7af86d09addfbaa04a4ace5406
results/neuron_geometry_recovery_v1/cells/oscillatory_twist_identity_s43_lr3000/checkpoint.pt,1403297,bc6b4360ba4de622d6662b3aeb8e36466d96fd3e2bfbfe981207b56d1ac2a3dd
results/neuron_geometry_recovery_v1/cells/oscillatory_twist_identity_s43_lr3000/reporting.json,1030,a4aa386ca6df5a79af2822bf4ee963fb521bf9c604a2d5b14b6c22767c69c4e0
results/neuron_geometry_recovery_v1/cells/oscillatory_twist_identity_s43_lr3000/training.json,142404,d15d301d32ca1ecf21862d49652a183d43546765cb658b48be15167335e261a6
results/neuron_geometry_recovery_v1/cells/oscillatory_twist_learned_s17_lr1000/checkpoint.pt,1403297,3924bc2329d4cd5b007c56e0cd0d4b9e210b867685090bc0cbd2c98f0dc63a62
results/neuron_geometry_recovery_v1/cells/oscillatory_twist_learned_s17_lr1000/reporting.json,1042,8452d3528db6288dfdcc8787c1d92ee08ad71d35932af6bf48e5afc44567a78c
results/neuron_geometry_recovery_v1/cells/oscillatory_twist_learned_s17_lr1000/training.json,142362,7f78a91ac8ff2b2aacc87e822e8d73cbc307c58996bc346f6c94bfe978488139
results/neuron_geometry_recovery_v1/cells/oscillatory_twist_learned_s17_lr3000/checkpoint.pt,1403297,fbf70e392781b9da212d1677684687411ddb7420b4581879307dd33150a0bca2
results/neuron_geometry_recovery_v1/cells/oscillatory_twist_learned_s17_lr3000/reporting.json,1027,4ec448a7310035141f8235fe911e3420bb46dc7c4e28e45376ea181b73a002c6
results/neuron_geometry_recovery_v1/cells/oscillatory_twist_learned_s17_lr3000/training.json,142408,5bee158d64b593e6c31a084c7dc7f893bd0ca2235fda688627807c2e241cf7be
results/neuron_geometry_recovery_v1/cells/oscillatory_twist_learned_s29_lr1000/checkpoint.pt,1403297,e85eef34837826ea996348b02e33c9978a7a5de16ad09b59778d4fac07b37060
results/neuron_geometry_recovery_v1/cells/oscillatory_twist_learned_s29_lr1000/reporting.json,1042,793cde92c7440db4be2e69848fd69af6f761667ecfc42148519b3c751f6fcd7e
results/neuron_geometry_recovery_v1/cells/oscillatory_twist_learned_s29_lr1000/training.json,142300,4bea4ac69e4b3b8a925d6fa05ea403b50620ad9a95636b4eff3691bbdc5fd59b
results/neuron_geometry_recovery_v1/cells/oscillatory_twist_learned_s29_lr3000/checkpoint.pt,1403297,cfcc984b2caa7529f27f1f8a9926a6847e5b14452df9c25fbd8051931d02871e
results/neuron_geometry_recovery_v1/cells/oscillatory_twist_learned_s29_lr3000/reporting.json,1043,f9fa4d3e290407cffb53db567790c50669161fe5de3e3431ba14387c054c25b5
results/neuron_geometry_recovery_v1/cells/oscillatory_twist_learned_s29_lr3000/training.json,142443,77b6d525c741cbccabb09210e657f38223c5a687b2685a448f76353de584c6b5
results/neuron_geometry_recovery_v1/cells/oscillatory_twist_learned_s43_lr1000/checkpoint.pt,1403297,433a192067be696f02c5a0201e1f53a28c45719efeaa3e7a61288bdff251d3f2
results/neuron_geometry_recovery_v1/cells/oscillatory_twist_learned_s43_lr1000/reporting.json,1042,a2864297eb3079a619b89b1095c091a3ab3b0f572b48f29911ae8a3cda931ad4
results/neuron_geometry_recovery_v1/cells/oscillatory_twist_learned_s43_lr1000/training.json,142292,f97dcb283d5192ecf6079480b0b20da4d9603b54c488e430f347324290a09934
results/neuron_geometry_recovery_v1/cells/oscillatory_twist_learned_s43_lr3000/checkpoint.pt,1403297,e10506c5d16117d8857a7f0c97dc879c068e1e4d47ea9041db41d6b8d56082e6
results/neuron_geometry_recovery_v1/cells/oscillatory_twist_learned_s43_lr3000/reporting.json,1042,297b1e19158e2a989038b515c2ddbc7584aa415eb0071c869dca8e8f375a834d
results/neuron_geometry_recovery_v1/cells/oscillatory_twist_learned_s43_lr3000/training.json,142433,b4d78c39ac052f469359b1efb5791a56ccc27cf3ca1bb10938e566ba2c9367de
results/neuron_geometry_recovery_v1/cells/piecewise_bezier_1p_s17_lr1000/checkpoint.pt,1403297,96844175da0b48cf406e1dec059a21d7b55267daa6e0757e081021562afbab02
results/neuron_geometry_recovery_v1/cells/piecewise_bezier_1p_s17_lr1000/reporting.json,1010,97d47918c71daffe2345ed8a2910a15e6241b15a5780d7c1f30621e0ac4c2901
results/neuron_geometry_recovery_v1/cells/piecewise_bezier_1p_s17_lr1000/training.json,142190,b5eb7843c23570a4bf1cd026faf11e6adaf10242b5355e3e724987485668e3d6
results/neuron_geometry_recovery_v1/cells/piecewise_bezier_1p_s17_lr3000/checkpoint.pt,1403297,c0e8ff802cd4bd340c821f0b1eb6fd138a02b81ff2c6f742940e3b0f34ccada0
results/neuron_geometry_recovery_v1/cells/piecewise_bezier_1p_s17_lr3000/reporting.json,1026,990fb9e6e26913f5904031c06b4af3875bbfecb10c0320c44d7acb6abacc81eb
results/neuron_geometry_recovery_v1/cells/piecewise_bezier_1p_s17_lr3000/training.json,142159,2d402125d01b99707d342953cee3eea8af5361915682d0f80d69ab7e8b3d1401
results/neuron_geometry_recovery_v1/cells/piecewise_bezier_1p_s29_lr1000/checkpoint.pt,1403297,b31df78e860af3947ec5ce214b474989908d460235d13066fb7b492d55a5c40d
results/neuron_geometry_recovery_v1/cells/piecewise_bezier_1p_s29_lr1000/reporting.json,1009,856ea7f2e40e62419a3e2db5a858c89ef78fd2ac55f47b7499893b631daa0005
results/neuron_geometry_recovery_v1/cells/piecewise_bezier_1p_s29_lr1000/training.json,142269,88370d1a29c4814f64df8a28f005503f1eedd689431dc7f2f1bae36ba903ae95
results/neuron_geometry_recovery_v1/cells/piecewise_bezier_1p_s29_lr3000/checkpoint.pt,1403297,8c82c407896d4277326d1fe4f7bd0c9a3e6435522689b3426afe4843ac871e67
results/neuron_geometry_recovery_v1/cells/piecewise_bezier_1p_s29_lr3000/reporting.json,1026,317e9890f2bb5ad0b1417904665fcdde107fd6e16c6b68f8ff85b4248e3e9d48
results/neuron_geometry_recovery_v1/cells/piecewise_bezier_1p_s29_lr3000/training.json,142092,856d38dd8ef976073e093e7a8ac68183cd7c1a6f79fa03dc716ff86a3df53852
results/neuron_geometry_recovery_v1/cells/piecewise_bezier_1p_s43_lr1000/checkpoint.pt,1403297,9394c0a81a1d8ceb5d73ac2dac5afa25c20b6bebe76022efd504d04d24e78343
results/neuron_geometry_recovery_v1/cells/piecewise_bezier_1p_s43_lr1000/reporting.json,1009,4bdfb22168c5d5bc9a1f0a81829c7bb823c98cb25f62d0c801f6317001c3c74f
results/neuron_geometry_recovery_v1/cells/piecewise_bezier_1p_s43_lr1000/training.json,142231,e8e4e8cb62d40aff9d45919a7fe0fa2d7174a9c364e27c9702211cfb60d59f63
results/neuron_geometry_recovery_v1/cells/piecewise_bezier_1p_s43_lr3000/checkpoint.pt,1403297,7d25c755babf290e6a001416e58aca518fa8e7d2b079dfd547050df683d9bb7c
results/neuron_geometry_recovery_v1/cells/piecewise_bezier_1p_s43_lr3000/reporting.json,1027,0c6d56776bba41b1ea20d5b3075bff20c41243554646d2063b40a39a144cb8f8
results/neuron_geometry_recovery_v1/cells/piecewise_bezier_1p_s43_lr3000/training.json,142215,1afcb2bbca4846aab001647727bd64cdb334e02ad6c9823a6e57de625beb8e3d
results/neuron_geometry_recovery_v1/cells/piecewise_bump_2p_s17_lr1000/checkpoint.pt,1403297,805f3fc2ba9cd070940ef4e377c8095a206ff9e34823e90ca6b97ced7f0eacd9
results/neuron_geometry_recovery_v1/cells/piecewise_bump_2p_s17_lr1000/reporting.json,1003,62dc83fc05d051b196649a3a23c80eceec1709de25daca300e0714bcdf2f7d9d
results/neuron_geometry_recovery_v1/cells/piecewise_bump_2p_s17_lr1000/training.json,144565,41906c9277026197d7588eeae8fdddd9a2db5697b216f151c8c27ccd140a0f24
results/neuron_geometry_recovery_v1/cells/piecewise_bump_2p_s17_lr3000/checkpoint.pt,1403297,783ad6abe7bf244a1d570ae5d5ddc0c8fd4520045fab2a2fa3b1f4252a5a2f58
results/neuron_geometry_recovery_v1/cells/piecewise_bump_2p_s17_lr3000/reporting.json,1020,55af7680ebb8c629699ee21f3fa46dee77a687d567857c57b63d9ebe8aff0657
results/neuron_geometry_recovery_v1/cells/piecewise_bump_2p_s17_lr3000/training.json,144522,2f426cf59e527a982f6c248ce95e20025b67d1d54fa23f902494eb4fd9ea4b6d
results/neuron_geometry_recovery_v1/cells/piecewise_bump_2p_s29_lr1000/checkpoint.pt,1403297,7cca0d719f7b6827e7d6a4cd22985a0acc3525dfe0313c5beb4db98e6b841803
results/neuron_geometry_recovery_v1/cells/piecewise_bump_2p_s29_lr1000/reporting.json,1002,618e331ee66d6f11bf0dcab340089730c3c4461b8aaf35051b5d2ddb76e66008
results/neuron_geometry_recovery_v1/cells/piecewise_bump_2p_s29_lr1000/training.json,144618,bc97c09843e5e86119853eec07dec59d60845872852d4a54ecaf67fff878cdad
results/neuron_geometry_recovery_v1/cells/piecewise_bump_2p_s29_lr3000/checkpoint.pt,1403297,43c212270a6630eafbe16992406dda09ab8e2478a2f61c0e16ea5c21afa8979d
results/neuron_geometry_recovery_v1/cells/piecewise_bump_2p_s29_lr3000/reporting.json,1020,4d99e310efb9c3d5ab9ad7d5e4e28f1ef2f1775b4ab7f5e92d4ada35237be92c
results/neuron_geometry_recovery_v1/cells/piecewise_bump_2p_s29_lr3000/training.json,144467,4ea38f8f23d3654f9adf043bace5abca2c525de991846aa17ae0a6ba61ec4b7c
results/neuron_geometry_recovery_v1/cells/piecewise_bump_2p_s43_lr1000/checkpoint.pt,1403297,4f2ae46a3e47e77e7f1387d9111942e06981c58ce9ba824a7c6ed825c55aee79
results/neuron_geometry_recovery_v1/cells/piecewise_bump_2p_s43_lr1000/reporting.json,1002,f1485f47834fa46a6ef60280ddae366afb2eda984ba39c184a8234dbec192139
results/neuron_geometry_recovery_v1/cells/piecewise_bump_2p_s43_lr1000/training.json,144587,f013edd4885a4abffd4ad9bd6b5dd9b8e513d8ba4c4cafd5a0621e06f07b4277
results/neuron_geometry_recovery_v1/cells/piecewise_bump_2p_s43_lr3000/checkpoint.pt,1403297,4ac28a0324cc08188ca6f24cee8ed89f14572b2a5f5251c6240d97a9ff89f4e1
results/neuron_geometry_recovery_v1/cells/piecewise_bump_2p_s43_lr3000/reporting.json,1020,23f6f4f4234f17477d8f84051dff4213d7a564b76203121af74e7f27599cac2d
results/neuron_geometry_recovery_v1/cells/piecewise_bump_2p_s43_lr3000/training.json,144447,73e51175d9b9d0e8939c403061637759630358880ce9bdda79d8981d151a101f
results/neuron_geometry_recovery_v1/cells/piecewise_full_gelu_s17_lr1000/checkpoint.pt,4720869,02099d4e2c329141ad8a3dec324b2a3228c97121ff7eba6109a5f8cb3999117e
results/neuron_geometry_recovery_v1/cells/piecewise_full_gelu_s17_lr1000/reporting.json,1003,0868b8562847fe52d53e8e4b58494a780e44c7ee0e8bf421855702d65be5dd0e
results/neuron_geometry_recovery_v1/cells/piecewise_full_gelu_s17_lr1000/training.json,141162,ea54fd77f4ae06f106e0fcbcfa60602bfc367fb542c46af54d4beac08b2ac5d7
results/neuron_geometry_recovery_v1/cells/piecewise_full_gelu_s17_lr3000/checkpoint.pt,4720869,ad5fa068680477f262ce0f84a04bac45f36a9907627797fed548c3921945ec3f
results/neuron_geometry_recovery_v1/cells/piecewise_full_gelu_s17_lr3000/reporting.json,1003,f0dd4bd3ddc783f03b28d1ada6da1fed991ede69ce043e00e1fe08b5f4d22630
results/neuron_geometry_recovery_v1/cells/piecewise_full_gelu_s17_lr3000/training.json,141195,dcb10ca01b1f97b0020bdc6ecdd3e5cbc09a90433e87205cc76554ce64d715d1
results/neuron_geometry_recovery_v1/cells/piecewise_full_gelu_s29_lr1000/checkpoint.pt,4720869,fbbbc5e0dfd06f3d9fcc54e01a85a75a559862c3b97d28e9f131a27286af30b6
results/neuron_geometry_recovery_v1/cells/piecewise_full_gelu_s29_lr1000/reporting.json,1004,f06b256066f18599d354a97442728e83152ca7a9caad015672915c29eff2a3f6
results/neuron_geometry_recovery_v1/cells/piecewise_full_gelu_s29_lr1000/training.json,141216,2ca3f13854ae79c6c95855b7a85afafc59fd1842cf1e1838eaf9c5a5f2e9a78e
results/neuron_geometry_recovery_v1/cells/piecewise_full_gelu_s29_lr3000/checkpoint.pt,4720869,0202cc9e3973c071abc90743f834c7841948b652b41722f1a55b3ff7fbbb3307
results/neuron_geometry_recovery_v1/cells/piecewise_full_gelu_s29_lr3000/reporting.json,1002,3e97dfcaa5b5e321c2d94dc7ffdbcdb00188f6e54f4086cbfcf6dcbdc162356b
results/neuron_geometry_recovery_v1/cells/piecewise_full_gelu_s29_lr3000/training.json,141217,ba348ad6caa4512dc92f1a6d64d4256aeab3a22b0fb12dc60201f46337eafd44
results/neuron_geometry_recovery_v1/cells/piecewise_full_gelu_s43_lr1000/checkpoint.pt,4720869,248ab1215db8bb60f5ed7ce674984c6d4693440bf396a8e3ef059e40f1b8b836
results/neuron_geometry_recovery_v1/cells/piecewise_full_gelu_s43_lr1000/reporting.json,1003,3a388f478fa8010be5eac0fabe1a231c32657f087ed55bb1504cf16150a32f14
results/neuron_geometry_recovery_v1/cells/piecewise_full_gelu_s43_lr1000/training.json,141143,77bec166fbfeae661cd4b923b1d8c9ef0e238c22b6dae004bf35087d26bc97d5
results/neuron_geometry_recovery_v1/cells/piecewise_full_gelu_s43_lr3000/checkpoint.pt,4720869,3a7d44bce8d48c0c9208fe952c8fac571839f2e3562269be2120bfb786040d35
results/neuron_geometry_recovery_v1/cells/piecewise_full_gelu_s43_lr3000/reporting.json,1002,271a3dfff669023107b4a93a60fbaa930e16beab0235188198038705b6ed3d56
results/neuron_geometry_recovery_v1/cells/piecewise_full_gelu_s43_lr3000/training.json,141085,aa3316cfe68b83a1b9970b25bcdcf1e29c11ea6e876c4e8934bbd7aee05075dc
results/neuron_geometry_recovery_v1/cells/piecewise_full_relu_s17_lr1000/checkpoint.pt,4720869,23a5be72a3e49904bf5014655e85253f4b1a2e393308ac84a96377ad50ab54bd
results/neuron_geometry_recovery_v1/cells/piecewise_full_relu_s17_lr1000/reporting.json,1004,eb9e17836ada60bd7a3e2cc9284b2f86d3e4d0a2b80d96270609bff1b39f1365
results/neuron_geometry_recovery_v1/cells/piecewise_full_relu_s17_lr1000/training.json,141030,4446a97771bf662477ea3dceed46007c345fd67745fb46d86fd1f7c2bb951437
results/neuron_geometry_recovery_v1/cells/piecewise_full_relu_s17_lr3000/checkpoint.pt,4720869,1016495879b6f92d037ba3e5a2709e4bb6364fbd927871be8c58334205b826c4
results/neuron_geometry_recovery_v1/cells/piecewise_full_relu_s17_lr3000/reporting.json,1004,86280a693bc8dabc2fbb40c98c6e7da3469e27530a396d8486e913fddef57464
results/neuron_geometry_recovery_v1/cells/piecewise_full_relu_s17_lr3000/training.json,141097,253ba06041a3354f534f85f2699573382aa7a5a4e40f10ffcdf943e0bc65cb59
results/neuron_geometry_recovery_v1/cells/piecewise_full_relu_s29_lr1000/checkpoint.pt,4720869,537604b0eaa38a34fb982f708c135157f0db0ec21c6d4096da0c030cc5ef29d7
results/neuron_geometry_recovery_v1/cells/piecewise_full_relu_s29_lr1000/reporting.json,1003,4dbd5f9798afe6190845c871de14c144424c6fa857bc75a5285d57f6cbc1c0d1
results/neuron_geometry_recovery_v1/cells/piecewise_full_relu_s29_lr1000/training.json,141161,20788def5c10d09f5abe533c56ccd4c4ebcb0131ca215a04ae77c03c6bc9b1c4
results/neuron_geometry_recovery_v1/cells/piecewise_full_relu_s29_lr3000/checkpoint.pt,4720869,0d342fb3e35fd82fb9a2b0b4fff5b48615681eff1e4f816364c6029c8229273b
results/neuron_geometry_recovery_v1/cells/piecewise_full_relu_s29_lr3000/reporting.json,1005,66b1e014682b31a0553211818a4662f7c71ea732c859c9d2c927006a3ba8c6d1
results/neuron_geometry_recovery_v1/cells/piecewise_full_relu_s29_lr3000/training.json,141131,7a05758d95eb28b57d5e10cbbf0d52a0d76416ea37c34b590c5c3a6c4f8abfb5
results/neuron_geometry_recovery_v1/cells/piecewise_full_relu_s43_lr1000/checkpoint.pt,4720869,d3ba6e7ee3a3a7aeeaac60f614e8f343bd16f293b3b3886811553a9573dfd8ca
results/neuron_geometry_recovery_v1/cells/piecewise_full_relu_s43_lr1000/reporting.json,1003,302a936dd10db50ef5558252cf18bd99ea5f466e67bc33e47b85960e7bf818b8
results/neuron_geometry_recovery_v1/cells/piecewise_full_relu_s43_lr1000/training.json,141130,6484addefe378e52705aa6a5baee3faf82632eb10064f12a7350eff4c4857f89
results/neuron_geometry_recovery_v1/cells/piecewise_full_relu_s43_lr3000/checkpoint.pt,4720869,867f11bb7209e80c62aae80b708bfc36dd9055e4bb600c39864dcfb979f0e56c
results/neuron_geometry_recovery_v1/cells/piecewise_full_relu_s43_lr3000/reporting.json,1003,6b910df213a1dfada9fe405226534fea8cbe8719e870d3f901e656d38deca1e1
results/neuron_geometry_recovery_v1/cells/piecewise_full_relu_s43_lr3000/training.json,141050,7c15f3f18e9772c11868124893df385a89fe9f3dec2afa85b529ca5350ccc674
results/neuron_geometry_recovery_v1/cells/piecewise_full_swiglu_s17_lr1000/checkpoint.pt,4721057,ce95713a8d134b4d8f1f94c474babc1cd699316d3625445a540cbc3ffd49650a
results/neuron_geometry_recovery_v1/cells/piecewise_full_swiglu_s17_lr1000/reporting.json,1017,417a980656b64eb5194739364f1ea0ce0276ddc057d70e2e6780ce7be4973c52
results/neuron_geometry_recovery_v1/cells/piecewise_full_swiglu_s17_lr1000/training.json,141329,ef56d290d65c6767bc0901a505bbb2436cbd9577f9469bdd3e715cbea56c2425
results/neuron_geometry_recovery_v1/cells/piecewise_full_swiglu_s17_lr3000/checkpoint.pt,4721057,d88f52105fc173475a546c9319973aba80da6dc744127c208251b68180946727
results/neuron_geometry_recovery_v1/cells/piecewise_full_swiglu_s17_lr3000/reporting.json,1016,eea82014c94d1e462ae927ef5b68d323986926ea54892f2d7334d67aa3785062
results/neuron_geometry_recovery_v1/cells/piecewise_full_swiglu_s17_lr3000/training.json,141332,fbb7c885254c5c0d25ad1e355628e55ebd776884bbe8be6fddab7361e2e2f932
results/neuron_geometry_recovery_v1/cells/piecewise_full_swiglu_s29_lr1000/checkpoint.pt,4721057,5a059ffaae68f8c88ff47eedc04cda56862eea8d04f5bc507ca04e4ea7c73fce
results/neuron_geometry_recovery_v1/cells/piecewise_full_swiglu_s29_lr1000/reporting.json,1016,a59b617e8b5fcae363f098cd6de366af9a0c57784d07f9467b0d9f4ccd8e4193
results/neuron_geometry_recovery_v1/cells/piecewise_full_swiglu_s29_lr1000/training.json,141277,0371eaa0d223113dbf2c2e8d0553e39d8c9946bc7a5328b3445c0968cb0a5882
results/neuron_geometry_recovery_v1/cells/piecewise_full_swiglu_s29_lr3000/checkpoint.pt,4721057,95bdd0aa5cf4ed5afbb16cc17261603b30f7aa9cec2475ee8a4eedb2f94f2149
results/neuron_geometry_recovery_v1/cells/piecewise_full_swiglu_s29_lr3000/reporting.json,1016,f43cb98405be21a2facb38cb328dd95ff4668b5aca6f78f1a09f61516317761c
results/neuron_geometry_recovery_v1/cells/piecewise_full_swiglu_s29_lr3000/training.json,141286,3ebf266da12191c1ded20969101ff894bd89e6be89c727c633a6df98b74768dc
results/neuron_geometry_recovery_v1/cells/piecewise_full_swiglu_s43_lr1000/checkpoint.pt,4721057,88e428b5201136cab158fb27698f9c84b5ccb9a297ff69498abec9c9da4fe6b2
results/neuron_geometry_recovery_v1/cells/piecewise_full_swiglu_s43_lr1000/reporting.json,1016,c444911905c6c294766a480a5e7182b53146f939273df84a45fb67912b54ade7
results/neuron_geometry_recovery_v1/cells/piecewise_full_swiglu_s43_lr1000/training.json,141251,b3cb969e3b4d3c5fc53e723a86ad125a6373b2f50c0ce32db7fb75c44d39b259
results/neuron_geometry_recovery_v1/cells/piecewise_full_swiglu_s43_lr3000/checkpoint.pt,4721057,04b6ee6c91db3083c279830af12c59c707e428286c78f75ac3213aac9b4c3652
results/neuron_geometry_recovery_v1/cells/piecewise_full_swiglu_s43_lr3000/reporting.json,1017,cbbdfe95c84d780679cc9eef4366d26e3740b84e21c87075cdd531d43044b0f7
results/neuron_geometry_recovery_v1/cells/piecewise_full_swiglu_s43_lr3000/training.json,141290,2e254084a898e6c0f6c808fb1cfd52cb9b06ce06d53f83e7b296d576e5f1eccc
results/neuron_geometry_recovery_v1/cells/piecewise_gelu_offset_s17_lr1000/checkpoint.pt,1403297,2c6ce04257557fc63a9269117d90a177d61df41fdeb1a66875f407025d6eae55
results/neuron_geometry_recovery_v1/cells/piecewise_gelu_offset_s17_lr1000/reporting.json,1015,ad28ed3d2b8d9071ea3b26aac753ad42eb906756b8fec36621d87e8753032c51
results/neuron_geometry_recovery_v1/cells/piecewise_gelu_offset_s17_lr1000/training.json,143022,78dadf6f16a62e4e383e75d5841717c1d643bff255e856ab0f8deb9082761d98
results/neuron_geometry_recovery_v1/cells/piecewise_gelu_offset_s17_lr3000/checkpoint.pt,1403297,ae1154b0ff94e057fa82e86518a3dc90de39d752c4210f87d8874d2f4e716456
results/neuron_geometry_recovery_v1/cells/piecewise_gelu_offset_s17_lr3000/reporting.json,1033,5171c48300cbac60a93e803ba9adad728b9ff378777bd2c90088c06aa33096ac
results/neuron_geometry_recovery_v1/cells/piecewise_gelu_offset_s17_lr3000/training.json,143138,f9abac8a263cd2a6dd77e0b6c92db3b05077905dfe85f0f3543ae887f68bd38e
results/neuron_geometry_recovery_v1/cells/piecewise_gelu_offset_s29_lr1000/checkpoint.pt,1403297,efa529dfd094f7f34d354936ecec7f39e4df137a909f748c427e833b68f49744
results/neuron_geometry_recovery_v1/cells/piecewise_gelu_offset_s29_lr1000/reporting.json,1016,7bb5723e92993d34cc5f44fafe468170058e21bc9715202e74eb525b508fe1a3
results/neuron_geometry_recovery_v1/cells/piecewise_gelu_offset_s29_lr1000/training.json,143094,5dd43b59b934b7c52b9e8606cfe49fee1b13d6a0e8bf917fe4659d26cbf9afd1
results/neuron_geometry_recovery_v1/cells/piecewise_gelu_offset_s29_lr3000/checkpoint.pt,1403297,a3ba3c534d7702525135499a4a0d56c5cd16c7e992009b4bf88c3d99644aa7f8
results/neuron_geometry_recovery_v1/cells/piecewise_gelu_offset_s29_lr3000/reporting.json,1033,891ae0c68d2694ccea66bdf232139bb18bfae83b9996fb89e09e15e2d14c4fb8
results/neuron_geometry_recovery_v1/cells/piecewise_gelu_offset_s29_lr3000/training.json,143059,6165a3d7b5dca26b873599e60bbe5d6e86ced7f214db8544a3f95f5f8323ad7d
results/neuron_geometry_recovery_v1/cells/piecewise_gelu_offset_s43_lr1000/checkpoint.pt,1403297,18e671439e0230702bc40da01ff30d8073581672aaa1cfd0bd8b11de5d85ece9
results/neuron_geometry_recovery_v1/cells/piecewise_gelu_offset_s43_lr1000/reporting.json,1017,a48b15618d0e650fd57db2372b8e326294678d5ec1bfb8dcae6e34ae22d77103
results/neuron_geometry_recovery_v1/cells/piecewise_gelu_offset_s43_lr1000/training.json,142979,d867c003526b554650bf9c3b9fa0382c7606b2d98de88ee99d25c8c4461e6634
results/neuron_geometry_recovery_v1/cells/piecewise_gelu_offset_s43_lr3000/checkpoint.pt,1403297,f44639867b973762804ff14f53874f78dadaed169d6d2484e087735861b7c025
results/neuron_geometry_recovery_v1/cells/piecewise_gelu_offset_s43_lr3000/reporting.json,1036,12917447b944fad23ba97c357ec9c0bace3977c71582814ce3c53bd9ac160b72
results/neuron_geometry_recovery_v1/cells/piecewise_gelu_offset_s43_lr3000/training.json,143129,231976ee18b10181b0d8fe04fd4df9730bb5c6ebbe28b99ec3d2f26d0d84222c
results/neuron_geometry_recovery_v1/cells/piecewise_groupsort_s17_lr1000/checkpoint.pt,1403109,532f940bf126daf78fc67896bcf0223d4383bd2405bb53e35b0eb996192d5517
results/neuron_geometry_recovery_v1/cells/piecewise_groupsort_s17_lr1000/reporting.json,1001,5bd809e7f887f29741b09b352f36eb85e1fe244478fff4a6f631ccd3a5e05c01
results/neuron_geometry_recovery_v1/cells/piecewise_groupsort_s17_lr1000/training.json,140815,34d17b2176773c7727685fb17d0d02107feede3fba29f6675c9be8c0f9a62a10
results/neuron_geometry_recovery_v1/cells/piecewise_groupsort_s17_lr3000/checkpoint.pt,1403109,74848387f78026362a885160379198426e64be5e571df04e01b47440066bda67
results/neuron_geometry_recovery_v1/cells/piecewise_groupsort_s17_lr3000/reporting.json,1019,123d8ee01a814a5c6359ec91efdb2cca2d6828bc854d8563a2bba049b01c9455
results/neuron_geometry_recovery_v1/cells/piecewise_groupsort_s17_lr3000/training.json,140913,5e8ac4a4665e4be0fd90bddcc83aa40b46b0d58c0b6c43251a3f6302353d5293
results/neuron_geometry_recovery_v1/cells/piecewise_groupsort_s29_lr1000/checkpoint.pt,1403109,30ab1e3958462f1f987a18086e889e676327fe43cff40f202962b1dbe9a5ae4a
results/neuron_geometry_recovery_v1/cells/piecewise_groupsort_s29_lr1000/reporting.json,999,f06de602e56217adb9ef8ff2b547029dec362c9da8c135cf713c18ed578075c9
results/neuron_geometry_recovery_v1/cells/piecewise_groupsort_s29_lr1000/training.json,140837,1c07414076721e110b19cdd45a595f83d17126bd3130bfef5947b0a02e5e7186
results/neuron_geometry_recovery_v1/cells/piecewise_groupsort_s29_lr3000/checkpoint.pt,1403109,807e2d4e005ffe320ac6d9d578a90e3e5115442db7344f84655e951ffe690363
results/neuron_geometry_recovery_v1/cells/piecewise_groupsort_s29_lr3000/reporting.json,1018,b23f71d2dd0f82d827f082700632e4283946f8bef66cd3093dc32d5691c2cecf
results/neuron_geometry_recovery_v1/cells/piecewise_groupsort_s29_lr3000/training.json,140925,c428b5eaa2c080f863812af5a210cf9fc5a6af2f87466b4e842fc76ead40a3f0
results/neuron_geometry_recovery_v1/cells/piecewise_groupsort_s43_lr1000/checkpoint.pt,1403109,2042cc414aab09680ac458427a69df490e345e8052d226f782ceaaa9fd0ecd9c
results/neuron_geometry_recovery_v1/cells/piecewise_groupsort_s43_lr1000/reporting.json,1002,cbea445c07e1e188e737acb4fb2658dac0b00bb04bb797a039d194214b9941bc
results/neuron_geometry_recovery_v1/cells/piecewise_groupsort_s43_lr1000/training.json,140831,96adde677a93fd94b10250d50c6475258f3c77220f2bac4638f258cf501a1b5d
results/neuron_geometry_recovery_v1/cells/piecewise_groupsort_s43_lr3000/checkpoint.pt,1403109,3df084416ad60f442d415e2c3eaaa237e90e9039850439b417ef0af0a568732d
results/neuron_geometry_recovery_v1/cells/piecewise_groupsort_s43_lr3000/reporting.json,1019,07aa9e767002fc866f17bce835ec52d4acd61c9bac4db65097c49202fff71c68
results/neuron_geometry_recovery_v1/cells/piecewise_groupsort_s43_lr3000/training.json,140872,a5d0e5dbb45c2e5e7def08492ed7e2727a25d5ee21f07e35b8d3d658afc9a548
results/neuron_geometry_recovery_v1/cells/piecewise_linear_s17_lr1000/checkpoint.pt,1403109,0a541d30409d8e006395a0f330b3d17afa193b008b0a578efea8632a0184c77e
results/neuron_geometry_recovery_v1/cells/piecewise_linear_s17_lr1000/reporting.json,992,74f9b26b293aa6877b76d723c23c04d623c90ec4e4efda7ab3487c5c097446e1
results/neuron_geometry_recovery_v1/cells/piecewise_linear_s17_lr1000/training.json,141056,6775ff6b6329681a8658f9a6f9ae495ace2faab06eeebce94b176e9348ca098d
results/neuron_geometry_recovery_v1/cells/piecewise_linear_s17_lr3000/checkpoint.pt,1403109,f680b9ebad950d23e2521a969f77047d85c3a8f2d089e73bca4d67c6010d4f8b
results/neuron_geometry_recovery_v1/cells/piecewise_linear_s17_lr3000/reporting.json,993,e24bd10335c1439eb549a8820853726e235b4d13530a69cc0495572bed52d98e
results/neuron_geometry_recovery_v1/cells/piecewise_linear_s17_lr3000/training.json,141030,17d0c389c4270c055e43727c20728bbbba6f9bb6aae8ccda828400d0f6f43d68
results/neuron_geometry_recovery_v1/cells/piecewise_linear_s29_lr1000/checkpoint.pt,1403109,789c67b7f940d9b1b9a24f5e891fc105edd8bdbb74bb7c7a405ad6d93546d084
results/neuron_geometry_recovery_v1/cells/piecewise_linear_s29_lr1000/reporting.json,991,e458ebd5a4031dd5ce8b322741769e01909d446c33849dd54afb831a91998b7a
results/neuron_geometry_recovery_v1/cells/piecewise_linear_s29_lr1000/training.json,141084,6703d7a204a260356a96673969c71487bd95e665c3c50f64f5de299edc7f8663
results/neuron_geometry_recovery_v1/cells/piecewise_linear_s29_lr3000/checkpoint.pt,1403109,6166f6c8f904107c784ade69d6d0ca5e521a183ad0966d9bc890adb0a398e8ec
results/neuron_geometry_recovery_v1/cells/piecewise_linear_s29_lr3000/reporting.json,992,c3648245659b661d5f5623b36cdf50bf829c3699c9af30ee52d385dc89fe637a
results/neuron_geometry_recovery_v1/cells/piecewise_linear_s29_lr3000/training.json,141005,28f97cb0c7482aee373eb9167bab97cbe95975e92d98f241b5d0a5fc8e7a2d0c
results/neuron_geometry_recovery_v1/cells/piecewise_linear_s43_lr1000/checkpoint.pt,1403109,7b321f60d6986966ea210d9a7def7e2ff19f51476d75672f6edc43ac4f80b1dd
results/neuron_geometry_recovery_v1/cells/piecewise_linear_s43_lr1000/reporting.json,991,42cc9edbb4b2b5d51a8821e82c03042816c7cdfa3a9366f7fcb7a46a39a75f72
results/neuron_geometry_recovery_v1/cells/piecewise_linear_s43_lr1000/training.json,141059,31524461d8c3f95a712acd04252bf6fce69593f470d853f72bd752680f8d84f8
results/neuron_geometry_recovery_v1/cells/piecewise_linear_s43_lr3000/checkpoint.pt,1403109,29a2ad6c99449c8be69ec7780c36ebf0185dc81d19c4946a8b795a10525cfedd
results/neuron_geometry_recovery_v1/cells/piecewise_linear_s43_lr3000/reporting.json,992,89c4ef06c0fa3086eca5b30400b0e93b15fbbd56b3b46962f1b8801db7be11b9
results/neuron_geometry_recovery_v1/cells/piecewise_linear_s43_lr3000/training.json,141037,8501bcd3c4bf3095b2a3f71a0bf806b18d3a0f0bd3942c24aa4b0695ae13b564
results/neuron_geometry_recovery_v1/cells/piecewise_narrow_gelu_s17_lr1000/checkpoint.pt,1403109,665816f135e6cc8a222737b82711eef2e55f2533500ac3d3708dd09a985f4fbc
results/neuron_geometry_recovery_v1/cells/piecewise_narrow_gelu_s17_lr1000/reporting.json,1007,64010b007b67518ceb414d827177d25b577137343661a47b6e779cd16afcbb7e
results/neuron_geometry_recovery_v1/cells/piecewise_narrow_gelu_s17_lr1000/training.json,140931,869ef19b4eeb8ada4828b3285f2db63601df8591ef7660196b7b1f1269aedd7c
results/neuron_geometry_recovery_v1/cells/piecewise_narrow_gelu_s17_lr3000/checkpoint.pt,1403109,241e0a26fb2899d9efa602f26306edd405872850a69529f2f8553ac122c17894
results/neuron_geometry_recovery_v1/cells/piecewise_narrow_gelu_s17_lr3000/reporting.json,1008,2754332929c5c571b0da84680a09ed921724e021c9d8c3c579789c81b4018a1e
results/neuron_geometry_recovery_v1/cells/piecewise_narrow_gelu_s17_lr3000/training.json,140912,757f9a801e763d13bc355ccbe849185005af14e767708f28b854d2ee34af6ba0
results/neuron_geometry_recovery_v1/cells/piecewise_narrow_gelu_s29_lr1000/checkpoint.pt,1403109,a6b4777018b77ea292d46446c48cc4883cd9d390fce3f0ebfa868a1b192ff8bc
results/neuron_geometry_recovery_v1/cells/piecewise_narrow_gelu_s29_lr1000/reporting.json,1007,ef9cebd85541d0ca85e8a9d99a9d0a93660bb8db2705d4d93f23e6141db0387f
results/neuron_geometry_recovery_v1/cells/piecewise_narrow_gelu_s29_lr1000/training.json,140920,c824bd3676aa84ac43b7e0c53a18f3a1deacbc3d9343940aa87b7d1137e3170f
results/neuron_geometry_recovery_v1/cells/piecewise_narrow_gelu_s29_lr3000/checkpoint.pt,1403109,66bc8ba6258ccca4d1fc340fe950e2420a9ec0a664a1e1d0ecc8fe62efbb6bed
results/neuron_geometry_recovery_v1/cells/piecewise_narrow_gelu_s29_lr3000/reporting.json,1004,d3024beac42be84b91c902b19d35903281aa4abf7b3fbb2b58515407955cd10b
results/neuron_geometry_recovery_v1/cells/piecewise_narrow_gelu_s29_lr3000/training.json,140958,d19831b9379bd908cad8c5cc58dd746b7cff0836002aaa1cec5668f2a6c5ecaa
results/neuron_geometry_recovery_v1/cells/piecewise_narrow_gelu_s43_lr1000/checkpoint.pt,1403109,bab1bd5ba36516c28f9c61678caee2d94bccda217de393ee20cb0d6f65528b86
results/neuron_geometry_recovery_v1/cells/piecewise_narrow_gelu_s43_lr1000/reporting.json,1007,1cd2c8600a0be8c62ae8209e5448c86cb78bbb6159c35c852c919f686f8ce238
results/neuron_geometry_recovery_v1/cells/piecewise_narrow_gelu_s43_lr1000/training.json,141030,1349fd6ab44c94975a1604c0ee451c2b5445175f6e5cdcbe3b1f2ac19cf20238
results/neuron_geometry_recovery_v1/cells/piecewise_narrow_gelu_s43_lr3000/checkpoint.pt,1403109,45d65f97cf35ca0b0f07e4b62ac745c8104520b66e2e41f2ce98829622edbb12
results/neuron_geometry_recovery_v1/cells/piecewise_narrow_gelu_s43_lr3000/reporting.json,1005,b83ac6a0b1e8e3494a35e85e2456758f27838970eca242ef094ddb1c2eca133d
results/neuron_geometry_recovery_v1/cells/piecewise_narrow_gelu_s43_lr3000/training.json,140941,af8491936ccb76a257dd13f3f44e0a9516860d420f5e7f6e9cdac9ce92527ae0
results/neuron_geometry_recovery_v1/cells/piecewise_narrow_relu_s17_lr1000/checkpoint.pt,1403109,5ef21e3c0377363f6d8df25b53b0959985f75fae0b447b2d75e85088d9443544
results/neuron_geometry_recovery_v1/cells/piecewise_narrow_relu_s17_lr1000/reporting.json,1008,99c6ec8d5a759aa0ba9a4d4122356ba882566ec8fa45e076b8bb7c9edd3c28d8
results/neuron_geometry_recovery_v1/cells/piecewise_narrow_relu_s17_lr1000/training.json,140945,21b20edf4668abd66ed9431f16f8a3851b6aae1d3d7e2695de95ab797de5c4b0
results/neuron_geometry_recovery_v1/cells/piecewise_narrow_relu_s17_lr3000/checkpoint.pt,1403109,4d5e839157e42c7266cd72ebafdc970da129782c89b77b4c3d010278ed2c4e7b
results/neuron_geometry_recovery_v1/cells/piecewise_narrow_relu_s17_lr3000/reporting.json,1026,7da63e862573fc3a969d39202710488ccdb390655c537d6bc26d11500e0a3917
results/neuron_geometry_recovery_v1/cells/piecewise_narrow_relu_s17_lr3000/training.json,140949,e64814e5d4312bc820198ffb8098f41ab456a78a85fa4d87eb6d42d034279e3a
results/neuron_geometry_recovery_v1/cells/piecewise_narrow_relu_s29_lr1000/checkpoint.pt,1403109,87b8435ed058aa8b2268990bef8deb64d3af4ecca3edeaa01af7dcfab227ef03
results/neuron_geometry_recovery_v1/cells/piecewise_narrow_relu_s29_lr1000/reporting.json,1008,45e30e9bcd0f2c2d4210fdd5fc0d9b46f466421ad2314a2a90bf1bcea722eeba
results/neuron_geometry_recovery_v1/cells/piecewise_narrow_relu_s29_lr1000/training.json,140962,b63d48312f2689431df63ca97f5da7e7fc6660435ca4ae703eeba4fde6b99973
results/neuron_geometry_recovery_v1/cells/piecewise_narrow_relu_s29_lr3000/checkpoint.pt,1403109,bbc52127efd3307d4276188fc740ebbe06895c792e4f911bbf7e73e51eaf37cc
results/neuron_geometry_recovery_v1/cells/piecewise_narrow_relu_s29_lr3000/reporting.json,1025,70a9844077cf93902a66213206176d88441fe0d142fd2900c9e3abf382cae3fe
results/neuron_geometry_recovery_v1/cells/piecewise_narrow_relu_s29_lr3000/training.json,140979,49041014cd0856afe853ae7a457da0da74df3f40c3edb366bec6b61d481668c2
results/neuron_geometry_recovery_v1/cells/piecewise_narrow_relu_s43_lr1000/checkpoint.pt,1403109,14cb8bd7208be74f8d4b3e8bf004cf38f055ed5eea07b94e0933ba4bf8062961
results/neuron_geometry_recovery_v1/cells/piecewise_narrow_relu_s43_lr1000/reporting.json,1006,c8df96ef39038001796cd6025ae0ceb32346ffc7c148b8de1965031856dbde1c
results/neuron_geometry_recovery_v1/cells/piecewise_narrow_relu_s43_lr1000/training.json,140999,39cd244b41ab6535bc3028d9e712afdc552b94224023a7317549108562721954
results/neuron_geometry_recovery_v1/cells/piecewise_narrow_relu_s43_lr3000/checkpoint.pt,1403109,0a4eb41cf68413926d3154e54705002e8465e96fc54d6070b14bb0a72167dbde
results/neuron_geometry_recovery_v1/cells/piecewise_narrow_relu_s43_lr3000/reporting.json,1025,eba41749ec0b4a9b53f56797e2a5ac48d281f80482f26a17b7127252a2b5a446
results/neuron_geometry_recovery_v1/cells/piecewise_narrow_relu_s43_lr3000/training.json,140952,76411149d9c1cf13d7358921925c0f2071b3104d89ed7ceabf43b40c528d7676
results/neuron_geometry_recovery_v1/cells/piecewise_narrow_swiglu_s17_lr1000/checkpoint.pt,1403297,af4b27d0fa79cf86b98d7ca7e928186f43fe779a54f518d9b8d03aa2b8fcd4bc
results/neuron_geometry_recovery_v1/cells/piecewise_narrow_swiglu_s17_lr1000/reporting.json,1022,9e7c0e158727576ac2d5f8cd22953d5c58db6d771b0ebb646649020bfcaad803
results/neuron_geometry_recovery_v1/cells/piecewise_narrow_swiglu_s17_lr1000/training.json,141347,995eff20cd9a48b6ef22b53ebb227146f5e710bca3167d4c56c183c51410a9f4
results/neuron_geometry_recovery_v1/cells/piecewise_narrow_swiglu_s17_lr3000/checkpoint.pt,1403297,7e8d724f2102f83de0f0e26233ae9a3ab9b76b65d0853d2842cb6ae0e86e4e30
results/neuron_geometry_recovery_v1/cells/piecewise_narrow_swiglu_s17_lr3000/reporting.json,1018,24385422e663f6bcc150f56b4381a72f16ed83aa0909116fbd934d7e0cfce594
results/neuron_geometry_recovery_v1/cells/piecewise_narrow_swiglu_s17_lr3000/training.json,141272,08a40bd6b7083e660891cce2c087072d80cdd1c37053fbc86d1d7b33882179f5
results/neuron_geometry_recovery_v1/cells/piecewise_narrow_swiglu_s29_lr1000/checkpoint.pt,1403297,f6d3135df6ac850821444f89c51f247dc71acad3a21b23be64c85793eecc3fb2
results/neuron_geometry_recovery_v1/cells/piecewise_narrow_swiglu_s29_lr1000/reporting.json,1021,bc1c7328dfa2d4db0bfda2388e21ed969c5a88799bd9b672a09ab75fbca4eb9f
results/neuron_geometry_recovery_v1/cells/piecewise_narrow_swiglu_s29_lr1000/training.json,141358,7896a42dc56a13c99a20ed0d926f26e68acfeea16f53fbf0d6a9ea3fdea18144
results/neuron_geometry_recovery_v1/cells/piecewise_narrow_swiglu_s29_lr3000/checkpoint.pt,1403297,eaac5c6b491f485ccab41071aa1409d41b93b9e0c0d12a303c86b34a51847434
results/neuron_geometry_recovery_v1/cells/piecewise_narrow_swiglu_s29_lr3000/reporting.json,1022,863d5778d5ec4b5be4f0e6307b4201b71935504faa0252d356f3384c9325e85f
results/neuron_geometry_recovery_v1/cells/piecewise_narrow_swiglu_s29_lr3000/training.json,141285,1846a2562e9b9597210d59091842d75169ccad65bc3c2e6fbc408d4660c06336
results/neuron_geometry_recovery_v1/cells/piecewise_narrow_swiglu_s43_lr1000/checkpoint.pt,1403297,3f425b5dcb6fff49eafa3a09bc795ed02c99796d434cc96f7926977c26a34e60
results/neuron_geometry_recovery_v1/cells/piecewise_narrow_swiglu_s43_lr1000/reporting.json,1022,f6ef16e2dd940394e4bcb0e16871c20d70070f7a94e3c528b1e5d4ef81abe7fe
results/neuron_geometry_recovery_v1/cells/piecewise_narrow_swiglu_s43_lr1000/training.json,141335,aaee4b23be465c976d2257f63cd374e7512fa28012021a37dd67c2da0b5ca829
results/neuron_geometry_recovery_v1/cells/piecewise_narrow_swiglu_s43_lr3000/checkpoint.pt,1403297,32876cf0497ef4cb993a56552c2cc0a55e1ce9f325026a8af471a4284e00d053
results/neuron_geometry_recovery_v1/cells/piecewise_narrow_swiglu_s43_lr3000/reporting.json,1020,daaf25a9a616ad1fe6aa1ae3506393d4f6f02ee574619ee259cfcecdbc9462a5
results/neuron_geometry_recovery_v1/cells/piecewise_narrow_swiglu_s43_lr3000/training.json,141303,109507de37fd4dea23d5ed7cba615fd13f9a5c21fc207b85e5a0da4170ed13fd
results/neuron_geometry_recovery_v1/cells/piecewise_twist_fixed_s17_lr1000/checkpoint.pt,1403297,4e62d915802b099ec95a9d67abd8b0abcd98f6e8bd5438365be7aeedc41c0c8c
results/neuron_geometry_recovery_v1/cells/piecewise_twist_fixed_s17_lr1000/reporting.json,1019,38e28c10319f797acc7f54c5153cb7733e60097d6b159d82877b804b1fe04b4a
results/neuron_geometry_recovery_v1/cells/piecewise_twist_fixed_s17_lr1000/training.json,142025,05d004b3c559fdb113ed9863e340dc430ed4c3a4377d83925e092207f8cae96f
results/neuron_geometry_recovery_v1/cells/piecewise_twist_fixed_s17_lr3000/checkpoint.pt,1403297,ccb648862d6ba74df53c98eb7877c20980a03c42a0136765808983feb0b88947
results/neuron_geometry_recovery_v1/cells/piecewise_twist_fixed_s17_lr3000/reporting.json,1007,a3622c909c346558b299984610e383122b6eff0a3ecb5cad6985e71b4b543356
results/neuron_geometry_recovery_v1/cells/piecewise_twist_fixed_s17_lr3000/training.json,141926,81251da4d2683f382744a2116408eac6446c45f457ef9d41e279edf366014e7e
results/neuron_geometry_recovery_v1/cells/piecewise_twist_fixed_s29_lr1000/checkpoint.pt,1403297,fcb737a9c9d57f3ea940f76dc07b7f4552c643dae28357bbaea3d0005a959fbf
results/neuron_geometry_recovery_v1/cells/piecewise_twist_fixed_s29_lr1000/reporting.json,1021,8c245904d237d4d51549f54581bf3f176636b87be48382e85f71b2eb7f13a8a1
results/neuron_geometry_recovery_v1/cells/piecewise_twist_fixed_s29_lr1000/training.json,142107,01a96c62908ec45b8fce5e8f6109bc18a48a20eecfb3fc7a17ac5c78699143b8
results/neuron_geometry_recovery_v1/cells/piecewise_twist_fixed_s29_lr3000/checkpoint.pt,1403297,16ac1c257efd2d0f2d29bf88fb12ebdc9193f1024ad25c55698770046678f4af
results/neuron_geometry_recovery_v1/cells/piecewise_twist_fixed_s29_lr3000/reporting.json,1006,df2a6cf581a532c5d3785db93a763dbc088cda9e9f4e5251cd06282ad64625ff
results/neuron_geometry_recovery_v1/cells/piecewise_twist_fixed_s29_lr3000/training.json,142012,4559de7d31090f0b3f4d8efecbc800558ee2679f158b5e0ae6f24cac7788eae5
results/neuron_geometry_recovery_v1/cells/piecewise_twist_fixed_s43_lr1000/checkpoint.pt,1403297,6ee31cc7339fe9b8e3a47c665f9f2ab0abc66fd994b55daec7e56248080dc007
results/neuron_geometry_recovery_v1/cells/piecewise_twist_fixed_s43_lr1000/reporting.json,1021,9cf5c60a79b51f13a6529b097dc279874880307b5638036f81809908972d6174
results/neuron_geometry_recovery_v1/cells/piecewise_twist_fixed_s43_lr1000/training.json,142111,6ecf77bc3d0dacd25b36e0af392e16a72866ac2814abcce82e6ffd5bb4ed7b29
results/neuron_geometry_recovery_v1/cells/piecewise_twist_fixed_s43_lr3000/checkpoint.pt,1403297,0a2e62a9aaf7dfdfd38463f640f86da59f983b388fd9378886e68a96d6c31aaf
results/neuron_geometry_recovery_v1/cells/piecewise_twist_fixed_s43_lr3000/reporting.json,1020,016289d3657dd7213e3d865b231c376679507029bbe0dd54aa57480acbdc6bc2
results/neuron_geometry_recovery_v1/cells/piecewise_twist_fixed_s43_lr3000/training.json,142013,581c139ff74318e295438ec832bacaddfec37f33b61de7bbcbe5d90eae455b01
results/neuron_geometry_recovery_v1/cells/piecewise_twist_identity_s17_lr1000/checkpoint.pt,1403297,fcd494a946fc48c325f8ca5a611c0c18f13f43acdf981594bf4170065c29ba30
results/neuron_geometry_recovery_v1/cells/piecewise_twist_identity_s17_lr1000/reporting.json,1022,6bee3c664a2a10fccf53fbc4466adf7dfa6c459afcb58554e190006085350b90
results/neuron_geometry_recovery_v1/cells/piecewise_twist_identity_s17_lr1000/training.json,142445,50bc189e02dce14903991583324a8a3312683fb892b863b250af8b663f07b6b1
results/neuron_geometry_recovery_v1/cells/piecewise_twist_identity_s17_lr3000/checkpoint.pt,1403297,66dde12c45d1fc985cdbc330cfd36e8c97cc3f40862a73fc15122282dee9bb18
results/neuron_geometry_recovery_v1/cells/piecewise_twist_identity_s17_lr3000/reporting.json,1021,85b4edf4d44e6b3ee5ad946713e32228d565cb6ae1254bd70d00a46372618605
results/neuron_geometry_recovery_v1/cells/piecewise_twist_identity_s17_lr3000/training.json,142295,31af824bb6ef549cad1efc92109c8f161e4f902072c3b98cf5a379fa45ee2c5d
results/neuron_geometry_recovery_v1/cells/piecewise_twist_identity_s29_lr1000/checkpoint.pt,1403297,2c6732e91dabdb1cd16c2d09f8f74c739ccda9c73466fb0a7fd31b4e499264be
results/neuron_geometry_recovery_v1/cells/piecewise_twist_identity_s29_lr1000/reporting.json,1023,d3b62e779f44be541a41eea4a68ca435a65a1b3bf64bbd53b15829deb8642260
results/neuron_geometry_recovery_v1/cells/piecewise_twist_identity_s29_lr1000/training.json,142527,fe55cb1d7a085c7d5cf820e911063e42e0ef6761a18deeea83fa22f5150dbae1
results/neuron_geometry_recovery_v1/cells/piecewise_twist_identity_s29_lr3000/checkpoint.pt,1403297,dd2c3c95b67452a39831d1029cf1c269c9e5e401874cffa28c617fbeaa19498f
results/neuron_geometry_recovery_v1/cells/piecewise_twist_identity_s29_lr3000/reporting.json,1023,98a01615afb167dd1f00387c7da396a343e76fea4e0a25f71f7693b92e557db7
results/neuron_geometry_recovery_v1/cells/piecewise_twist_identity_s29_lr3000/training.json,142352,ad3bd94f48640b0cf9f47701d8487b13553cfb01ddf15bd213e6654e96f6c159
results/neuron_geometry_recovery_v1/cells/piecewise_twist_identity_s43_lr1000/checkpoint.pt,1403297,84c6d50462273218c35b4dd0fa9036e56d26c89f012b278d0bf808f8694dcf35
results/neuron_geometry_recovery_v1/cells/piecewise_twist_identity_s43_lr1000/reporting.json,1024,07fd18efe9c1356e68c56bcb041569bdbf3d8c13125c5d03da8ed809d3f4dca8
results/neuron_geometry_recovery_v1/cells/piecewise_twist_identity_s43_lr1000/training.json,142504,b830081b7c17369d21dc1b8734406b4d717a6129cec4d6fc1476e8d6a1992494
results/neuron_geometry_recovery_v1/cells/piecewise_twist_identity_s43_lr3000/checkpoint.pt,1403297,37994b02d96c963b41494435fe64738ad85d02dd5ab50cb6431191551d904c6e
results/neuron_geometry_recovery_v1/cells/piecewise_twist_identity_s43_lr3000/reporting.json,1023,3a067b4ddd795d3bf88a8c5fb0366be8b25bbb179673744d778f7de3123e2785
results/neuron_geometry_recovery_v1/cells/piecewise_twist_identity_s43_lr3000/training.json,142355,65419b721bc1d63be186423bcb499229f546f63d90f3c8f34310e0f96b3d90bc
results/neuron_geometry_recovery_v1/cells/piecewise_twist_learned_s17_lr1000/checkpoint.pt,1403297,42c24f5a6612e4c4dbdd5c295d41b50735aa58b2df2e00fd34c474b6c3230356
results/neuron_geometry_recovery_v1/cells/piecewise_twist_learned_s17_lr1000/reporting.json,1036,04f94a98b96bad2d3cb51d968114aad3e3555a02e9c91b9793b983b27d423c6e
results/neuron_geometry_recovery_v1/cells/piecewise_twist_learned_s17_lr1000/training.json,142465,345f055b67505f9ab3998591325c726d1db70c8c99ef5120ed1d3c33f9d6ac05
results/neuron_geometry_recovery_v1/cells/piecewise_twist_learned_s17_lr3000/checkpoint.pt,1403297,b96191cc1bde19daeed9e682f6734fb7098ecbd1533a254264c38d5690fa1bef
results/neuron_geometry_recovery_v1/cells/piecewise_twist_learned_s17_lr3000/reporting.json,1036,8f68495df65e205e6d76101de07fae7bad4503a3869403a0603b2b50edb98ca0
results/neuron_geometry_recovery_v1/cells/piecewise_twist_learned_s17_lr3000/training.json,142413,9d7a7bbe2b5f0db5d8ea17f416c8129a5973b6e45068b7c05641c96c2bd605db
results/neuron_geometry_recovery_v1/cells/piecewise_twist_learned_s29_lr1000/checkpoint.pt,1403297,55b59fad2676c12f75a55b2eab75f051f12b4b69a9cf3d6247eba7d2ac27cd31
results/neuron_geometry_recovery_v1/cells/piecewise_twist_learned_s29_lr1000/reporting.json,1034,d75a7636632ba8babc154751c82e5c4c5ebb4bfa82db159fa622bfee2eb53c38
results/neuron_geometry_recovery_v1/cells/piecewise_twist_learned_s29_lr1000/training.json,142452,ab728f569cb796d2d35450fe6101984269ca388b2da455b9c46bd046caf54fbb
results/neuron_geometry_recovery_v1/cells/piecewise_twist_learned_s29_lr3000/checkpoint.pt,1403297,a0ac2ddd2aa1cdde70476195f4a683df004869479188519bafdcc715cb5fe36a
results/neuron_geometry_recovery_v1/cells/piecewise_twist_learned_s29_lr3000/reporting.json,1037,62c914ce6e7aedb7f42188ed2522653d511ba466e7680a67ed42d10e023a7334
results/neuron_geometry_recovery_v1/cells/piecewise_twist_learned_s29_lr3000/training.json,142372,e0d1fb22e5a9643d85ba775622896e005e7d5f78960f027db4a9f1c23ca06d58
results/neuron_geometry_recovery_v1/cells/piecewise_twist_learned_s43_lr1000/checkpoint.pt,1403297,ddaf74c272794b6a20e6b6c7e40e1edccc3ef5c0b224353682e2507fe67ef92e
results/neuron_geometry_recovery_v1/cells/piecewise_twist_learned_s43_lr1000/reporting.json,1035,f85496faf04d675a5cb740b6b903f90d0af5c7b30fb37e0f1aa20f0e7e5524fe
results/neuron_geometry_recovery_v1/cells/piecewise_twist_learned_s43_lr1000/training.json,142471,273615ad32d72a0e2b7532a69a2d7436383edb551c40ae0cc06be4634e05c7df
results/neuron_geometry_recovery_v1/cells/piecewise_twist_learned_s43_lr3000/checkpoint.pt,1403297,412adab5a2a763c8e6192684d1e129bd9b5c506d87a978039750cd726ab18f0b
results/neuron_geometry_recovery_v1/cells/piecewise_twist_learned_s43_lr3000/reporting.json,1037,fd15f10d3eb50c44ad1a97e9145dc0d455d90744ad39d3592de6d47a8b1d9b4b
results/neuron_geometry_recovery_v1/cells/piecewise_twist_learned_s43_lr3000/training.json,142380,3bf8cacc408e97e83dc471ac066337bf73a76f980b2a011ae4fe0845b920574a
results/neuron_geometry_recovery_v1/cells/smooth_bezier_1p_s17_lr1000/checkpoint.pt,1403297,289947dc6fdd4155ed6fc859b23fd7213d74f17030b2c4f4a33e49886df9680d
results/neuron_geometry_recovery_v1/cells/smooth_bezier_1p_s17_lr1000/reporting.json,1017,6ac24e098a261072f8d0f0b4b49180e290909855e42697dbac7398e172a4bd50
results/neuron_geometry_recovery_v1/cells/smooth_bezier_1p_s17_lr1000/training.json,142195,8b2dc30ac3d68302cec49f4ba219280afdffecab9725a05f05bc0fb1b7744f0b
results/neuron_geometry_recovery_v1/cells/smooth_bezier_1p_s17_lr3000/checkpoint.pt,1403297,b3f0a313cf5c318b20ad3b219cba8203dba31c4d261ee22de2190b3ce854fdd4
results/neuron_geometry_recovery_v1/cells/smooth_bezier_1p_s17_lr3000/reporting.json,1018,e9e66a7cbc729461592a7bacd49c85214c3722314fc1635cc294797ec9d4f954
results/neuron_geometry_recovery_v1/cells/smooth_bezier_1p_s17_lr3000/training.json,142139,a982dc513a96ee76f3cbd2ab786523b8c862d1486d2e28e2f206c66ef4dd5832
results/neuron_geometry_recovery_v1/cells/smooth_bezier_1p_s29_lr1000/checkpoint.pt,1403297,8435836cebfff53c9a92f7cae76c76c1b7321625a39a4ef14086f00a09152f98
results/neuron_geometry_recovery_v1/cells/smooth_bezier_1p_s29_lr1000/reporting.json,1016,f3669d1c5d8a99ecc8eb89a51b496cf47ca9e36e18c3585b1c38ee798c49da8e
results/neuron_geometry_recovery_v1/cells/smooth_bezier_1p_s29_lr1000/training.json,142225,d154e4d951f979a19f13186117fdf393e6c493c303339c19362117c996626d79
results/neuron_geometry_recovery_v1/cells/smooth_bezier_1p_s29_lr3000/checkpoint.pt,1403297,ec4006d73011ac065848d93f2b648afbdec7ae7084cff9494428ffd5dfbafbe4
results/neuron_geometry_recovery_v1/cells/smooth_bezier_1p_s29_lr3000/reporting.json,1018,61af47cb676e12e6ed3deaf6d5f180097d735fcb2fde03e0e580ff422c17e4a6
results/neuron_geometry_recovery_v1/cells/smooth_bezier_1p_s29_lr3000/training.json,142163,a626d6a52ce824745187a6196ba569c279db836408d071e65188fd4afb41ad60
results/neuron_geometry_recovery_v1/cells/smooth_bezier_1p_s43_lr1000/checkpoint.pt,1403297,22c75bae9f444eb1689976301d39e1735559a3100be2d59beb8699ca837e152e
results/neuron_geometry_recovery_v1/cells/smooth_bezier_1p_s43_lr1000/reporting.json,1013,c4cfea90ff596a164cdb6c13bb79bf8de4415b6cff28fc43f3c292a123e9f1ae
results/neuron_geometry_recovery_v1/cells/smooth_bezier_1p_s43_lr1000/training.json,142213,1813e70de6520e1de4fb2c2692f085aca55001f13b7bc8c7a9df1650d6dbd41d
results/neuron_geometry_recovery_v1/cells/smooth_bezier_1p_s43_lr3000/checkpoint.pt,1403297,922e5677554c6b7a6632a821062b50422db57aaa6fe402c218087053129efbcf
results/neuron_geometry_recovery_v1/cells/smooth_bezier_1p_s43_lr3000/reporting.json,1015,942a712d48833c78c1315de107c2f684e2e590ff35a5fe5e01a8681ebe25b1db
results/neuron_geometry_recovery_v1/cells/smooth_bezier_1p_s43_lr3000/training.json,142165,2b4d84e9e8787e088a0f60925801ad1289c8fdf102fe5d31e81dde786f97baf9
results/neuron_geometry_recovery_v1/cells/smooth_bump_2p_s17_lr1000/checkpoint.pt,1403297,eb7cacc3e546fbbe5038b34988a615c0e327d690533bcd7b05077c5b17308b75
results/neuron_geometry_recovery_v1/cells/smooth_bump_2p_s17_lr1000/reporting.json,1010,ce731374f1df4cfc72e900a22afb32edf0b96b7b7c4c15290751e7cd374980b9
results/neuron_geometry_recovery_v1/cells/smooth_bump_2p_s17_lr1000/training.json,144519,2992f3f04481023e34b2514e478f145134e08c7b7e450782778c7c58f638b941
results/neuron_geometry_recovery_v1/cells/smooth_bump_2p_s17_lr3000/checkpoint.pt,1403297,5b7b3f019502f912c1d5ad46517523fd0a67897709d559d8170e5453af041445
results/neuron_geometry_recovery_v1/cells/smooth_bump_2p_s17_lr3000/reporting.json,1013,e9f3b4cb803380ea2d26d6a558153d01500809e91e47a7cad430e3a03d634dc3
results/neuron_geometry_recovery_v1/cells/smooth_bump_2p_s17_lr3000/training.json,144485,bee2f1050ef2e036f7f38791e96e6a18479b4e03893a2ab036c4be58b87ae228
results/neuron_geometry_recovery_v1/cells/smooth_bump_2p_s29_lr1000/checkpoint.pt,1403297,733d87a7b9bb7c7bfb3ec38627365b43c8c83ec39c800f8a0eaead16afce9d9a
results/neuron_geometry_recovery_v1/cells/smooth_bump_2p_s29_lr1000/reporting.json,1010,742e32d0a0a20aa4a2ea6b957e71a2d79abc3af52e7a78df5c71568a25e5b545
results/neuron_geometry_recovery_v1/cells/smooth_bump_2p_s29_lr1000/training.json,144541,788831f0fc84f581d4104a35d4b4bc8bf22dd2345e4e8c07a47f87411f42b355
results/neuron_geometry_recovery_v1/cells/smooth_bump_2p_s29_lr3000/checkpoint.pt,1403297,c07ee3cfd5f5c1a77f0fc98daddbc5bf00dd1efea080c298aa19193ea5af5c49
results/neuron_geometry_recovery_v1/cells/smooth_bump_2p_s29_lr3000/reporting.json,1009,d9ad6bc9b0a58eb8c9fd0df6997c70d35610f09b176039cba3f28538e4ee3fda
results/neuron_geometry_recovery_v1/cells/smooth_bump_2p_s29_lr3000/training.json,144392,17c88a0086d0d84aa2af811e3a4ebaf1751f58630746eb0d5745ba9e66e8dcd7
results/neuron_geometry_recovery_v1/cells/smooth_bump_2p_s43_lr1000/checkpoint.pt,1403297,d05e74abbcb47c333778e043c3fdbf21fd11cd817f024deac340b3df24316448
results/neuron_geometry_recovery_v1/cells/smooth_bump_2p_s43_lr1000/reporting.json,1011,8630792b3f4a8eaf8491ae2fc1eede37bb0c374b850242b9446e77ce8f9f6722
results/neuron_geometry_recovery_v1/cells/smooth_bump_2p_s43_lr1000/training.json,144574,cf126446f95bf748e74fd8e311decedd6fe7ee5a15ef7ed2e93fca4d311796ba
results/neuron_geometry_recovery_v1/cells/smooth_bump_2p_s43_lr3000/checkpoint.pt,1403297,5529e6fec081f1fd7a0dfd366c02c3b430d0e6d9839ce71c610dbfdebcb17328
results/neuron_geometry_recovery_v1/cells/smooth_bump_2p_s43_lr3000/reporting.json,1010,129ca5be7318acc17d97d407cd8c41aa74923531577310bb267b13d96c9aa977
results/neuron_geometry_recovery_v1/cells/smooth_bump_2p_s43_lr3000/training.json,144433,00c90eb3dbb399bd6ebe04125ff93c097cdea4deeae344f18f718ae7a78d4682
results/neuron_geometry_recovery_v1/cells/smooth_full_gelu_s17_lr1000/checkpoint.pt,4720869,16988a5ccfd660a5fb14011ea25ba532fb5952c9d3668dc78ad5132f64494cd3
results/neuron_geometry_recovery_v1/cells/smooth_full_gelu_s17_lr1000/reporting.json,1010,cec3671539b6b46ce56ebe6ec07f3fd3b941cafeaea52e8187d356e71fa35815
results/neuron_geometry_recovery_v1/cells/smooth_full_gelu_s17_lr1000/training.json,141122,ea56d89342b3162f072aa226f0f312b6b11a651442c084a7eebfc7ad14b0f653
results/neuron_geometry_recovery_v1/cells/smooth_full_gelu_s17_lr3000/checkpoint.pt,4720869,3ba66530e2cabc1f8c30d0a9b7b50bfaff7b12990ce75189c278a3ff6b6d9c8a
results/neuron_geometry_recovery_v1/cells/smooth_full_gelu_s17_lr3000/reporting.json,1011,49f519ce310f779ed8b5e7254fbcfe74ea20c202f47655c1a6f7907a3e69ea08
results/neuron_geometry_recovery_v1/cells/smooth_full_gelu_s17_lr3000/training.json,141182,17d2a795d63cf3679e9bac3d05ed7e8e0027ada5dd469e996aa0236bb35e6d78
results/neuron_geometry_recovery_v1/cells/smooth_full_gelu_s29_lr1000/checkpoint.pt,4720869,f8f6223d47ecf4c7fa530b8f89665982ccf9bcfe3d69d53685f72662997f63af
results/neuron_geometry_recovery_v1/cells/smooth_full_gelu_s29_lr1000/reporting.json,1014,f185f3212a5e4f6ba170647095af9eadd3b363d6d0d0c158f85804d5f4c8d1ee
results/neuron_geometry_recovery_v1/cells/smooth_full_gelu_s29_lr1000/training.json,141286,d28706ffc129ecd6125d7099d6a2d45a067563cb0a3f423701ff9f765be1933d
results/neuron_geometry_recovery_v1/cells/smooth_full_gelu_s29_lr3000/checkpoint.pt,4720869,5d1cefc5a41c4760283cb254818e677b2d1475b3dddd275a2443d9117efb27b1
results/neuron_geometry_recovery_v1/cells/smooth_full_gelu_s29_lr3000/reporting.json,1011,a1804e3457c8d0ff19a338dba24dd6c3f79fbfd3efe3e80294413d7aa3e8d41e
results/neuron_geometry_recovery_v1/cells/smooth_full_gelu_s29_lr3000/training.json,141287,c066f62bdc9f5e7f75eaef1d989df9a5c7a673fd2d7eb9ded6af0ea299fa820f
results/neuron_geometry_recovery_v1/cells/smooth_full_gelu_s43_lr1000/checkpoint.pt,4720869,e6fa85e73f8c2f530ce8e5341a54570e65d3ae299aa46e52cfd6ee3b3b2fcb1e
results/neuron_geometry_recovery_v1/cells/smooth_full_gelu_s43_lr1000/reporting.json,1011,977ac4c8fe88ff6b8185b542106dc6315be62685b6ee0c8e5577253236107955
results/neuron_geometry_recovery_v1/cells/smooth_full_gelu_s43_lr1000/training.json,141300,621fa1a75a131cbe7a9dabcfc0827680edd0df4aa854ce114a1a9b9c52fdee8c
results/neuron_geometry_recovery_v1/cells/smooth_full_gelu_s43_lr3000/checkpoint.pt,4720869,060d6b82fd8cb9b171bdabf42b825edb0b3ab369119b2e4d6d39341f662d81ab
results/neuron_geometry_recovery_v1/cells/smooth_full_gelu_s43_lr3000/reporting.json,1011,629d63a72f6c0c0e6e74f63ae42d1b9173d70d6b9218e8703a1fb32bd5c16ada
results/neuron_geometry_recovery_v1/cells/smooth_full_gelu_s43_lr3000/training.json,141362,b74bcb20748be30e007f9be1b919766797a65417cb4d131e84f22cf8ed388baf
results/neuron_geometry_recovery_v1/cells/smooth_full_relu_s17_lr1000/checkpoint.pt,4720869,b9bd1d4637a6c9de90b0e122f8d37f078de0ae996f2cb3e9dd22edfd4feb69cc
results/neuron_geometry_recovery_v1/cells/smooth_full_relu_s17_lr1000/reporting.json,996,b2512d1fdd82a78426578b4a7ae0d2fa11013d21abf5e2b3008b8d5770985900
results/neuron_geometry_recovery_v1/cells/smooth_full_relu_s17_lr1000/training.json,141144,bb0a09a8521efb7afda2ac2948a7cd5147d676700d1d55b40e3a57797c7f2781
results/neuron_geometry_recovery_v1/cells/smooth_full_relu_s17_lr3000/checkpoint.pt,4720869,47b758a8e7d0565e650357250b713ae6913321eeecee93c4054585c11096e8e7
results/neuron_geometry_recovery_v1/cells/smooth_full_relu_s17_lr3000/reporting.json,1009,2d3d6c5e3d7b00b86f86196207c3b3f33aca894998b1f2fc9c6bd71d881ea616
results/neuron_geometry_recovery_v1/cells/smooth_full_relu_s17_lr3000/training.json,141050,a1e31ba0c8950de574c1763175fbd16f884e42ebf473fb03630bfcc3b0f44e66
results/neuron_geometry_recovery_v1/cells/smooth_full_relu_s29_lr1000/checkpoint.pt,4720869,3fa63f4a88fdd88bbe292ed6c5f1cb3bf54ea0bf20aefe2c83db408383e86a1a
results/neuron_geometry_recovery_v1/cells/smooth_full_relu_s29_lr1000/reporting.json,996,f089c4241918271279e9765da5da152f31454d5455e63cfcca5799f80f85e71d
results/neuron_geometry_recovery_v1/cells/smooth_full_relu_s29_lr1000/training.json,141177,c4432561b7fa3c3a952e0904153cdc3df3340a71cba944967411ad4ed290f956
results/neuron_geometry_recovery_v1/cells/smooth_full_relu_s29_lr3000/checkpoint.pt,4720869,604405d176b64d294d71becb955bf19a5499cab14fe03aaad6efb3fd84e4ea73
results/neuron_geometry_recovery_v1/cells/smooth_full_relu_s29_lr3000/reporting.json,1012,c64e4845d93228a9af7732d3f3e14e1089ca6d35c901b42c380ac7c1a85fb093
results/neuron_geometry_recovery_v1/cells/smooth_full_relu_s29_lr3000/training.json,141285,c3d3a0aaeda04f49e699382f8d043e15f5b1784ceb2cb01764900c9b01eca477
results/neuron_geometry_recovery_v1/cells/smooth_full_relu_s43_lr1000/checkpoint.pt,4720869,24e50e3605997612608d2191964ab00ca75acd6e2256680b9e6bb9322eaf85a6
results/neuron_geometry_recovery_v1/cells/smooth_full_relu_s43_lr1000/reporting.json,996,cc7c61c637fc485458fc0d0d8393de672f671b57fc0f897807b5b8b083ca374f
results/neuron_geometry_recovery_v1/cells/smooth_full_relu_s43_lr1000/training.json,141124,b3184ecbd7b3bf536cc144f1f99948b54ae1a090bd7d58e4ecd49d4188399ec3
results/neuron_geometry_recovery_v1/cells/smooth_full_relu_s43_lr3000/checkpoint.pt,4720869,313ffd08b8396d47022ea54fb66e98d3cefafd75a8900e53b025d4003aa7875f
results/neuron_geometry_recovery_v1/cells/smooth_full_relu_s43_lr3000/reporting.json,1011,2f8175a6c8bf4751244981bdf92820a57f266b08f3422d6866ca46fee41e51f3
results/neuron_geometry_recovery_v1/cells/smooth_full_relu_s43_lr3000/training.json,141259,52beb1da0038917c3a68d19942c781e4768846d471ba64357f06a19b94bc7a2c
results/neuron_geometry_recovery_v1/cells/smooth_full_swiglu_s17_lr1000/checkpoint.pt,4721057,cc0c6095bc52774f7bf60da1bea5b2ed6efefe9fbcdd5aa9769d72b80c1177dd
results/neuron_geometry_recovery_v1/cells/smooth_full_swiglu_s17_lr1000/reporting.json,1008,5ad9896eae756d9eeaf34a2ca53f3ddff1348e1e0c9ab0b99fafc6bf6912b2e8
results/neuron_geometry_recovery_v1/cells/smooth_full_swiglu_s17_lr1000/training.json,141199,9be25a7233c97bc1969e32eab24205887c90da855a7f3dea0ef38a58215213af
results/neuron_geometry_recovery_v1/cells/smooth_full_swiglu_s17_lr3000/checkpoint.pt,4721057,9e4e244c96fe15ba9f4798d1151d30d5edc0dfc8ed6d572d5daf6ff821da58c2
results/neuron_geometry_recovery_v1/cells/smooth_full_swiglu_s17_lr3000/reporting.json,1009,5883c787e82cceb386a02717b55818e49aa9056d649b9a0d7bad9cd8c278ae13
results/neuron_geometry_recovery_v1/cells/smooth_full_swiglu_s17_lr3000/training.json,141175,ac2789d33fb7bc8789d84336bdd9388708543c40f029c56c58f92796eb7ebc47
results/neuron_geometry_recovery_v1/cells/smooth_full_swiglu_s29_lr1000/checkpoint.pt,4721057,1f8399ce0f509f4c07471a9f475edc20d9a9efebdc2bcd6c58da55489a4da7e1
results/neuron_geometry_recovery_v1/cells/smooth_full_swiglu_s29_lr1000/reporting.json,1008,7b261dc5c5729f6d5a83782851766c4291c9f2a4e12ae1254fe4c7b75cf6db33
results/neuron_geometry_recovery_v1/cells/smooth_full_swiglu_s29_lr1000/training.json,141216,98f1b44b0e8a5d00faf779bdea32733986f70c830e0708b830150c8809b854f6
results/neuron_geometry_recovery_v1/cells/smooth_full_swiglu_s29_lr3000/checkpoint.pt,4721057,ed1046c6c388a077a455a7c4c66e1f6433c6544c2c2cf73e94801a9adefec731
results/neuron_geometry_recovery_v1/cells/smooth_full_swiglu_s29_lr3000/reporting.json,1010,2c66b079cce21f134b5899aa1b6e8e38fd032438952dba180dc0f904fc397ce8
results/neuron_geometry_recovery_v1/cells/smooth_full_swiglu_s29_lr3000/training.json,141240,3f2971617bfbf875271182530774418038cbcc1a8fa9d9485f5826469037a2fd
results/neuron_geometry_recovery_v1/cells/smooth_full_swiglu_s43_lr1000/checkpoint.pt,4721057,16a956ee76a73c494b4c72a3fbb3fce221f8d7514cf4c7f18e6afb6953021f95
results/neuron_geometry_recovery_v1/cells/smooth_full_swiglu_s43_lr1000/reporting.json,1007,a90377ea077d749cc516252e961ba12a4c48cce2e298fcb4fc1d6716c5cffe03
results/neuron_geometry_recovery_v1/cells/smooth_full_swiglu_s43_lr1000/training.json,141216,7df298950f9b51bffbf5271ba928dfaaf5420581c2c638e629561e01d6ae3535
results/neuron_geometry_recovery_v1/cells/smooth_full_swiglu_s43_lr3000/checkpoint.pt,4721057,ef83421396ec69491ffe22efe9380e32df5b85a50d4e45aca24147007350aca0
results/neuron_geometry_recovery_v1/cells/smooth_full_swiglu_s43_lr3000/reporting.json,1010,fcde49f8be12d0d743d8d086e84bbf3c954e2332e5b5f1100e7de13b6c493ac6
results/neuron_geometry_recovery_v1/cells/smooth_full_swiglu_s43_lr3000/training.json,141248,35d7ca48a0e193ab32e10db2065ab2f3468f8b924f63b18ba886a4daea7963da
results/neuron_geometry_recovery_v1/cells/smooth_gelu_offset_s17_lr1000/checkpoint.pt,1403297,1f818e693265f00199aa70e5794f8939c5f8ca6fbf84105f3c8f551780e73441
results/neuron_geometry_recovery_v1/cells/smooth_gelu_offset_s17_lr1000/reporting.json,1025,2b00be2ea948cf83fd355d5f0160a553618bea53121cbb00de543eb9f5eb42be
results/neuron_geometry_recovery_v1/cells/smooth_gelu_offset_s17_lr1000/training.json,143140,4feb8c9b2ea3abd2fd16c5be452408c925a9ab5afdd69ea5e0b53d651fd135ab
results/neuron_geometry_recovery_v1/cells/smooth_gelu_offset_s17_lr3000/checkpoint.pt,1403297,7071f39d6524ea0a9d007a292f0ca0abb3c6d8b13618ebf16ffe327944a77e48
results/neuron_geometry_recovery_v1/cells/smooth_gelu_offset_s17_lr3000/reporting.json,1021,d3646ab3ba67a419e8097b1b51fccc0ae6e7cc06037b28cc0d0a61ebec4af5e4
results/neuron_geometry_recovery_v1/cells/smooth_gelu_offset_s17_lr3000/training.json,142921,6507babfc59c608c4d18ba438619c3ac695e93c383d76ebc12e8318e7111eb52
results/neuron_geometry_recovery_v1/cells/smooth_gelu_offset_s29_lr1000/checkpoint.pt,1403297,5397f78fb1cfb668bd7a24be386dcfc1937d7940f85034c522d94c6ae00dd277
results/neuron_geometry_recovery_v1/cells/smooth_gelu_offset_s29_lr1000/reporting.json,1023,9ad549c0b4b44a607a92c157b5655a98ba0bae5b85a989d90803576a9f503e50
results/neuron_geometry_recovery_v1/cells/smooth_gelu_offset_s29_lr1000/training.json,143071,6883dea524fcb1d92ecb55b1620cca2f6f39205338a604167445fbe40a346719
results/neuron_geometry_recovery_v1/cells/smooth_gelu_offset_s29_lr3000/checkpoint.pt,1403297,b1a414b40a65741166686d8245deb94f9d8024ce83d023448a754a1c7d633ad8
results/neuron_geometry_recovery_v1/cells/smooth_gelu_offset_s29_lr3000/reporting.json,1024,5856b4123bd4fcb9131ca43d9e4456a4ffeb60e6a96c87457c55b43fd313cf7b
results/neuron_geometry_recovery_v1/cells/smooth_gelu_offset_s29_lr3000/training.json,142912,278723c68dbcd0ccecc56a9265edb18ac21285b7203d9b8472be5f473c11acae
results/neuron_geometry_recovery_v1/cells/smooth_gelu_offset_s43_lr1000/checkpoint.pt,1403297,8e35fbf0bc9f9c56e9bdff6875bdf91b98d2b42653125b3517ec28d086a7ada1
results/neuron_geometry_recovery_v1/cells/smooth_gelu_offset_s43_lr1000/reporting.json,1024,4ae758683d211f9927a6522ebbdeba057e60edee3c51e40afd6892bd76bb45f2
results/neuron_geometry_recovery_v1/cells/smooth_gelu_offset_s43_lr1000/training.json,143119,9b7441bc1e09d6f656699de35effdf643ec3aa263c9eef2611b2be4e4ee2e850
results/neuron_geometry_recovery_v1/cells/smooth_gelu_offset_s43_lr3000/checkpoint.pt,1403297,e2d2b15b6b181a9a307220d1ed70c874b6fd648bb07da41ef610a42901a25b0d
results/neuron_geometry_recovery_v1/cells/smooth_gelu_offset_s43_lr3000/reporting.json,1022,09daf3fc8f2823992aa89d4d5e01fc71b5fb3f3852134fc18d964765d75b1591
results/neuron_geometry_recovery_v1/cells/smooth_gelu_offset_s43_lr3000/training.json,142998,39ac054fe8d06cffd321b8b5f31507f4e3f16ef8f6494bc374016e23d8b0f803
results/neuron_geometry_recovery_v1/cells/smooth_groupsort_s17_lr1000/checkpoint.pt,1403109,8997c5eb03209a4232770e8b933cea4e936761349c275779781201b19936dfad
results/neuron_geometry_recovery_v1/cells/smooth_groupsort_s17_lr1000/reporting.json,1007,1a8e9a056e521772a4bf98006e9adc7fa2ef8aa071823cb44be54bbe19d0f65d
results/neuron_geometry_recovery_v1/cells/smooth_groupsort_s17_lr1000/training.json,140862,c1efb90b8755dd8f0b8fc2cadd7a9af22eaa8c714c810ef16049465b904d3c8b
results/neuron_geometry_recovery_v1/cells/smooth_groupsort_s17_lr3000/checkpoint.pt,1403109,902e2417b16043433ac18f993f61d0ac49e719657f185b919c474a26df0e9ccf
results/neuron_geometry_recovery_v1/cells/smooth_groupsort_s17_lr3000/reporting.json,1009,b3b51830633f5a079d33e71a9e4993b4855f4ad3b8f60a3dc58af4f7264d676b
results/neuron_geometry_recovery_v1/cells/smooth_groupsort_s17_lr3000/training.json,140749,d0e9c966bee5a89b43c9822e1c7b309a23713d39826f5a4f74389daf1c68f9c7
results/neuron_geometry_recovery_v1/cells/smooth_groupsort_s29_lr1000/checkpoint.pt,1403109,351853ff019e96f07a37203734743f5d9a1f790e1eff47027e2d0fe39689fda1
results/neuron_geometry_recovery_v1/cells/smooth_groupsort_s29_lr1000/reporting.json,1008,318dd704964c390fa138b94fa9cae1322cf868188ff93c164fe14b8e82c29a43
results/neuron_geometry_recovery_v1/cells/smooth_groupsort_s29_lr1000/training.json,140812,c0ef755fc0331cffdf08ed1eab61d9b5cf0896f934f217162d83cecba4e1d733
results/neuron_geometry_recovery_v1/cells/smooth_groupsort_s29_lr3000/checkpoint.pt,1403109,ec646bfd6b64cdc159960b07b7b1ba9c05616567bc4d35b5035d2d390fc64b10
results/neuron_geometry_recovery_v1/cells/smooth_groupsort_s29_lr3000/reporting.json,1007,025910aaf63cbbb1501feacf934d50215aecf71dac0d43cf0ff175af724547c2
results/neuron_geometry_recovery_v1/cells/smooth_groupsort_s29_lr3000/training.json,140786,4de0365c430be0eb64c956ae752c69c734e77625a26f7de2b3c8ec3e7a5f523e
results/neuron_geometry_recovery_v1/cells/smooth_groupsort_s43_lr1000/checkpoint.pt,1403109,41d399610dc8827fdf85e020c3164d3aef3115566cbc49c20d111c9d8c623608
results/neuron_geometry_recovery_v1/cells/smooth_groupsort_s43_lr1000/reporting.json,1010,9f76ccd44564dfae3ad0f2a833a07cdf2e423ef7f0b88356bcb69ed5ca29a58f
results/neuron_geometry_recovery_v1/cells/smooth_groupsort_s43_lr1000/training.json,140789,9973d5dfb6ac91611cf903da5ada5741555fbdb53df00e5bf779cb8862590fd4
results/neuron_geometry_recovery_v1/cells/smooth_groupsort_s43_lr3000/checkpoint.pt,1403109,b09a0ace54a68d105c80ee479092747ef97febc094f8253029123ae6868c38cd
results/neuron_geometry_recovery_v1/cells/smooth_groupsort_s43_lr3000/reporting.json,1010,5ab89a50a5c5a9441ff511509a6318874ad1f3ad8af013cbae1577357e85388d
results/neuron_geometry_recovery_v1/cells/smooth_groupsort_s43_lr3000/training.json,140784,d3b58a9c5b268be1eb1ee223a95866a1bb4d528fed14a014f9237be31c555101
results/neuron_geometry_recovery_v1/cells/smooth_linear_s17_lr1000/checkpoint.pt,1403109,2e665063c5f08dd381d66623c389ac165ced0a50451237a1785a0f324d0312c1
results/neuron_geometry_recovery_v1/cells/smooth_linear_s17_lr1000/reporting.json,981,3a852b210f6ff6b0229a76dd02c509d37bed90515fb8861860edd1c6174357f7
results/neuron_geometry_recovery_v1/cells/smooth_linear_s17_lr1000/training.json,140459,10a6caccc793d93c58c34502a26576ae7ce60cd2c448e43f0036de4e7462ed5e
results/neuron_geometry_recovery_v1/cells/smooth_linear_s17_lr3000/checkpoint.pt,1403109,61efdd8bf1c01b9117daad12a6e0f6feb21916e5ea59e82dd710fa2295e88e69
results/neuron_geometry_recovery_v1/cells/smooth_linear_s17_lr3000/reporting.json,983,9c81e7c1a701553da09b21dd7b9a4a09815e070e768d9a28f9a8ac3a99101d29
results/neuron_geometry_recovery_v1/cells/smooth_linear_s17_lr3000/training.json,140312,647fee3a59fca9735cff80872fb23df63cdc50a0516b56cf642c7f080499cd09
results/neuron_geometry_recovery_v1/cells/smooth_linear_s29_lr1000/checkpoint.pt,1403109,b596117f1d7b7f16d23c37e070556a4ec1812cf5975508c7baccf2942e00cb29
results/neuron_geometry_recovery_v1/cells/smooth_linear_s29_lr1000/reporting.json,982,b2589ce8aed1e72264da0d92515d0e467517b2d35eb355ba5eb9fe827cdea43f
results/neuron_geometry_recovery_v1/cells/smooth_linear_s29_lr1000/training.json,140455,b1cde334359c996ddbb18f10b5fb9853717c14689477ccf1adedc80c0bfa9b0d
results/neuron_geometry_recovery_v1/cells/smooth_linear_s29_lr3000/checkpoint.pt,1403109,5b2b5abffc46f577bd30320a3261e059aeb13f87fb964a33b919e58261846758
results/neuron_geometry_recovery_v1/cells/smooth_linear_s29_lr3000/reporting.json,983,80b35cf67d3e5f7aa13b021a06f8061d504c152f206f6b1d5694fa0bc34054d3
results/neuron_geometry_recovery_v1/cells/smooth_linear_s29_lr3000/training.json,140348,b45796c13f7fb04fd6d9b2b9dc2adaa75fc06f813c46cbb490dc68705aae52b4
results/neuron_geometry_recovery_v1/cells/smooth_linear_s43_lr1000/checkpoint.pt,1403109,9c15ef73650c07f094fc721d656ecf06e49dc9505932d956c4c324957da73838
results/neuron_geometry_recovery_v1/cells/smooth_linear_s43_lr1000/reporting.json,982,226d967e38d3323c738c85c71c102dcc6e9c78acd2aec3f8dddd990f7c830044
results/neuron_geometry_recovery_v1/cells/smooth_linear_s43_lr1000/training.json,140429,ce374b305ef437a9287e56bc4c72dc315f0128a7cb994d017d127ca48de4476f
results/neuron_geometry_recovery_v1/cells/smooth_linear_s43_lr3000/checkpoint.pt,1403109,dcfc28ac66dc7a181820290851da07a51f817fc9e8604b6b0b1d157cb7bbe303
results/neuron_geometry_recovery_v1/cells/smooth_linear_s43_lr3000/reporting.json,983,44a0f4d34c17e4adbe13d31f4b22433d8b961d99bb32f3ffca09c9f6ab233bac
results/neuron_geometry_recovery_v1/cells/smooth_linear_s43_lr3000/training.json,140339,d2f15ddb6facb9b8cbc442fb79e35c81374d327e17e0111bfdbc40c05fed1b35
results/neuron_geometry_recovery_v1/cells/smooth_narrow_gelu_s17_lr1000/checkpoint.pt,1403109,a540e11975402910b697224beddbb288eb7a59792a6845ca4ee9ff9ecb75c8fa
results/neuron_geometry_recovery_v1/cells/smooth_narrow_gelu_s17_lr1000/reporting.json,995,6995acbf96d40d47b114fe6cb6a835844ea37c6a5b5e1a63177fdd498799e768
results/neuron_geometry_recovery_v1/cells/smooth_narrow_gelu_s17_lr1000/training.json,140943,2d9d509865105985346d6595e4621c7d4e14f38b9a4a9b927e427b6b16d15d9f
results/neuron_geometry_recovery_v1/cells/smooth_narrow_gelu_s17_lr3000/checkpoint.pt,1403109,2381953d88cbc3cd71dd4b524988029ac07da832ca1e6624df942124f1deca32
results/neuron_geometry_recovery_v1/cells/smooth_narrow_gelu_s17_lr3000/reporting.json,996,4c554f507feccd9e83cc53326694139e026f6a08269cd25fc550167803be73f8
results/neuron_geometry_recovery_v1/cells/smooth_narrow_gelu_s17_lr3000/training.json,140895,d76b09669fd77d2c87a437960a1c58a609bfd0b869a7bed3e9f80cc99dc50d0e
results/neuron_geometry_recovery_v1/cells/smooth_narrow_gelu_s29_lr1000/checkpoint.pt,1403109,4ba274e3907013f3e11e2b7ec5d03bbbee2912fe3499885cbee15178479feb50
results/neuron_geometry_recovery_v1/cells/smooth_narrow_gelu_s29_lr1000/reporting.json,996,316fe9e9e9a424de9f9b38c9b59bca40eb1bb8250bfd5cff0e42dae915c33ecc
results/neuron_geometry_recovery_v1/cells/smooth_narrow_gelu_s29_lr1000/training.json,140903,3ef4a766d88b2003a526f718c2976bea255b47eebddfbf46e65d2ba870ca0ac9
results/neuron_geometry_recovery_v1/cells/smooth_narrow_gelu_s29_lr3000/checkpoint.pt,1403109,f76bb5b924eb92f4eec27a8db056cd5872bcac872792c0a808cac4ba2692e183
results/neuron_geometry_recovery_v1/cells/smooth_narrow_gelu_s29_lr3000/reporting.json,998,1613ec2a31c25e433851ce23430261a397f3abc60f9c53fb8056eb84b12ef414
results/neuron_geometry_recovery_v1/cells/smooth_narrow_gelu_s29_lr3000/training.json,140910,1ca5e10404fb9d9c322afe690e03a583bb793878b4fd791dc7cd845b8072ab1b
results/neuron_geometry_recovery_v1/cells/smooth_narrow_gelu_s43_lr1000/checkpoint.pt,1403109,6506e91c3946360be467f87fcfb26a951a05a3794c012b9d890b6fc6c029d58c
results/neuron_geometry_recovery_v1/cells/smooth_narrow_gelu_s43_lr1000/reporting.json,996,89cd045d90a11c836e5322bedf8e53c8faa4ac1e3b41e65b04ba9be8965c1f2a
results/neuron_geometry_recovery_v1/cells/smooth_narrow_gelu_s43_lr1000/training.json,140967,6455090cb9a3ec6d452d55da47e8b7405da069bb66764ae81eb0461dc52e236c
results/neuron_geometry_recovery_v1/cells/smooth_narrow_gelu_s43_lr3000/checkpoint.pt,1403109,4ff60499507ceaf7eb25bf331f7f7c396c2b2cba9e8059de369e28724fd3a9f4
results/neuron_geometry_recovery_v1/cells/smooth_narrow_gelu_s43_lr3000/reporting.json,996,e40ea3cf564ffc7808118ef6b155cc4f3aebf75db2c1f119ebf3a74eb2928e53
results/neuron_geometry_recovery_v1/cells/smooth_narrow_gelu_s43_lr3000/training.json,140861,761ce557a7f0a75e3ad771dbd77b6f9cc5d27525ecda71858e045c409662e2d5
results/neuron_geometry_recovery_v1/cells/smooth_narrow_relu_s17_lr1000/checkpoint.pt,1403109,01500f1ca347da1d9d74704f2be02d37f7d6a687fb570bfb16a8a1f2ea7c9da2
results/neuron_geometry_recovery_v1/cells/smooth_narrow_relu_s17_lr1000/reporting.json,1015,169511309c1c85ac5d50bd8fa15966b4995723bf88afaa255d367748dfb8c878
results/neuron_geometry_recovery_v1/cells/smooth_narrow_relu_s17_lr1000/training.json,140911,efc473fb660b94cbadbe9f0602c6675a6b494147dc194c421f7816543eb88440
results/neuron_geometry_recovery_v1/cells/smooth_narrow_relu_s17_lr3000/checkpoint.pt,1403109,a7ac151dc12938d6132bc9a0330f82ec3cf6997d6f1a7edc8e3f94c0258e3ec3
results/neuron_geometry_recovery_v1/cells/smooth_narrow_relu_s17_lr3000/reporting.json,1015,002421c23b554dfa4f4c431b4b9afbfd045607e40f4de1d259a424ac59b483d8
results/neuron_geometry_recovery_v1/cells/smooth_narrow_relu_s17_lr3000/training.json,140983,992a2f84942be557571524b31cf8226a0c5f9b247cd42723493a57abdb0f86e8
results/neuron_geometry_recovery_v1/cells/smooth_narrow_relu_s29_lr1000/checkpoint.pt,1403109,49d68e50700e2502900006535b69f60a1a1ced53b8e26945ef5a1a687d12f995
results/neuron_geometry_recovery_v1/cells/smooth_narrow_relu_s29_lr1000/reporting.json,1014,2b9e37aca066abe51c9b14d01fa772c9e3e80aec477711f12abd6ed6c7b30f48
results/neuron_geometry_recovery_v1/cells/smooth_narrow_relu_s29_lr1000/training.json,140989,e4b3b206a66090f3e8b6c58242e4318b55d5757bb8faa1be65ffd34854667492
results/neuron_geometry_recovery_v1/cells/smooth_narrow_relu_s29_lr3000/checkpoint.pt,1403109,feb355b64ca62ecf9d950e96e89b763b9f7aeac5d17532bf95dc3c22463b5856
results/neuron_geometry_recovery_v1/cells/smooth_narrow_relu_s29_lr3000/reporting.json,1016,1f33e77051892e8b07f4d4fce3121959cdf8c7e865922727cb2cbc98e3ca40fa
results/neuron_geometry_recovery_v1/cells/smooth_narrow_relu_s29_lr3000/training.json,140941,a11c95fa4d528b36aa548c926d70547983ca8e11dd60919154c054b5bdb943de
results/neuron_geometry_recovery_v1/cells/smooth_narrow_relu_s43_lr1000/checkpoint.pt,1403109,15ec3752b84004bac7771c12da4ee609f881ccf2e2591b628271ed1e1d15f4ed
results/neuron_geometry_recovery_v1/cells/smooth_narrow_relu_s43_lr1000/reporting.json,1016,d450c840fc8fed45d8a29b0d3acd2472fc82051924cae09adba2eec1ecbccff3
results/neuron_geometry_recovery_v1/cells/smooth_narrow_relu_s43_lr1000/training.json,141035,278077dbab44d32d452247677eac0caeafd6b2290a9e8f63d27ba75dc8983b31
results/neuron_geometry_recovery_v1/cells/smooth_narrow_relu_s43_lr3000/checkpoint.pt,1403109,819a847973ef96f425c69796d9cce9ab83a61f31cfd4fc1ca224e97032f17743
results/neuron_geometry_recovery_v1/cells/smooth_narrow_relu_s43_lr3000/reporting.json,1017,2c01c21b3b80f2612c68a2b4632a539eae0919c5034b456ded1d627ff1e34812
results/neuron_geometry_recovery_v1/cells/smooth_narrow_relu_s43_lr3000/training.json,140918,3349138b9c7f3ef1cce77430b173cd0f58b016a618359840a12ced70500ddb63
results/neuron_geometry_recovery_v1/cells/smooth_narrow_swiglu_s17_lr1000/checkpoint.pt,1403297,7ef8a589ca5896bf43a87fa656e7891f06a117975d6bbcfa1ba6c2239bae74b6
results/neuron_geometry_recovery_v1/cells/smooth_narrow_swiglu_s17_lr1000/reporting.json,1012,cc53fc3d289215b497ed5e111c7bcceec53ff40d3ffa6ba560c3d96b4297e880
results/neuron_geometry_recovery_v1/cells/smooth_narrow_swiglu_s17_lr1000/training.json,141176,40e7c5d141e32d839ff2a067d8c3042ab1d13fd5a48bfd5b3a23f7d8470e9c35
results/neuron_geometry_recovery_v1/cells/smooth_narrow_swiglu_s17_lr3000/checkpoint.pt,1403297,c86e8336d06f8a57853b00292b5ba63700b2ba60d41b976962a751a0828c394b
results/neuron_geometry_recovery_v1/cells/smooth_narrow_swiglu_s17_lr3000/reporting.json,1031,a193309451c7ca685456ee100fd84c1f6862c9564e39206a1c6f69d88bd4f3ee
results/neuron_geometry_recovery_v1/cells/smooth_narrow_swiglu_s17_lr3000/training.json,141226,8429eaad6d6ce3d5390b3a535af5277439e109fc7ade14f1ea11581a7aed8007
results/neuron_geometry_recovery_v1/cells/smooth_narrow_swiglu_s29_lr1000/checkpoint.pt,1403297,c884a69cbe067270ce5670eab04b25c8439102db3917ba35952fe83a4fd52f6d
results/neuron_geometry_recovery_v1/cells/smooth_narrow_swiglu_s29_lr1000/reporting.json,1011,f1654a2d40191462117092d85c76959cb0612f0716f9d078c76e39ea7018e62c
results/neuron_geometry_recovery_v1/cells/smooth_narrow_swiglu_s29_lr1000/training.json,141242,8d769c80311e48310d90a320a55753386244956ffbb326eac4c918782988fe37
results/neuron_geometry_recovery_v1/cells/smooth_narrow_swiglu_s29_lr3000/checkpoint.pt,1403297,eadab03ab718daf52e2b8698504bc77884586783f4ca3aa40808cbce6615a8b2
results/neuron_geometry_recovery_v1/cells/smooth_narrow_swiglu_s29_lr3000/reporting.json,1031,75ad796f7564bb61de03d47a3e8f07d80ace6ee58208a29349534d94e43569a0
results/neuron_geometry_recovery_v1/cells/smooth_narrow_swiglu_s29_lr3000/training.json,141267,1b87f61f826952c7c54d3d06f1015a1f4ec48b4f751c02ba0aa78c16cb5de55f
results/neuron_geometry_recovery_v1/cells/smooth_narrow_swiglu_s43_lr1000/checkpoint.pt,1403297,0aad5e05ef9c511fce32e8135963d862f9ac8b23d4b632a11d459682e0dbf322
results/neuron_geometry_recovery_v1/cells/smooth_narrow_swiglu_s43_lr1000/reporting.json,1013,eb0b876dea51c84538c48f3c357f28631209f3c4fd2fa6536acb547016d1332b
results/neuron_geometry_recovery_v1/cells/smooth_narrow_swiglu_s43_lr1000/training.json,141280,23d307b1f985e807cfa33b694582f0536430780b9788dd9a803afd93269dc49f
results/neuron_geometry_recovery_v1/cells/smooth_narrow_swiglu_s43_lr3000/checkpoint.pt,1403297,0c43c74ece19094e08c12754001d63b26d4b98771a4df537ffaa75ee0db86519
results/neuron_geometry_recovery_v1/cells/smooth_narrow_swiglu_s43_lr3000/reporting.json,1013,b14cc4fdeb7755dac1b8a87ef9f3cfadd4880f99eb2fd286c2f0e880aa23c9ff
results/neuron_geometry_recovery_v1/cells/smooth_narrow_swiglu_s43_lr3000/training.json,141227,4d15a74aea9343987f5b52c1df2c0e1637b49ca0d7bf46a3fa4bba3e205b1692
results/neuron_geometry_recovery_v1/cells/smooth_twist_fixed_s17_lr1000/checkpoint.pt,1403297,9f87ae566feb02f5c6e9c6808b90ef2f46d64a6ffa993d2778dd036482ab9b31
results/neuron_geometry_recovery_v1/cells/smooth_twist_fixed_s17_lr1000/reporting.json,998,468c20551cb0af24532feb1e665fe20ab273b53fed2913a2ead9a8d6a4aa0f3c
results/neuron_geometry_recovery_v1/cells/smooth_twist_fixed_s17_lr1000/training.json,142235,17a64ddf5c1482791accba3f5d26c21d07632bfa223883ed445e6468e6ea8746
results/neuron_geometry_recovery_v1/cells/smooth_twist_fixed_s17_lr3000/checkpoint.pt,1403297,a51aa556b6a72f6524506b04d1d536e53a8e4c45c183121299aa7a9b0d8c73aa
results/neuron_geometry_recovery_v1/cells/smooth_twist_fixed_s17_lr3000/reporting.json,1013,508db5a502315d6f7c720cc9ec8cb766409fd1da3018fc0705f71037248a64e7
results/neuron_geometry_recovery_v1/cells/smooth_twist_fixed_s17_lr3000/training.json,141963,e3064c697542960dc5cd439dd03d6e2ef8f1b811ea4bed3a2b0ac1f3e81db8db
results/neuron_geometry_recovery_v1/cells/smooth_twist_fixed_s29_lr1000/checkpoint.pt,1403297,073ac8805915b60a308231d23f1185e22312982111acd33900a801af39a24d70
results/neuron_geometry_recovery_v1/cells/smooth_twist_fixed_s29_lr1000/reporting.json,1013,2b616b6c30dcd33a397af17ffaf5e5116230b1d27fdc22e89a0fb1784f8b9233
results/neuron_geometry_recovery_v1/cells/smooth_twist_fixed_s29_lr1000/training.json,142380,3921aa4e8f275e400d6272cdd4b5bc2850c9e046d413803a8a07b7bb3a205a5b
results/neuron_geometry_recovery_v1/cells/smooth_twist_fixed_s29_lr3000/checkpoint.pt,1403297,c7086a127fd251b5df141c4e3d0e57919690468c9faac61e397bf4ba21cda18d
results/neuron_geometry_recovery_v1/cells/smooth_twist_fixed_s29_lr3000/reporting.json,1012,1d36aa0699a4eaa4b01af835b7d4c81ee2aad5cbce8b4f05c911d11daff899e3
results/neuron_geometry_recovery_v1/cells/smooth_twist_fixed_s29_lr3000/training.json,141988,1a6d4ffddf9112b7f97661bdfdf91ba4a52aff8a69c619e9d262aba65c1d5df5
results/neuron_geometry_recovery_v1/cells/smooth_twist_fixed_s43_lr1000/checkpoint.pt,1403297,9e5b2af16300de16d76fa3cd1b623e74d6406f78f19213d4f1ba5b093e86f947
results/neuron_geometry_recovery_v1/cells/smooth_twist_fixed_s43_lr1000/reporting.json,1012,4e5212a118c1762df8df2d4ba3a901f89dfc2a89a378183d91a5c611de68a340
results/neuron_geometry_recovery_v1/cells/smooth_twist_fixed_s43_lr1000/training.json,142262,39648684a2ff3932331ccd51865e4d671206e3d6ac067c9ed955d7b087b8d929
results/neuron_geometry_recovery_v1/cells/smooth_twist_fixed_s43_lr3000/checkpoint.pt,1403297,8591b562a82ded9490d1294e39a7d13e76e9411aeb16fa5a2927951010e96719
results/neuron_geometry_recovery_v1/cells/smooth_twist_fixed_s43_lr3000/reporting.json,1014,3a4beb890aeb544bde3b93fbc3fe72a5f60d6f4ccffbd292667022f04269c894
results/neuron_geometry_recovery_v1/cells/smooth_twist_fixed_s43_lr3000/training.json,141949,3ada8e117db4010225210dface6dd0185944a55838c382a66a169b4b996686e7
results/neuron_geometry_recovery_v1/cells/smooth_twist_identity_s17_lr1000/checkpoint.pt,1403297,d2b9d4d7e5c0a85fe0b99426d4eeb8c4c35ea16e5ff9415c1faa20ce021a584c
results/neuron_geometry_recovery_v1/cells/smooth_twist_identity_s17_lr1000/reporting.json,1030,df2be25b9c64fb3e4910d9d44c2721446a03cc0776d96c216966b5cd539ef336
results/neuron_geometry_recovery_v1/cells/smooth_twist_identity_s17_lr1000/training.json,142502,6cf4de58a7734f261ade83b4a85529ab8c9d7b8fa06620cb577110b956d0c445
results/neuron_geometry_recovery_v1/cells/smooth_twist_identity_s17_lr3000/checkpoint.pt,1403297,f7cc897026808fd147eb2e6fe667c3e66b74c50755a5e788794b5f11b924279d
results/neuron_geometry_recovery_v1/cells/smooth_twist_identity_s17_lr3000/reporting.json,1031,daeb1d21f7b515327817e12b7962bc3db65388f89dcdda538cb916d0912561f8
results/neuron_geometry_recovery_v1/cells/smooth_twist_identity_s17_lr3000/training.json,142177,579b6fc118a3231b6f6f007869d06a8a35f5951ffe8b47d3ec1db4d6b8fa7eff
results/neuron_geometry_recovery_v1/cells/smooth_twist_identity_s29_lr1000/checkpoint.pt,1403297,677e7157f40a560e41be62511295726dd168e390e319ce7e18dba4260b1a07a5
results/neuron_geometry_recovery_v1/cells/smooth_twist_identity_s29_lr1000/reporting.json,1030,80ea149627e828aa310524d0e9e1acc471541149d7d8cf188e6134c4d4692b1b
results/neuron_geometry_recovery_v1/cells/smooth_twist_identity_s29_lr1000/training.json,142405,d0e6da9063e82a92dd3ea9fbb15c985d1c7c2319bbe4cde51946a33485c0f930
results/neuron_geometry_recovery_v1/cells/smooth_twist_identity_s29_lr3000/checkpoint.pt,1403297,d2f630d8c36c6f1bc1ed105aa8f5ff629dfc4424d37e310a252cdea09e61a522
results/neuron_geometry_recovery_v1/cells/smooth_twist_identity_s29_lr3000/reporting.json,1029,4e589bc2218c5a4d284434760b9f1b06ffa518794780371e7e662aca86f47983
results/neuron_geometry_recovery_v1/cells/smooth_twist_identity_s29_lr3000/training.json,142241,089684bd8126990a341b6bcd2352b5ec3e87d9664bd63449a2d7dff2d331b05b
results/neuron_geometry_recovery_v1/cells/smooth_twist_identity_s43_lr1000/checkpoint.pt,1403297,9232dad6b0e56a52b4da926150c8da0804d4abc2a7809904158abbcadb50e3a6
results/neuron_geometry_recovery_v1/cells/smooth_twist_identity_s43_lr1000/reporting.json,1030,95958f73006ad075ecbc76059b4a414cfc19a46fadef726138d5916e4c47ec83
results/neuron_geometry_recovery_v1/cells/smooth_twist_identity_s43_lr1000/training.json,142395,c4d67181e8a0af4989c76d6d84e2a5767c6e3d14395fa94d36b240769af69968
results/neuron_geometry_recovery_v1/cells/smooth_twist_identity_s43_lr3000/checkpoint.pt,1403297,5cd95a7e4a2bf4f9850f58ad4e271db2949d2acc47e2bfa23cda8f3a6f141e1d
results/neuron_geometry_recovery_v1/cells/smooth_twist_identity_s43_lr3000/reporting.json,1032,b8c80ece9151d4832d9ac3763a9f8ee5147d2e7c69a4514b8559c1750bbb0eaf
results/neuron_geometry_recovery_v1/cells/smooth_twist_identity_s43_lr3000/training.json,142237,f036a915ed71bdc159b5209442558736cb04b627071617de982616c96081d938
results/neuron_geometry_recovery_v1/cells/smooth_twist_learned_s17_lr1000/checkpoint.pt,1403297,83ca4fdab4340a72fc5ec6f56e54754a2df1ce50ecb3f61ee1a6798b254d1f83
results/neuron_geometry_recovery_v1/cells/smooth_twist_learned_s17_lr1000/reporting.json,1027,bcf28d86d513bba8c14f3e21bf6dc324de7719c6c360194c3ff5b4ac577a1910
results/neuron_geometry_recovery_v1/cells/smooth_twist_learned_s17_lr1000/training.json,142572,50930e6824cfc68cfa4f607a8abb12297cb4d41fa3c2bec8291d027318930fa1
results/neuron_geometry_recovery_v1/cells/smooth_twist_learned_s17_lr3000/checkpoint.pt,1403297,7306988657f25a745916b67238da84a04e8f67138277c88d9a939f50197f35f4
results/neuron_geometry_recovery_v1/cells/smooth_twist_learned_s17_lr3000/reporting.json,1011,79c4405c130441944a3138d14cd2ee610823bf4f51081e7c6f333c8d70a81bec
results/neuron_geometry_recovery_v1/cells/smooth_twist_learned_s17_lr3000/training.json,142275,134dd50ee1ee2fca3afdf412b01a9e48ae40532383ae9278f7e7462c073f24e4
results/neuron_geometry_recovery_v1/cells/smooth_twist_learned_s29_lr1000/checkpoint.pt,1403297,096d74a83715b64e3fe3bab31568ac39b35363728715d315c03df160781742a8
results/neuron_geometry_recovery_v1/cells/smooth_twist_learned_s29_lr1000/reporting.json,1027,a2e35915da250954e90d3549deb36569c14afed6ded2e356a95bca65fa476107
results/neuron_geometry_recovery_v1/cells/smooth_twist_learned_s29_lr1000/training.json,142582,c4bcce9be744c7d3785b1aa128b758b7ff954fe2e38f008a911e62dd92d59a62
results/neuron_geometry_recovery_v1/cells/smooth_twist_learned_s29_lr3000/checkpoint.pt,1403297,0f3a8a9200d6d43253981656b3028898187823c3e950fd11feaf13bb6dec06b2
results/neuron_geometry_recovery_v1/cells/smooth_twist_learned_s29_lr3000/reporting.json,1027,334055cda687ffd0ad0b2255a9eb4b92d45feda92dd65b274097ddae4192c8e5
results/neuron_geometry_recovery_v1/cells/smooth_twist_learned_s29_lr3000/training.json,142262,a45685e7e60c56be64de32929c0674bc582dfd5e4cdd48128fe7fa58f1867d6a
results/neuron_geometry_recovery_v1/cells/smooth_twist_learned_s43_lr1000/checkpoint.pt,1403297,6c436257bb8f05a989b129da4130de298cca7c937e19933e3665dabf71ecb798
results/neuron_geometry_recovery_v1/cells/smooth_twist_learned_s43_lr1000/reporting.json,1028,ab10821a1d7d2e75ea0988775172eba304750b7848ffdd04604bbb7e2b6c1bc2
results/neuron_geometry_recovery_v1/cells/smooth_twist_learned_s43_lr1000/training.json,142609,c0105806ae516e94ebf6dd59d420ed7bff2b7d7b841a759815c19b3b265dcde6
results/neuron_geometry_recovery_v1/cells/smooth_twist_learned_s43_lr3000/checkpoint.pt,1403297,c600afd243685816f941379239d5d12643f44f4380ab4e5da64274eedf2307c7
results/neuron_geometry_recovery_v1/cells/smooth_twist_learned_s43_lr3000/reporting.json,1028,a4ae89a08d66fc09e50865cdd950ddfee2485f82843191bdbea1906bb98a79bf
results/neuron_geometry_recovery_v1/cells/smooth_twist_learned_s43_lr3000/training.json,142300,6068c00b7ec0c3eaff22effee4a965961f56772a23b4e43218753758d7386ab9
results/neuron_geometry_recovery_v1/collection.log,2387,4abead38afaf26b56a28f46d64102ebd0a7cfbb0285dae246d6402ac19f91347
results/neuron_geometry_recovery_v1/collection_process.json,716,33f2ca024509af02fc5e63a6ea09a634b68027275479e24f0f41370d6e962bff
results/neuron_geometry_recovery_v1/coordinator_status.json,158,4c45650e41b8f4f5e43675ec58fc0019cc951a88fcef0240b3ccc47d9ea08806
results/neuron_geometry_recovery_v1/data.pt,570520889,a6a478797d54d040933c5cf1a11e3c43500aafd9ab781a852732dde7c9e40e06
results/neuron_geometry_recovery_v1/data_manifest.json,481,dbc9d20c018a20d23c780937cdec2d6264845bc2b12fd3584a771d20715c4412
results/neuron_geometry_recovery_v1/fitting.log,37362,6fe6e3c5056c66b465fbecffb19c7aff4e5affeccb09295ba77aa357309948be
results/neuron_geometry_recovery_v1/fitting_process.json,604,0cba993d9b98fe11f236a1fef645d1c59b4c2464e05b644e0f430c443765e10c
results/neuron_geometry_recovery_v1/launcher.log,3097,38a896592076edd20cc43cab9ae7446afe320838fab212c6df265fc7189a6d2c
results/neuron_geometry_recovery_v1/launcher_error.log,0,e3b0c44298fc1c149afbf4c8996fb92427ae41e4649b934ca495991b7852b855
results/neuron_geometry_recovery_v1/plots/learned_geometry.png,243992,78ac853fc5572673d53165e69f452ef12eff1ea15d5eebbbd859d46ef6d656df
results/neuron_geometry_recovery_v1/plots/learned_geometry.svg,163299,0c19494fdd586d5ae39b8de0a729907b0ae0ecc4c865b2ca86b658deb7e6bdd8
results/neuron_geometry_recovery_v1/plots/twist_evolution.png,122428,d433f7042e809e2b7d8c9ee03fd5620e590a1b0a29afaf7cb5e1cae5334671b0
results/neuron_geometry_recovery_v1/plots/twist_evolution.svg,96532,b2abc57db9f583607dca1c8a0e4cc484363e5e34bb5f5cced6f0be6d0835aadf
results/neuron_geometry_recovery_v1/protocol.json,24516,bdf33110739141ac94d6764aa7f16245d6e258323b764469b9bf1066e34e7c53
results/neuron_geometry_recovery_v1/qualification/count_bezier_1p.json,196,a0fdfd83d834b6c6a74e145608c8ec029e8c779619738689a547ade39d32eaa9
results/neuron_geometry_recovery_v1/qualification/count_bump_2p.json,196,33fb0575a9cd64afc047daf4e9b43fde6976c26ed95d08228a375e3982d2d5e2
results/neuron_geometry_recovery_v1/qualification/count_full_gelu.json,184,ffbb38b3b7665ee14df9a562c4786d41c926a0b306ea6bd544cadcd33d720e63
results/neuron_geometry_recovery_v1/qualification/count_full_relu.json,184,ffbb38b3b7665ee14df9a562c4786d41c926a0b306ea6bd544cadcd33d720e63
results/neuron_geometry_recovery_v1/qualification/count_full_swiglu.json,184,7835c85db44567fe121e3cc332c35ae3ae4b9dbcbe8019bcd6eb339d4cc39296
results/neuron_geometry_recovery_v1/qualification/count_gelu_offset.json,196,4e4dceb67933fe35c94c4bafd896a1307b32f6db682e39d1867f4a831fa00a18
results/neuron_geometry_recovery_v1/qualification/count_groupsort.json,186,701e4b68629e0ec2cca17f6c98f3ad8247877db9a81b40587345213a909c32c5
results/neuron_geometry_recovery_v1/qualification/count_linear.json,186,701e4b68629e0ec2cca17f6c98f3ad8247877db9a81b40587345213a909c32c5
results/neuron_geometry_recovery_v1/qualification/count_narrow_gelu.json,186,701e4b68629e0ec2cca17f6c98f3ad8247877db9a81b40587345213a909c32c5
results/neuron_geometry_recovery_v1/qualification/count_narrow_relu.json,186,701e4b68629e0ec2cca17f6c98f3ad8247877db9a81b40587345213a909c32c5
results/neuron_geometry_recovery_v1/qualification/count_narrow_swiglu.json,186,30529b7f10a9ba15f2d190977df97ffab31f1080f2c764d121e433023c248ffd
results/neuron_geometry_recovery_v1/qualification/count_twist_fixed.json,186,4f3837affbb73fa502db447ff6926b82ae9c9cf5488fad6d2afaa1a7460121fa
results/neuron_geometry_recovery_v1/qualification/count_twist_identity.json,196,4e4dceb67933fe35c94c4bafd896a1307b32f6db682e39d1867f4a831fa00a18
results/neuron_geometry_recovery_v1/qualification/count_twist_learned.json,196,4e4dceb67933fe35c94c4bafd896a1307b32f6db682e39d1867f4a831fa00a18
results/neuron_geometry_recovery_v1/qualification/cuda_bezier_1p.json,278,219e401940ebcaa6b8ff0b8ba6b353e9c1b72fd6cc131fa433079403e9fb81e9
results/neuron_geometry_recovery_v1/qualification/cuda_bezier_1p.pt,4248566,f8b3977082c4c7b5462d3f4c105cc88e023e07765baf444ef0f390df1bf64e7b
results/neuron_geometry_recovery_v1/qualification/cuda_bump_2p.json,276,c5d5eda7732f5a3c4f6c6b18219762f2e77088a7ebe8910a7821672a8a409e66
results/neuron_geometry_recovery_v1/qualification/cuda_bump_2p.pt,4248566,bcf63c15f7fcc6e7196dff51b500b5e632a6413d41a5ff8df1003cf2c18048b1
results/neuron_geometry_recovery_v1/qualification/cuda_twist_identity.json,283,1f250afb7b4527fd6a273fc433ab0705e62a73f3afa0b6c09e6b7a5633244b36
results/neuron_geometry_recovery_v1/qualification/cuda_twist_identity.pt,4248566,e7df21d50fa1118d2f11bf2031098d5c45ad6ead5d9df32caff49df7ac95375e
results/neuron_geometry_recovery_v1/qualification/cuda_twist_learned.json,282,74a5294af8fe6d695dd14f07e3ffbc6270cdef2d17ee055dda84808b745e0fd5
results/neuron_geometry_recovery_v1/qualification/cuda_twist_learned.pt,4248566,e7df21d50fa1118d2f11bf2031098d5c45ad6ead5d9df32caff49df7ac95375e
results/neuron_geometry_recovery_v1/qualification/formula_bezier1.json,270,a9dc68a22d0bb6c82b0d24b8f5f8e4b0dd71a05a3a9ddffbebf63775db431439
results/neuron_geometry_recovery_v1/qualification/formula_bezier1.pt,4809,3e4f6d281af28d1456269196256d522180ee62ba88105e3d4dd7a1bdbe75d840
results/neuron_geometry_recovery_v1/qualification/formula_bump4.json,268,6e39e8acdf3d8164121a67399f4aecfa118cff617df6c66a94dd126e8aa8ef2e
results/neuron_geometry_recovery_v1/qualification/formula_bump4.pt,4809,02846a9076a4cf31a55f29233cb2f07adc89d0dec6464a6823adc20fa1c1507d
results/neuron_geometry_recovery_v1/qualification/formula_twist1.json,269,bbf3d5f100e6c3a28080b2f632e2a537978a42bd179e6cf761d093a093f0ddb4
results/neuron_geometry_recovery_v1/qualification/formula_twist1.pt,4809,e2c64c9028f72e4ca1d18279d3d9f5555f4727db0d8dd8fb0c2093d1b768db1c
results/neuron_geometry_recovery_v1/qualification/formula_twist4.json,269,09ec17774bfc5461e0a7876335dea3bd9aacefccc02f84e2120d2100c2a15db3
results/neuron_geometry_recovery_v1/qualification/formula_twist4.pt,4809,112e4b6789e1703844f4e13bb86b7128f7c94520c4a6ccb7be39355e8fd3158d
results/neuron_geometry_recovery_v1/qualification/geometry_0.json,266,2947144b8474117daad1fe095d6abe2ebc871267a8a234cef4f2e3efa8f3e80c
results/neuron_geometry_recovery_v1/qualification/geometry_0.pt,15061,c52d1b7a8ad6cf6822e4938b7e1a4bd20803d5f0662d03db8122213a659989fb
results/neuron_geometry_recovery_v1/qualification/geometry_1.json,266,0546dfb874784ba80c9ca843ec39f1a9364dfb17978ec3def4527c2e3f1a0307
results/neuron_geometry_recovery_v1/qualification/geometry_1.pt,15061,6e0ca6877c7b52773d0e4d08782486c652d8fffd11e97d3a45cd3fdda64bf383
results/neuron_geometry_recovery_v1/qualification/groupsort_reference.json,243,ed79a4e697bb0e2a651b1ec56e05f325537c082b10e5539a241b212815aa1f2c
results/neuron_geometry_recovery_v1/qualification/groupsort_reference.pt,2333,0bf0847487b135b34799913cc814a581a17d3fe9f3135f2978771a1d30ac4cda
results/neuron_geometry_recovery_v1/qualification/initial_functions.json,303,98bf4f35b156abf5fb2b42f9cdf584981daf2ece74ff33264ba4cd9b4e91404a
results/neuron_geometry_recovery_v1/qualification/scalar_slopes.json,246,770ce6ab074e560aaaecb1cd6845254ec8f0eed80b207eb7bce1fef6c11a1203
results/neuron_geometry_recovery_v1/qualification.log,795,4e45455750919bb87b5509e1bd2d2ae7ab875ea18f1f851f554d8679393f6307
results/neuron_geometry_recovery_v1/qualification_preservation.json,125,ddfa4bd64fab26fe29d47fd5f2f042ceb989c5857574cc157e8b64dc72c51b3a
results/neuron_geometry_recovery_v1/qualification_process.json,694,dbc4e4a87488250684874bf23336cc58e1b9720b69a0e31f8ac12353985ada67
results/neuron_geometry_recovery_v1/result.json,719336,d1c6a41557091c47da97e7636c7abd606e4ef3181c731761e574346e414db4b1
results/neuron_geometry_recovery_v1/selections/multiplicative_bezier_1p_s17.json,185,b9439f16fa1406ed7871c83516d726ff51ee59aa2b86b08d922f4b69c6fbe462
results/neuron_geometry_recovery_v1/selections/multiplicative_bezier_1p_s29.json,186,f771b91f566767714f6bbed883f298567d03a0b3ccb94e07a8f16808c939d5af
results/neuron_geometry_recovery_v1/selections/multiplicative_bezier_1p_s43.json,187,d889b449f0b6d2bc3109347d8444ac7fdc7332172c77d2ec0200d4cfff3c2632
results/neuron_geometry_recovery_v1/selections/multiplicative_bump_2p_s17.json,184,488e6de61b8dd8e271752d18ab04241fbce9832b8a2ab88d51a758a0453424af
results/neuron_geometry_recovery_v1/selections/multiplicative_bump_2p_s29.json,185,330a31b8dce5e23952ca1431e46fb57afc5cc314bf2af1a3b8914a42aa27b3fd
results/neuron_geometry_recovery_v1/selections/multiplicative_bump_2p_s43.json,185,cfc0c5ba0417c894d012def9d766993a29b12241e883edecf16688187937b93c
results/neuron_geometry_recovery_v1/selections/multiplicative_full_gelu_s17.json,187,11fc28d2ce0acd830bfdbdf68946af07fd252b63a74bc7dec3a79096e27d5656
results/neuron_geometry_recovery_v1/selections/multiplicative_full_gelu_s29.json,186,3084df20569a13923e3ec0f4a4e50c10c8279a6b206e12d7e6a01b6cdfa7373e
results/neuron_geometry_recovery_v1/selections/multiplicative_full_gelu_s43.json,187,4bf46261367191c117ba14389dc8f231b818d85e0525231a2413cc765cacd1e1
results/neuron_geometry_recovery_v1/selections/multiplicative_full_relu_s17.json,187,caac56646f2194fb3a656a51e8c7b20bd737055a17a2e9b45be4efda4db7bd33
results/neuron_geometry_recovery_v1/selections/multiplicative_full_relu_s29.json,186,dfbeb22fda1a3e58ecacbc28e31e00aa878d44eeb784327311865063c1419000
results/neuron_geometry_recovery_v1/selections/multiplicative_full_relu_s43.json,187,92a48d5fdc4d51103106ee65f6da429de36b4c94292d74dd89866889f8cc5583
results/neuron_geometry_recovery_v1/selections/multiplicative_full_swiglu_s17.json,189,a0aa8967b56667759e036cbd1d34effa742d7d3f8a50d756fcec86b4760d497b
results/neuron_geometry_recovery_v1/selections/multiplicative_full_swiglu_s29.json,189,4c9bfc3f6a190e4b82deb6be59a34cff8ea39e0a0cf4778cf015e312c8b0b102
results/neuron_geometry_recovery_v1/selections/multiplicative_full_swiglu_s43.json,189,f5817d440d6f1dac82d4efad79ca0e4596940738988a787f651cf599fbadb091
results/neuron_geometry_recovery_v1/selections/multiplicative_gelu_offset_s17.json,189,43a35acac5f715c7807186602ca6c9817f8a34419798c1c6b40a022eebd4e090
results/neuron_geometry_recovery_v1/selections/multiplicative_gelu_offset_s29.json,189,69d521ce3d9f8903ae915c0015640a2ab9b75cdff89f403a19c708fdc979c239
results/neuron_geometry_recovery_v1/selections/multiplicative_gelu_offset_s43.json,189,ce1f35b73f5f8baf9b4a344ec841e0382d86f326f4b3dc6f637b6afefcd46bfb
results/neuron_geometry_recovery_v1/selections/multiplicative_groupsort_s17.json,187,ec236af3b40f5f41c36efbcdd2acc0451809d16aefdffe632f33b7fc02319e76
results/neuron_geometry_recovery_v1/selections/multiplicative_groupsort_s29.json,187,03243ab7feaff6ecb15db95348a7eec9fb3dfcf306d76e452e66a65f33cf517e
results/neuron_geometry_recovery_v1/selections/multiplicative_groupsort_s43.json,187,11cf64b8ce882b89e4639dcb7fd97363b1178fca574a7c91c5e0aa4579c77434
results/neuron_geometry_recovery_v1/selections/multiplicative_linear_s17.json,184,166bb80f2f3f35a37ab0516c503f3c6f00e90ad49a7f5900225fdcbe97b12c7d
results/neuron_geometry_recovery_v1/selections/multiplicative_linear_s29.json,184,d58592290620eaba4f4a83f7044820547490c07c4822c11d2034bec651130765
results/neuron_geometry_recovery_v1/selections/multiplicative_linear_s43.json,184,558822e5fb2a7a5bafc1e364fe21313161da2e9171c3b36ac73e9a1d3d86ef80
results/neuron_geometry_recovery_v1/selections/multiplicative_narrow_gelu_s17.json,189,d031c91bff27a09481e10bc676b058a938b5c399427bbf9b762b8b6165bc2307
results/neuron_geometry_recovery_v1/selections/multiplicative_narrow_gelu_s29.json,189,b0e630edcb6efcb3e34e5415a60380a41286867e65913728800811d54a92c014
results/neuron_geometry_recovery_v1/selections/multiplicative_narrow_gelu_s43.json,189,54e6db8448b1dd14a5e133e71f4d13361e3a7e2f72bf5f64a3f7892da417e984
results/neuron_geometry_recovery_v1/selections/multiplicative_narrow_relu_s17.json,189,75199b80e7591e6a28c62493ac6d5f39f790ae2ad4129de336171879d3db034c
results/neuron_geometry_recovery_v1/selections/multiplicative_narrow_relu_s29.json,188,d7e607f186755d3f993d406e4a79ac7e3f1c6572ac55527bc8a4ca712f0cee32
results/neuron_geometry_recovery_v1/selections/multiplicative_narrow_relu_s43.json,189,df9c12d059e20bc96f880f0b7918f890ec5c5a1922ab67a98c34bfec7ced2f02
results/neuron_geometry_recovery_v1/selections/multiplicative_narrow_swiglu_s17.json,191,9c1c6d1657b1a68dcb1058e78f226d3f23aadc89bfee91a92151ac86821445fa
results/neuron_geometry_recovery_v1/selections/multiplicative_narrow_swiglu_s29.json,191,1264e5c71985191a2ff245f128eba034ed2c378210af1e70c929b74110c85c17
results/neuron_geometry_recovery_v1/selections/multiplicative_narrow_swiglu_s43.json,191,afbbc6caf634e3fd4e61caeb46f7c80d1d0c09df5727c47cacae1984ffcb5005
results/neuron_geometry_recovery_v1/selections/multiplicative_twist_fixed_s17.json,189,0267ffebcd7f671b1529b40b95655b84c02a12dbaad71d7942b2715769f7f65d
results/neuron_geometry_recovery_v1/selections/multiplicative_twist_fixed_s29.json,189,6d80a03efd8bb43f7aeb33d056623424010e3b08ba5982fb68163bdb52c59020
results/neuron_geometry_recovery_v1/selections/multiplicative_twist_fixed_s43.json,189,4bfbec26b3029b454a9c27e0387c547aef71670f9989e844918c8c04bf64ad34
results/neuron_geometry_recovery_v1/selections/multiplicative_twist_identity_s17.json,192,fd797b90b526c5311eaf74cba179ef53acbc74c79629581cf3763ee47e0e4d09
results/neuron_geometry_recovery_v1/selections/multiplicative_twist_identity_s29.json,192,4beb8ced8c0792732861c3fce19f38c2c712f847e4f1108c1cb407591c93c161
results/neuron_geometry_recovery_v1/selections/multiplicative_twist_identity_s43.json,192,f0112f71d07a14482026c12e905f6eece0363b193fed75946ebc60052ced36c5
results/neuron_geometry_recovery_v1/selections/multiplicative_twist_learned_s17.json,191,224f347fcbe8d5881323bf8716a5e1acaddd726de7238b55b6602ed3a53de77a
results/neuron_geometry_recovery_v1/selections/multiplicative_twist_learned_s29.json,191,19bbcfa095af974accc48d908481d23897223e8c91a8b5ef490a09b28f352121
results/neuron_geometry_recovery_v1/selections/multiplicative_twist_learned_s43.json,191,a668bfd03b1f1749a2dc359b416b1083b318170dad1367eb7936c9330156d551
results/neuron_geometry_recovery_v1/selections/oscillatory_bezier_1p_s17.json,184,367a17e42a240666e5d6e6b006f0791f5f6cc941008816f00569209eb2f4d471
results/neuron_geometry_recovery_v1/selections/oscillatory_bezier_1p_s29.json,182,abcbf19bca077d345e34fb1120c9ebf8552a286d031288570ddae292b62079f2
results/neuron_geometry_recovery_v1/selections/oscillatory_bezier_1p_s43.json,184,a955446a2e4eea9da98909a5eaca84b1414cee6e37f7444f8fe8059ddfe25123
results/neuron_geometry_recovery_v1/selections/oscillatory_bump_2p_s17.json,181,eb3474eebbc257937056ef50e4d940354064ca559abe59c8284dd00b03283c1c
results/neuron_geometry_recovery_v1/selections/oscillatory_bump_2p_s29.json,182,6c3573e17aa5d5d39a5dc103a79701afd9593316fbd5f59f42d0e290eac6cc5a
results/neuron_geometry_recovery_v1/selections/oscillatory_bump_2p_s43.json,182,85f3901c98c059cc4808d6c21cd3c176a6b7864cc9577d207570bacd78709de7
results/neuron_geometry_recovery_v1/selections/oscillatory_full_gelu_s17.json,184,fa6b15236ca2fec6a4777075b1b675f834766ab55441f84236f0b9b069a417b9
results/neuron_geometry_recovery_v1/selections/oscillatory_full_gelu_s29.json,184,c3a99a5c2808d697fe6d3d1453b28103f716afe145a2c009aa3c68f755a8df3f
results/neuron_geometry_recovery_v1/selections/oscillatory_full_gelu_s43.json,184,498af2492b363223a37ad51caca79def5b04eba2140923610f16b5d8c35c9b6b
results/neuron_geometry_recovery_v1/selections/oscillatory_full_relu_s17.json,183,4dbb28d238c523801055ee17af9d35547f08f7af2c85a22708dd3c8c7fef33c1
results/neuron_geometry_recovery_v1/selections/oscillatory_full_relu_s29.json,183,5837804f82680ce372a21b1dd4e210ca2ee471f2f777982faa69497d751f032e
results/neuron_geometry_recovery_v1/selections/oscillatory_full_relu_s43.json,184,324d7ed9b1da326b4d4816a2fbd7ef998a39f63588404e2369dfb2d53ae7fa77
results/neuron_geometry_recovery_v1/selections/oscillatory_full_swiglu_s17.json,186,4759bc07fba6f1e0315afbd2365b304622d03d42628d7a59fd15c2c3af664e8c
results/neuron_geometry_recovery_v1/selections/oscillatory_full_swiglu_s29.json,186,9b91f22ae24cc353ffd15dc14041870c63f5ac4cbfd0fb4b253541530e7df03e
results/neuron_geometry_recovery_v1/selections/oscillatory_full_swiglu_s43.json,184,b65bff8d4ec35e26040097f265bd1c81a85c7ec1be0a7b16fc2bf85fc6330a50
results/neuron_geometry_recovery_v1/selections/oscillatory_gelu_offset_s17.json,186,a2a20d0244e2c2196e9bf309d934baa9c3cd4efa7e6da1744ec5a69e2cb7fcc2
results/neuron_geometry_recovery_v1/selections/oscillatory_gelu_offset_s29.json,185,1eafb8fe966d635db3bacb508362d38631e9328c332deceb232bc4b33c07dd41
results/neuron_geometry_recovery_v1/selections/oscillatory_gelu_offset_s43.json,186,180d1e36c81ab715eb9b9262240dd1d3b17ce2c5a8fa58b7b014776b55a75322
results/neuron_geometry_recovery_v1/selections/oscillatory_groupsort_s17.json,184,8a21b7b19ad28d93622034f3bf9b82b25532f96cb084726db5fcdd21081bf577
results/neuron_geometry_recovery_v1/selections/oscillatory_groupsort_s29.json,183,8157c6d7146bab5abf02d0448913b58510f894a2e8b6eb14778853ec7deedcfe
results/neuron_geometry_recovery_v1/selections/oscillatory_groupsort_s43.json,184,979bca988690487db65b3a9047e56b9ba158bcd7b6e0d7d3cd5792721e10175a
results/neuron_geometry_recovery_v1/selections/oscillatory_linear_s17.json,180,c8fbf6f20a252ab34d62ff7743aa4ad4511756b42e75de61bd11aff46fb3e2c6
results/neuron_geometry_recovery_v1/selections/oscillatory_linear_s29.json,181,0b04a4f7e0d792cda309ca8ebefa9b2e597001936883217649bb4600a5088601
results/neuron_geometry_recovery_v1/selections/oscillatory_linear_s43.json,181,4e3bbcd4ae4155249fd4d82252a236f816a4f88d2feba620ef8421a0902132de
results/neuron_geometry_recovery_v1/selections/oscillatory_narrow_gelu_s17.json,186,1ff5e45605cbd91b190b975662ea97028efd7aa073ddb672f73330f77a67d72a
results/neuron_geometry_recovery_v1/selections/oscillatory_narrow_gelu_s29.json,186,1c39421724e018fb291b10fd6ef92ecfd45c4f5286f6ab80b4fc8f6caa5c7a82
results/neuron_geometry_recovery_v1/selections/oscillatory_narrow_gelu_s43.json,185,1a4dd458b9d65b5919caf9c9a56ff5c895b9a7ebb9e02cbe9d9a8c7020951560
results/neuron_geometry_recovery_v1/selections/oscillatory_narrow_relu_s17.json,186,fc0872951943fc999c95cfa051b9d3272108189f22bb7311eee7d5770a13dce6
results/neuron_geometry_recovery_v1/selections/oscillatory_narrow_relu_s29.json,185,f0008e0c584a21c9e10fb2ff9170b37d05e61bbe7f299f685b330429e448cca3
results/neuron_geometry_recovery_v1/selections/oscillatory_narrow_relu_s43.json,186,aed684a81b2724e8799d1b70f931f3358d8d99b18ec7171d1aceeafa0c1a73f2
results/neuron_geometry_recovery_v1/selections/oscillatory_narrow_swiglu_s17.json,188,f32652c7a0f7c7874c45edbe27b9ded6118d0e0f6f0c20fe62ac96aeeed1ed32
results/neuron_geometry_recovery_v1/selections/oscillatory_narrow_swiglu_s29.json,187,61dfe27b5a391319028e287f96b526e105356aa8668573ecc8ca5426db468399
results/neuron_geometry_recovery_v1/selections/oscillatory_narrow_swiglu_s43.json,188,a8d90a819536a37de5b0e97d47d3b5ab659aff32711b3993768effe15d2dea37
results/neuron_geometry_recovery_v1/selections/oscillatory_twist_fixed_s17.json,186,d4ba71fe3be044a3efa9cd013c27855a44bdc77a18f10ef2ba47d86dcb1fa200
results/neuron_geometry_recovery_v1/selections/oscillatory_twist_fixed_s29.json,186,176abe7713c797bd6962ccceb06c586c4a054969e198dd69b90f45348652cafc
results/neuron_geometry_recovery_v1/selections/oscillatory_twist_fixed_s43.json,185,3809495ac20c96214087df0ef0b33625a080a51ae1b602d5b1eeae908711c01c
results/neuron_geometry_recovery_v1/selections/oscillatory_twist_identity_s17.json,189,cafb970c58c715618e7cf2abe3e2b0709562e4e74f49dd1672368907b341f20a
results/neuron_geometry_recovery_v1/selections/oscillatory_twist_identity_s29.json,188,afd76f3d3e3eaeda9d01ed709c85020f508fe505a993306639ecb949bd9f77e2
results/neuron_geometry_recovery_v1/selections/oscillatory_twist_identity_s43.json,189,1cebc9d8a16fd95f6ff7aa393fd1ca9c55139b685bc9cb58200b8b7d28e3f759
results/neuron_geometry_recovery_v1/selections/oscillatory_twist_learned_s17.json,188,733e64e9ac838324c325c0b3702aa352a1d259b00e58b69e5838c49a2e53fe98
results/neuron_geometry_recovery_v1/selections/oscillatory_twist_learned_s29.json,188,b07acd691f3579b8736276cb546c2a087a555f450d587113ff0742216d40d7ff
results/neuron_geometry_recovery_v1/selections/oscillatory_twist_learned_s43.json,188,4b442bde0f6ca0aede411c5f1a50764dbbc57d87a0de18e1be9f9589ef657624
results/neuron_geometry_recovery_v1/selections/piecewise_bezier_1p_s17.json,182,fd716a21297a832147581c4bafefcebcf151ceafde6fc02c02f5ede3c8d9ee00
results/neuron_geometry_recovery_v1/selections/piecewise_bezier_1p_s29.json,182,9af40a02e79f1de2c1e03878c269e6303d72d3f46dd7af982cd86670a31df5bd
results/neuron_geometry_recovery_v1/selections/piecewise_bezier_1p_s43.json,182,d34172666099ca87378c106e7f80bb017222b94aed217ee079e4751cc3f1e137
results/neuron_geometry_recovery_v1/selections/piecewise_bump_2p_s17.json,180,39999092afae1e75e99de6e0b34eaa5d09013224ca0f81b072c91eb15b44dfdc
results/neuron_geometry_recovery_v1/selections/piecewise_bump_2p_s29.json,179,e01fb29f59e390daf173b9762c4c26d859de672b63655b3ff921283a2261070d
results/neuron_geometry_recovery_v1/selections/piecewise_bump_2p_s43.json,180,e79fd1c3cb0a94bfa852f21950195c512bbdb7a7c9b7d45b124976fb7f2eaa41
results/neuron_geometry_recovery_v1/selections/piecewise_full_gelu_s17.json,183,1a43930944f0454c2ce39d58f3dc45ba54bae2e820784a9e28b1380816eb7a94
results/neuron_geometry_recovery_v1/selections/piecewise_full_gelu_s29.json,183,d2cb2addd2d8db5396a138249232e7275a1c96cea251870edeb12ddde9665e19
results/neuron_geometry_recovery_v1/selections/piecewise_full_gelu_s43.json,183,238a2768dc10da8967920d089e07d446c81e54717451013a338a7bbbc3ed3133
results/neuron_geometry_recovery_v1/selections/piecewise_full_relu_s17.json,182,e19e69929463be57a49fb917253a6b2e3e1bd98c13032d4bdf8f56de20daf652
results/neuron_geometry_recovery_v1/selections/piecewise_full_relu_s29.json,182,45a10596f5425426eb93914acb3f72971ba4c8cfd056803c3f193a2dd35c9247
results/neuron_geometry_recovery_v1/selections/piecewise_full_relu_s43.json,182,9f559335c20a7b5edb7822f83439f7fa28df3ca972ebe0071d82ca6fa3cc8667
results/neuron_geometry_recovery_v1/selections/piecewise_full_swiglu_s17.json,184,cb5326e10830d9c871807d9770bde2f1645a6e234c196bebba5b3cee3d702f11
results/neuron_geometry_recovery_v1/selections/piecewise_full_swiglu_s29.json,183,73dd4d3a9d8559f056045447c49835c6fb127f405254c7e3cf4496af9f68f521
results/neuron_geometry_recovery_v1/selections/piecewise_full_swiglu_s43.json,184,ed85314053beba325b5937b346c20328a0cddc48f2dd2aafc39ee2a71556e336
results/neuron_geometry_recovery_v1/selections/piecewise_gelu_offset_s17.json,184,97d5fd2ab36989779f3c8a981f6d687ea3008c80b4952ec64d93d181defb2c24
results/neuron_geometry_recovery_v1/selections/piecewise_gelu_offset_s29.json,184,b5e6fc167df7310707e8699cb147f53aedb580799360d4ce8b91a4156bdd2e3f
results/neuron_geometry_recovery_v1/selections/piecewise_gelu_offset_s43.json,185,402b6ffc5b8458d61541db53bc1619263d0885f777af6a67e514c4b83dc426c6
results/neuron_geometry_recovery_v1/selections/piecewise_groupsort_s17.json,182,8df0c60cde7d0f533b964a9b7da083c1b8e23b8a7f8fde6a9cd6ee9ba6545d75
results/neuron_geometry_recovery_v1/selections/piecewise_groupsort_s29.json,182,0a03d0fb0c99e4e5ffc09ae6d4ce506dbbc34d9016d54d9b885bdfbc5ddc43ce
results/neuron_geometry_recovery_v1/selections/piecewise_groupsort_s43.json,183,0e24bd992584186c70221a6a6088ffefa557d0a2964c5684d549120ea2518cb2
results/neuron_geometry_recovery_v1/selections/piecewise_linear_s17.json,179,9e0c0638de520a4c4b5c7b6b4583471ef560d20d4b1af0d92c48ce07d9af2e61
results/neuron_geometry_recovery_v1/selections/piecewise_linear_s29.json,179,aa764fa7b460a1c6e5f540b86d2378f1cf8c499fc6e00d666b81127e1f752e44
results/neuron_geometry_recovery_v1/selections/piecewise_linear_s43.json,179,ed443aca0f27ce4fa6303ab8d3a95e737a744926856697425c942a5104dafe65
results/neuron_geometry_recovery_v1/selections/piecewise_narrow_gelu_s17.json,184,88c42653306aea428eed47ec0effc361a0bbec467ead4a03dfc0491e47d32588
results/neuron_geometry_recovery_v1/selections/piecewise_narrow_gelu_s29.json,184,3558c269cf3eb47e06fb724807e46ec574b64dfc0115cba2316f0c1265adc43e
results/neuron_geometry_recovery_v1/selections/piecewise_narrow_gelu_s43.json,185,f3062d26cb66248eaf49843a45aab9088cd53885bc6f643bb61d730389c3d356
results/neuron_geometry_recovery_v1/selections/piecewise_narrow_relu_s17.json,185,6e91aa1373f8eadbb8f16a6da411ad4fbe75fea460b99fe2ecf8e0d7f6a0f1c0
results/neuron_geometry_recovery_v1/selections/piecewise_narrow_relu_s29.json,184,59813a42288d84c00b50800c65662376c715b89b2929f0524f371ca8846765be
results/neuron_geometry_recovery_v1/selections/piecewise_narrow_relu_s43.json,185,5c973ba0d8ff3fc7cb53af14c20eda1cbf0ead69e72ba2cae60a41f68a7f5121
results/neuron_geometry_recovery_v1/selections/piecewise_narrow_swiglu_s17.json,185,deb96bec36740b85aa2025f2229ed784240a0a6981dfbffaacb43e712d118e3e
results/neuron_geometry_recovery_v1/selections/piecewise_narrow_swiglu_s29.json,186,593125f83342c0a5957d836ce982c578bafb8a77a92bbc68d5bce8b11d07638b
results/neuron_geometry_recovery_v1/selections/piecewise_narrow_swiglu_s43.json,185,993834893b585715291d1810328248f611369ca5ef3c9733c2da3c837453e94f
results/neuron_geometry_recovery_v1/selections/piecewise_twist_fixed_s17.json,183,63365c7fcd585094a0f1459d2bda5ea7a851027b528cf03e2808cedc7e4bf248
results/neuron_geometry_recovery_v1/selections/piecewise_twist_fixed_s29.json,183,1a19b352cf2ad532faac4df80b723b695dc2105283123c6591b336afeb33afd1
results/neuron_geometry_recovery_v1/selections/piecewise_twist_fixed_s43.json,184,ab285e872a858c194de1a08d883b764702e3143a7aab4d92050788b440b8a0e2
results/neuron_geometry_recovery_v1/selections/piecewise_twist_identity_s17.json,187,bd5889bf066e9888742f9fa9888b5c472c3adb2844c6737bba42c5945ad433e6
results/neuron_geometry_recovery_v1/selections/piecewise_twist_identity_s29.json,187,404228b03bd593427e61c6286970d63e2268f026cc2a18cdaee5a5a58bda6645
results/neuron_geometry_recovery_v1/selections/piecewise_twist_identity_s43.json,188,6bfb2887631c2628a7d6e9b9e267b0f249fed53c71b25c0e28ee6f3e443a3b68
results/neuron_geometry_recovery_v1/selections/piecewise_twist_learned_s17.json,186,d97dc3a880115baf916654097830499c28eed19cf575b25ed0f1ece42fce5687
results/neuron_geometry_recovery_v1/selections/piecewise_twist_learned_s29.json,186,bb096d417f35da932d9c963b8c251a14abd76f4fe227f4f9041957ab3064730e
results/neuron_geometry_recovery_v1/selections/piecewise_twist_learned_s43.json,185,59bfe7da45b7f8136ec74ec0f22c51f9b4ab834b57190534b80cc50a32001791
results/neuron_geometry_recovery_v1/selections/smooth_bezier_1p_s17.json,178,d08749e6cf3accc3704bd7e9dcb4ed75133de85895e7538430e6219bb751c0e6
results/neuron_geometry_recovery_v1/selections/smooth_bezier_1p_s29.json,179,48ad07db46d5c411d4b3242c2b61a38f8f4bc4cac7dd523b08bb99cc7305f20d
results/neuron_geometry_recovery_v1/selections/smooth_bezier_1p_s43.json,177,17196f5428d416a7510bf8b2174f6ecb39adf82dcbe31723aaa3043807c5b835
results/neuron_geometry_recovery_v1/selections/smooth_bump_2p_s17.json,177,0d99dca08eaf05798b318936db06279f77deb5561b22cf0e7518a721f045a576
results/neuron_geometry_recovery_v1/selections/smooth_bump_2p_s29.json,177,4af16a7ab3fb7318c4face9af16f4f19b988b4378e4f92611b40fe7d108c7b89
results/neuron_geometry_recovery_v1/selections/smooth_bump_2p_s43.json,177,0613e775bec317e2940e4a77510c459e3b518902dd24372ef3e4abb5fd87b734
results/neuron_geometry_recovery_v1/selections/smooth_full_gelu_s17.json,180,32feb950ed41397f2649e299637e43d6a74e0d2b2b9cf535123ed3527cd956ff
results/neuron_geometry_recovery_v1/selections/smooth_full_gelu_s29.json,180,ce7ab14338cdc5bcc2861331573bb20b3a8d3f876218a21fd93ab5111dd34111
results/neuron_geometry_recovery_v1/selections/smooth_full_gelu_s43.json,180,501838605ef2b49875d5e362d029904c674d6c447346f81e3de53f5903cf00e9
results/neuron_geometry_recovery_v1/selections/smooth_full_relu_s17.json,179,913038d962554c9fd380c736b0e29c6081c3797ea122bedadad212d8dd0869a8
results/neuron_geometry_recovery_v1/selections/smooth_full_relu_s29.json,179,7b78fe0f5bc90ea6c61361f03c35c489c99c956c5683f058c74c481eaf67d783
results/neuron_geometry_recovery_v1/selections/smooth_full_relu_s43.json,180,16cd0a549045890c4c514c0daec35e3238551e2b5579b0af23f7e4bbda8766a9
results/neuron_geometry_recovery_v1/selections/smooth_full_swiglu_s17.json,181,5a1afc7865f461dc71046bdadf3f6998eebb70d8ac874214d49207cf02fb31c7
results/neuron_geometry_recovery_v1/selections/smooth_full_swiglu_s29.json,181,09ecc6a61f36eed634396c561c7029ff56775ea544473e167e41c546dc966976
results/neuron_geometry_recovery_v1/selections/smooth_full_swiglu_s43.json,181,75ddb30ef8a692cc5ba1ca222c325100778d960ad49c1e5227b892bec28d6a90
results/neuron_geometry_recovery_v1/selections/smooth_gelu_offset_s17.json,182,a3219c5956365145dc4888f44ccaec58d82b23c15d9126d1e3057983bff2cc8a
results/neuron_geometry_recovery_v1/selections/smooth_gelu_offset_s29.json,180,7404cd1d20842c92124e473b502f900cb8f2e04ed469a5d411afd12e0534b103
results/neuron_geometry_recovery_v1/selections/smooth_gelu_offset_s43.json,182,bcd03f59f6b33bfab3b492f3e6f3184d5da392232943690c3f44c38025809772
results/neuron_geometry_recovery_v1/selections/smooth_groupsort_s17.json,179,50c8bba209f3bc7521ba1f7e79a12fa34a4cc6e158ae0b0dc2a03f52ef7c888a
results/neuron_geometry_recovery_v1/selections/smooth_groupsort_s29.json,179,c5241a56dd22d0f2401d4b2df9a1105e162fbc73be68398c20dd51d9644edd38
results/neuron_geometry_recovery_v1/selections/smooth_groupsort_s43.json,179,1ed0d307a21191cee01ec7ea7b083a917b6c99e7802270097970cc08360c83a2
results/neuron_geometry_recovery_v1/selections/smooth_linear_s17.json,175,f38dbeb81952f5fa8ba305ee5f9618d75b046f86e7818c59859b09788ef15f48
results/neuron_geometry_recovery_v1/selections/smooth_linear_s29.json,175,dda8f4ddc4ac221942feeacd1205c530717f39315b53ed9fce0f951eb6e62ee0
results/neuron_geometry_recovery_v1/selections/smooth_linear_s43.json,175,07396756b90383f939a6279603d6e457b2e6d6ad64a2198bc308e0ce775cdac7
results/neuron_geometry_recovery_v1/selections/smooth_narrow_gelu_s17.json,181,e1c967a09667644570c4fe4de06d5458dfa2aacdbf2fc7d88d306e36274fae15
results/neuron_geometry_recovery_v1/selections/smooth_narrow_gelu_s29.json,181,ef80b36823bbb30944cb0fd3ebf9126a7a86c76c62ce5dcb5205863324a2c463
results/neuron_geometry_recovery_v1/selections/smooth_narrow_gelu_s43.json,181,7324e51f88069f12f0c7b5a42672cafa6c0ebb7dc51ba67bdd2ac1aecfcd4df7
results/neuron_geometry_recovery_v1/selections/smooth_narrow_relu_s17.json,180,f8134224d29478a86cb2024ebf54790fbef1a4244cf6b0805ed96917bc52af6e
results/neuron_geometry_recovery_v1/selections/smooth_narrow_relu_s29.json,181,05362ef920f0deb1d4cdf971e4781a781ba702444edbfbe34298c7bf4ff13533
results/neuron_geometry_recovery_v1/selections/smooth_narrow_relu_s43.json,181,dfedba3919ff6493b128adef6dc88f8324f2624e5f94b56f0041a01363d64134
results/neuron_geometry_recovery_v1/selections/smooth_narrow_swiglu_s17.json,182,8a6483ed135b44e869254f581a6436c16e2ec571728ab8c05efddfe9cdd3b656
results/neuron_geometry_recovery_v1/selections/smooth_narrow_swiglu_s29.json,183,0de5e14909299d96d1d9ea119d1d660ba24985e070373301c2763f61c8e21846
results/neuron_geometry_recovery_v1/selections/smooth_narrow_swiglu_s43.json,183,f5237907930631a760ed0b60b366916fd55c133628a127b484f971821d0b972d
results/neuron_geometry_recovery_v1/selections/smooth_twist_fixed_s17.json,182,d6a988ed10fc33b0270cade1341e57278059909fdd48bb127407513464f9cd88
results/neuron_geometry_recovery_v1/selections/smooth_twist_fixed_s29.json,181,e76254edf5f383237d5b6fb8de3732ff194173a9e3feb8172277b4ea53b0011f
results/neuron_geometry_recovery_v1/selections/smooth_twist_fixed_s43.json,182,ba9f1c2f64273b7e46c633a2afd08ec1f4d0d3d343777a3804a9dc51101a7817
results/neuron_geometry_recovery_v1/selections/smooth_twist_identity_s17.json,184,e6b15767a52ca42227f80261cba6342747cb6b01393d38bae6f1e2ca66d924ea
results/neuron_geometry_recovery_v1/selections/smooth_twist_identity_s29.json,184,5c14ef147260f9c58038b27e443193d649592756fbc732f85345a3d108a940a7
results/neuron_geometry_recovery_v1/selections/smooth_twist_identity_s43.json,184,20224401a0383a407f31264f4fca808b6edc7ef686c0c027285186f9d7b9e2cb
results/neuron_geometry_recovery_v1/selections/smooth_twist_learned_s17.json,184,2db9c391e8fd36e8af574068cca5732c0e599e8c265baf7b0e49a21f589e3be6
results/neuron_geometry_recovery_v1/selections/smooth_twist_learned_s29.json,183,e6ee4566bafa32a6e483ae6636d8f544c1702a1d3657a52102b6fc0220ac0b08
results/neuron_geometry_recovery_v1/selections/smooth_twist_learned_s43.json,182,885a06b38d1b27b8af97c430e57f40c506bc41170ded7fcbf04c048d7842f27c
results/neuron_geometry_recovery_v1/source/launch.py,5944,421aa9ee2c0d6681a3f6ea2a212f1cc745856f3214844bf01298484e0d39b2e6
results/neuron_geometry_recovery_v1/source/recovery.py,2163,a05f461f692e86a393f487b3856017747c0dbfa774a394dd0557bc7fd0221752
results/neuron_geometry_recovery_v1/source/test_recovery.py,525,1913a67d45c910103c7757568110b7a8d9a881778b511406210e70eef4df4979
results/neuron_geometry_recovery_v1/source.zip,573764,a83528a4976b1eee64d23a0eb64c46bb994d9b378de9b87ede86b436a773350a
results/neuron_geometry_recovery_v1/wrapper_pid.txt,7,823a92d47fe37bd023ce5bae40f44e50c7d396fb65aa7288cf1281561d506c1d
results/neuron_geometry_audit_v1/audit.log,207,2b79d79a3115b240b8284dc8284c16c09016bb0c6bd068144a07b5ad528b912b
results/neuron_geometry_audit_v1/before.json,9118,a9752b534d315de859d529020d918813eaa1a7c65903a2bc4761089b82bec3b0
results/neuron_geometry_audit_v1/launcher.log,0,e3b0c44298fc1c149afbf4c8996fb92427ae41e4649b934ca495991b7852b855
results/neuron_geometry_audit_v1/launcher_error.log,0,e3b0c44298fc1c149afbf4c8996fb92427ae41e4649b934ca495991b7852b855
results/neuron_geometry_audit_v1/process.json,598,bd98ece2bcb4f87060a804106e591f88af64877e579eefd68e90e1bfb774ac0e
results/neuron_geometry_audit_v1/result.json,58908,3cb67858ff07126cf57ac91cd76c841d41fb6515d3dc510e2c056f7c38bcf4a1
results/neuron_geometry_audit_v1/source/audit.py,20884,6b806c634958b7a6e74396f92a27b6d75955c430ffe96427830dc9c5266dd9f4
results/neuron_geometry_audit_v1/source/compact_diagnostics.py,1589,1bcf85ca58ab9f6e211bcd29e04d3bd7b43c1cd8f554ea582f0b46d1a73d083a
results/neuron_geometry_audit_v1/source/launch.py,1737,c41f1bffccc42c07fd56e4fe817f277110e8fd3a7d526fbf7204acb2892da68a
results/neuron_geometry_audit_v1/source/report.py,9457,ab26f2c291cbc7f89ccd6a2bc40b12f15c023a0edb00772b0e88b90356fb656b
results/neuron_geometry_audit_v1/summary.json,157301,480fc3c9b8eccac5d93f7408aafd9fd935aeefef87b7f7e8a82319ae4bb0ec57
results/neuron_geometry_audit_v1/wrapper_pid.txt,6,c3bc650075ae93c469cc451d9eff004ac7b7a7bace1d6a62d11321aa5f91464b
