2026/09/11 03:46:15.293, 0, GPU-87701dfa-9023-3c38-a5e1-c4df5064cf56, P0, 51, 1980, 8001, 14.16, [N/A], 0
2026/09/11 03:46:15.500, 0, GPU-87701dfa-9023-3c38-a5e1-c4df5064cf56, P0, 51, 1980, 8001, 14.16, [N/A], 0
2026/09/11 03:46:15.721, 0, GPU-87701dfa-9023-3c38-a5e1-c4df5064cf56, P0, 51, 1980, 8001, 14.48, [N/A], 7
2026/09/11 03:46:15.929, 0, GPU-87701dfa-9023-3c38-a5e1-c4df5064cf56, P0, 51, 1980, 8001, 14.48, [N/A], 7
2026/09/11 03:46:16.136, 0, GPU-87701dfa-9023-3c38-a5e1-c4df5064cf56, P0, 51, 1980, 8001, 14.62, [N/A], 2
2026/09/11 03:46:16.342, 0, GPU-87701dfa-9023-3c38-a5e1-c4df5064cf56, P0, 51, 1980, 8001, 14.62, [N/A], 2
2026/09/11 03:46:16.550, 0, GPU-87701dfa-9023-3c38-a5e1-c4df5064cf56, P3, 54, 1980, 7001, 33.00, [N/A], 44
2026/09/11 03:46:16.756, 0, GPU-87701dfa-9023-3c38-a5e1-c4df5064cf56, P3, 54, 1980, 7001, 33.00, [N/A], 44
2026/09/11 03:46:16.960, 0, GPU-87701dfa-9023-3c38-a5e1-c4df5064cf56, P3, 54, 1980, 7001, 33.00, [N/A], 44
2026/09/11 03:46:17.165, 0, GPU-87701dfa-9023-3c38-a5e1-c4df5064cf56, P0, 56, 2235, 8001, 42.33, [N/A], 40
2026/09/11 03:46:17.372, 0, GPU-87701dfa-9023-3c38-a5e1-c4df5064cf56, P0, 56, 2235, 8001, 42.33, [N/A], 40
2026/09/11 03:46:17.576, 0, GPU-87701dfa-9023-3c38-a5e1-c4df5064cf56, P0, 57, 2250, 8001, 42.51, [N/A], 41
2026/09/11 03:46:17.784, 0, GPU-87701dfa-9023-3c38-a5e1-c4df5064cf56, P0, 57, 2250, 8001, 42.51, [N/A], 41
2026/09/11 03:46:17.991, 0, GPU-87701dfa-9023-3c38-a5e1-c4df5064cf56, P0, 57, 2250, 8001, 42.51, [N/A], 41
2026/09/11 03:46:18.198, 0, GPU-87701dfa-9023-3c38-a5e1-c4df5064cf56, P0, 55, 2505, 8001, 22.25, [N/A], 7
2026/09/11 03:46:18.405, 0, GPU-87701dfa-9023-3c38-a5e1-c4df5064cf56, P0, 55, 2505, 8001, 22.25, [N/A], 7
2026/09/11 03:46:18.612, 0, GPU-87701dfa-9023-3c38-a5e1-c4df5064cf56, P0, 53, 2505, 8001, 21.39, [N/A], 0
2026/09/11 03:46:18.818, 0, GPU-87701dfa-9023-3c38-a5e1-c4df5064cf56, P0, 53, 2505, 8001, 21.39, [N/A], 0
2026/09/11 03:46:19.023, 0, GPU-87701dfa-9023-3c38-a5e1-c4df5064cf56, P0, 67, 2355, 8001, 123.13, [N/A], 94
2026/09/11 03:46:19.231, 0, GPU-87701dfa-9023-3c38-a5e1-c4df5064cf56, P0, 67, 2355, 8001, 123.13, [N/A], 94
2026/09/11 03:46:19.438, 0, GPU-87701dfa-9023-3c38-a5e1-c4df5064cf56, P0, 67, 2355, 8001, 123.13, [N/A], 94
2026/09/11 03:46:19.644, 0, GPU-87701dfa-9023-3c38-a5e1-c4df5064cf56, P0, 73, 2280, 8001, 112.46, [N/A], 95
2026/09/11 03:46:19.851, 0, GPU-87701dfa-9023-3c38-a5e1-c4df5064cf56, P0, 73, 2280, 8001, 112.46, [N/A], 95
2026/09/11 03:46:20.058, 0, GPU-87701dfa-9023-3c38-a5e1-c4df5064cf56, P0, 75, 2430, 8001, 118.00, [N/A], 100
2026/09/11 03:46:20.266, 0, GPU-87701dfa-9023-3c38-a5e1-c4df5064cf56, P0, 75, 2430, 8001, 118.00, [N/A], 100
2026/09/11 03:46:20.473, 0, GPU-87701dfa-9023-3c38-a5e1-c4df5064cf56, P0, 75, 2430, 8001, 118.00, [N/A], 100
2026/09/11 03:46:20.679, 0, GPU-87701dfa-9023-3c38-a5e1-c4df5064cf56, P0, 76, 2430, 8001, 114.83, [N/A], 95
2026/09/11 03:46:20.886, 0, GPU-87701dfa-9023-3c38-a5e1-c4df5064cf56, P0, 76, 2430, 8001, 114.83, [N/A], 95
2026/09/11 03:46:21.093, 0, GPU-87701dfa-9023-3c38-a5e1-c4df5064cf56, P0, 76, 2340, 8001, 115.29, [N/A], 95
2026/09/11 03:46:21.301, 0, GPU-87701dfa-9023-3c38-a5e1-c4df5064cf56, P0, 76, 2340, 8001, 115.29, [N/A], 95
2026/09/11 03:46:21.505, 0, GPU-87701dfa-9023-3c38-a5e1-c4df5064cf56, P0, 76, 2340, 8001, 115.29, [N/A], 95
2026/09/11 03:46:21.713, 0, GPU-87701dfa-9023-3c38-a5e1-c4df5064cf56, P0, 76, 2490, 8001, 108.19, [N/A], 95
2026/09/11 03:46:21.921, 0, GPU-87701dfa-9023-3c38-a5e1-c4df5064cf56, P0, 76, 2490, 8001, 108.19, [N/A], 95
2026/09/11 03:46:22.128, 0, GPU-87701dfa-9023-3c38-a5e1-c4df5064cf56, P0, 80, 2490, 8001, 117.80, [N/A], 100
2026/09/11 03:46:22.336, 0, GPU-87701dfa-9023-3c38-a5e1-c4df5064cf56, P0, 80, 2490, 8001, 117.80, [N/A], 100
2026/09/11 03:46:22.542, 0, GPU-87701dfa-9023-3c38-a5e1-c4df5064cf56, P0, 80, 2490, 8001, 117.80, [N/A], 100
2026/09/11 03:46:22.749, 0, GPU-87701dfa-9023-3c38-a5e1-c4df5064cf56, P0, 68, 2490, 8001, 55.98, [N/A], 50
2026/09/11 03:46:22.971, 0, GPU-87701dfa-9023-3c38-a5e1-c4df5064cf56, P0, 68, 2490, 8001, 55.98, [N/A], 50
2026/09/11 03:46:23.178, 0, GPU-87701dfa-9023-3c38-a5e1-c4df5064cf56, P0, 64, 2490, 8001, 52.97, [N/A], 38
2026/09/11 03:46:23.386, 0, GPU-87701dfa-9023-3c38-a5e1-c4df5064cf56, P0, 64, 2490, 8001, 52.97, [N/A], 38
2026/09/11 03:46:23.593, 0, GPU-87701dfa-9023-3c38-a5e1-c4df5064cf56, P0, 63, 2505, 8001, 52.84, [N/A], 38
2026/09/11 03:46:23.801, 0, GPU-87701dfa-9023-3c38-a5e1-c4df5064cf56, P0, 63, 2505, 8001, 52.84, [N/A], 38
2026/09/11 03:46:24.007, 0, GPU-87701dfa-9023-3c38-a5e1-c4df5064cf56, P0, 63, 2505, 8001, 52.84, [N/A], 38
2026/09/11 03:46:24.215, 0, GPU-87701dfa-9023-3c38-a5e1-c4df5064cf56, P0, 59, 2505, 8001, 22.57, [N/A], 0
2026/09/11 03:46:24.420, 0, GPU-87701dfa-9023-3c38-a5e1-c4df5064cf56, P0, 59, 2505, 8001, 22.57, [N/A], 0
2026/09/11 03:46:24.627, 0, GPU-87701dfa-9023-3c38-a5e1-c4df5064cf56, P0, 56, 1980, 8001, 15.27, [N/A], 0
2026/09/11 03:46:24.834, 0, GPU-87701dfa-9023-3c38-a5e1-c4df5064cf56, P0, 56, 1980, 8001, 15.27, [N/A], 0
2026/09/11 03:46:25.038, 0, GPU-87701dfa-9023-3c38-a5e1-c4df5064cf56, P0, 57, 1980, 8001, 37.48, [N/A], 49
2026/09/11 03:46:25.245, 0, GPU-87701dfa-9023-3c38-a5e1-c4df5064cf56, P0, 57, 1980, 8001, 37.48, [N/A], 49
2026/09/11 03:46:25.451, 0, GPU-87701dfa-9023-3c38-a5e1-c4df5064cf56, P0, 57, 1980, 8001, 37.48, [N/A], 49
2026/09/11 03:46:25.656, 0, GPU-87701dfa-9023-3c38-a5e1-c4df5064cf56, P0, 60, 2250, 8001, 42.42, [N/A], 38
2026/09/11 03:46:25.863, 0, GPU-87701dfa-9023-3c38-a5e1-c4df5064cf56, P0, 60, 2250, 8001, 42.42, [N/A], 38
2026/09/11 03:46:26.069, 0, GPU-87701dfa-9023-3c38-a5e1-c4df5064cf56, P0, 61, 2250, 8001, 43.75, [N/A], 40
2026/09/11 03:46:26.277, 0, GPU-87701dfa-9023-3c38-a5e1-c4df5064cf56, P0, 61, 2250, 8001, 43.75, [N/A], 40
2026/09/11 03:46:26.485, 0, GPU-87701dfa-9023-3c38-a5e1-c4df5064cf56, P0, 61, 2250, 8001, 43.75, [N/A], 40
2026/09/11 03:46:26.692, 0, GPU-87701dfa-9023-3c38-a5e1-c4df5064cf56, P0, 63, 2505, 8001, 24.06, [N/A], 8
2026/09/11 03:46:26.899, 0, GPU-87701dfa-9023-3c38-a5e1-c4df5064cf56, P0, 63, 2505, 8001, 24.06, [N/A], 8
2026/09/11 03:46:27.106, 0, GPU-87701dfa-9023-3c38-a5e1-c4df5064cf56, P3, 57, 2505, 8001, 22.06, [N/A], 1
2026/09/11 03:46:27.313, 0, GPU-87701dfa-9023-3c38-a5e1-c4df5064cf56, P3, 57, 2505, 8001, 22.06, [N/A], 1
2026/09/11 03:46:27.520, 0, GPU-87701dfa-9023-3c38-a5e1-c4df5064cf56, P3, 75, 2475, 7001, 108.87, [N/A], 95
2026/09/11 03:46:27.727, 0, GPU-87701dfa-9023-3c38-a5e1-c4df5064cf56, P3, 75, 2475, 7001, 108.87, [N/A], 95
2026/09/11 03:46:27.934, 0, GPU-87701dfa-9023-3c38-a5e1-c4df5064cf56, P3, 75, 2475, 7001, 108.87, [N/A], 95
2026/09/11 03:46:28.141, 0, GPU-87701dfa-9023-3c38-a5e1-c4df5064cf56, P0, 78, 2460, 8001, 120.04, [N/A], 100
2026/09/11 03:46:28.347, 0, GPU-87701dfa-9023-3c38-a5e1-c4df5064cf56, P0, 78, 2460, 8001, 120.04, [N/A], 100
2026/09/11 03:46:28.552, 0, GPU-87701dfa-9023-3c38-a5e1-c4df5064cf56, P0, 78, 2445, 8001, 113.44, [N/A], 95
2026/09/11 03:46:28.760, 0, GPU-87701dfa-9023-3c38-a5e1-c4df5064cf56, P0, 78, 2445, 8001, 113.44, [N/A], 95
2026/09/11 03:46:28.964, 0, GPU-87701dfa-9023-3c38-a5e1-c4df5064cf56, P0, 78, 2445, 8001, 113.44, [N/A], 95
2026/09/11 03:46:29.170, 0, GPU-87701dfa-9023-3c38-a5e1-c4df5064cf56, P0, 78, 2445, 8001, 118.21, [N/A], 99
2026/09/11 03:46:29.378, 0, GPU-87701dfa-9023-3c38-a5e1-c4df5064cf56, P0, 78, 2445, 8001, 118.21, [N/A], 99
2026/09/11 03:46:29.585, 0, GPU-87701dfa-9023-3c38-a5e1-c4df5064cf56, P0, 75, 2490, 8001, 117.42, [N/A], 94
2026/09/11 03:46:29.790, 0, GPU-87701dfa-9023-3c38-a5e1-c4df5064cf56, P0, 75, 2490, 8001, 117.42, [N/A], 94
2026/09/11 03:46:29.994, 0, GPU-87701dfa-9023-3c38-a5e1-c4df5064cf56, P0, 75, 2490, 8001, 117.42, [N/A], 94
2026/09/11 03:46:30.199, 0, GPU-87701dfa-9023-3c38-a5e1-c4df5064cf56, P0, 79, 2490, 8001, 113.28, [N/A], 94
2026/09/11 03:46:30.421, 0, GPU-87701dfa-9023-3c38-a5e1-c4df5064cf56, P0, 79, 2490, 8001, 113.28, [N/A], 94
2026/09/11 03:46:30.626, 0, GPU-87701dfa-9023-3c38-a5e1-c4df5064cf56, P0, 80, 2475, 8001, 121.97, [N/A], 94
2026/09/11 03:46:30.830, 0, GPU-87701dfa-9023-3c38-a5e1-c4df5064cf56, P0, 80, 2475, 8001, 121.97, [N/A], 94
2026/09/11 03:46:31.037, 0, GPU-87701dfa-9023-3c38-a5e1-c4df5064cf56, P0, 79, 2490, 8001, 116.13, [N/A], 94
2026/09/11 03:46:31.245, 0, GPU-87701dfa-9023-3c38-a5e1-c4df5064cf56, P0, 79, 2490, 8001, 116.13, [N/A], 94
2026/09/11 03:46:31.451, 0, GPU-87701dfa-9023-3c38-a5e1-c4df5064cf56, P0, 79, 2490, 8001, 116.13, [N/A], 94
2026/09/11 03:46:31.657, 0, GPU-87701dfa-9023-3c38-a5e1-c4df5064cf56, P0, 67, 2490, 8001, 54.74, [N/A], 39
2026/09/11 03:46:31.864, 0, GPU-87701dfa-9023-3c38-a5e1-c4df5064cf56, P0, 67, 2490, 8001, 54.74, [N/A], 39
2026/09/11 03:46:32.067, 0, GPU-87701dfa-9023-3c38-a5e1-c4df5064cf56, P0, 66, 2490, 8001, 53.96, [N/A], 38
2026/09/11 03:46:32.274, 0, GPU-87701dfa-9023-3c38-a5e1-c4df5064cf56, P0, 66, 2490, 8001, 53.96, [N/A], 38
2026/09/11 03:46:32.481, 0, GPU-87701dfa-9023-3c38-a5e1-c4df5064cf56, P0, 66, 2490, 8001, 53.96, [N/A], 38
2026/09/11 03:46:32.687, 0, GPU-87701dfa-9023-3c38-a5e1-c4df5064cf56, P0, 63, 2490, 8001, 45.39, [N/A], 29
2026/09/11 03:46:32.892, 0, GPU-87701dfa-9023-3c38-a5e1-c4df5064cf56, P0, 63, 2490, 8001, 45.39, [N/A], 29
2026/09/11 03:46:33.099, 0, GPU-87701dfa-9023-3c38-a5e1-c4df5064cf56, P0, 59, 1890, 8001, 21.84, [N/A], 0
2026/09/11 03:46:33.306, 0, GPU-87701dfa-9023-3c38-a5e1-c4df5064cf56, P0, 59, 1890, 8001, 21.84, [N/A], 0
2026/09/11 03:46:33.512, 0, GPU-87701dfa-9023-3c38-a5e1-c4df5064cf56, P0, 59, 1890, 8001, 21.84, [N/A], 0
2026/09/11 03:46:33.750, 0, GPU-87701dfa-9023-3c38-a5e1-c4df5064cf56, P0, 58, 1605, 8001, 12.92, [N/A], 6
2026/09/11 03:46:33.956, 0, GPU-87701dfa-9023-3c38-a5e1-c4df5064cf56, P0, 58, 1605, 8001, 12.92, [N/A], 6
2026/09/11 03:46:34.177, 0, GPU-87701dfa-9023-3c38-a5e1-c4df5064cf56, P3, 62, 2160, 7001, 38.41, [N/A], 39
2026/09/11 03:46:34.384, 0, GPU-87701dfa-9023-3c38-a5e1-c4df5064cf56, P3, 62, 2160, 7001, 38.41, [N/A], 39
2026/09/11 03:46:34.590, 0, GPU-87701dfa-9023-3c38-a5e1-c4df5064cf56, P0, 63, 2265, 8001, 45.49, [N/A], 39
2026/09/11 03:46:34.795, 0, GPU-87701dfa-9023-3c38-a5e1-c4df5064cf56, P0, 63, 2265, 8001, 45.49, [N/A], 39
2026/09/11 03:46:35.000, 0, GPU-87701dfa-9023-3c38-a5e1-c4df5064cf56, P0, 63, 2265, 8001, 45.49, [N/A], 39
2026/09/11 03:46:35.238, 0, GPU-87701dfa-9023-3c38-a5e1-c4df5064cf56, P0, 72, 2265, 8001, 92.71, [N/A], 91
2026/09/11 03:46:35.446, 0, GPU-87701dfa-9023-3c38-a5e1-c4df5064cf56, P0, 72, 2265, 8001, 92.71, [N/A], 91
2026/09/11 03:46:35.653, 0, GPU-87701dfa-9023-3c38-a5e1-c4df5064cf56, P0, 59, 2505, 8001, 21.79, [N/A], 0
2026/09/11 03:46:35.859, 0, GPU-87701dfa-9023-3c38-a5e1-c4df5064cf56, P0, 59, 2505, 8001, 21.79, [N/A], 0
2026/09/11 03:46:36.062, 0, GPU-87701dfa-9023-3c38-a5e1-c4df5064cf56, P0, 75, 2430, 8001, 112.47, [N/A], 99
2026/09/11 03:46:36.267, 0, GPU-87701dfa-9023-3c38-a5e1-c4df5064cf56, P0, 75, 2430, 8001, 112.47, [N/A], 99
2026/09/11 03:46:36.474, 0, GPU-87701dfa-9023-3c38-a5e1-c4df5064cf56, P0, 75, 2430, 8001, 112.47, [N/A], 99
2026/09/11 03:46:36.678, 0, GPU-87701dfa-9023-3c38-a5e1-c4df5064cf56, P0, 78, 2370, 8001, 117.17, [N/A], 95
2026/09/11 03:46:36.885, 0, GPU-87701dfa-9023-3c38-a5e1-c4df5064cf56, P0, 78, 2370, 8001, 117.17, [N/A], 95
2026/09/11 03:46:37.090, 0, GPU-87701dfa-9023-3c38-a5e1-c4df5064cf56, P0, 78, 2460, 8001, 124.16, [N/A], 99
2026/09/11 03:46:37.293, 0, GPU-87701dfa-9023-3c38-a5e1-c4df5064cf56, P0, 78, 2460, 8001, 124.16, [N/A], 99
2026/09/11 03:46:37.500, 0, GPU-87701dfa-9023-3c38-a5e1-c4df5064cf56, P0, 78, 2460, 8001, 124.16, [N/A], 99
2026/09/11 03:46:37.706, 0, GPU-87701dfa-9023-3c38-a5e1-c4df5064cf56, P0, 80, 2490, 8001, 118.71, [N/A], 93
2026/09/11 03:46:37.911, 0, GPU-87701dfa-9023-3c38-a5e1-c4df5064cf56, P0, 80, 2490, 8001, 118.71, [N/A], 93
2026/09/11 03:46:38.118, 0, GPU-87701dfa-9023-3c38-a5e1-c4df5064cf56, P0, 80, 2490, 8001, 121.65, [N/A], 100
2026/09/11 03:46:38.324, 0, GPU-87701dfa-9023-3c38-a5e1-c4df5064cf56, P0, 80, 2490, 8001, 121.65, [N/A], 100
2026/09/11 03:46:38.531, 0, GPU-87701dfa-9023-3c38-a5e1-c4df5064cf56, P0, 81, 2475, 8001, 119.71, [N/A], 93
2026/09/11 03:46:38.736, 0, GPU-87701dfa-9023-3c38-a5e1-c4df5064cf56, P0, 81, 2475, 8001, 119.71, [N/A], 93
2026/09/11 03:46:38.943, 0, GPU-87701dfa-9023-3c38-a5e1-c4df5064cf56, P0, 81, 2475, 8001, 119.71, [N/A], 93
2026/09/11 03:46:39.151, 0, GPU-87701dfa-9023-3c38-a5e1-c4df5064cf56, P0, 81, 2490, 8001, 119.40, [N/A], 100
2026/09/11 03:46:39.359, 0, GPU-87701dfa-9023-3c38-a5e1-c4df5064cf56, P0, 81, 2490, 8001, 119.40, [N/A], 100
2026/09/11 03:46:39.566, 0, GPU-87701dfa-9023-3c38-a5e1-c4df5064cf56, P0, 82, 2490, 8001, 120.30, [N/A], 93
2026/09/11 03:46:39.773, 0, GPU-87701dfa-9023-3c38-a5e1-c4df5064cf56, P0, 82, 2490, 8001, 120.30, [N/A], 93
2026/09/11 03:46:39.979, 0, GPU-87701dfa-9023-3c38-a5e1-c4df5064cf56, P0, 82, 2490, 8001, 120.30, [N/A], 93
2026/09/11 03:46:40.185, 0, GPU-87701dfa-9023-3c38-a5e1-c4df5064cf56, P0, 70, 2490, 8001, 56.04, [N/A], 35
2026/09/11 03:46:40.392, 0, GPU-87701dfa-9023-3c38-a5e1-c4df5064cf56, P0, 70, 2490, 8001, 56.04, [N/A], 35
2026/09/11 03:46:40.598, 0, GPU-87701dfa-9023-3c38-a5e1-c4df5064cf56, P0, 68, 2490, 8001, 54.03, [N/A], 37
2026/09/11 03:46:40.805, 0, GPU-87701dfa-9023-3c38-a5e1-c4df5064cf56, P0, 68, 2490, 8001, 54.03, [N/A], 37
2026/09/11 03:46:41.009, 0, GPU-87701dfa-9023-3c38-a5e1-c4df5064cf56, P0, 68, 2490, 8001, 54.03, [N/A], 37
2026/09/11 03:46:41.216, 0, GPU-87701dfa-9023-3c38-a5e1-c4df5064cf56, P0, 68, 2490, 8001, 54.71, [N/A], 39
2026/09/11 03:46:41.423, 0, GPU-87701dfa-9023-3c38-a5e1-c4df5064cf56, P0, 68, 2490, 8001, 54.71, [N/A], 39
2026/09/11 03:46:41.629, 0, GPU-87701dfa-9023-3c38-a5e1-c4df5064cf56, P0, 61, 2505, 8001, 22.37, [N/A], 0
2026/09/11 03:46:41.837, 0, GPU-87701dfa-9023-3c38-a5e1-c4df5064cf56, P0, 61, 2505, 8001, 22.37, [N/A], 0
2026/09/11 03:46:42.042, 0, GPU-87701dfa-9023-3c38-a5e1-c4df5064cf56, P0, 59, 1620, 8001, 14.33, [N/A], 4
2026/09/11 03:46:42.247, 0, GPU-87701dfa-9023-3c38-a5e1-c4df5064cf56, P0, 59, 1620, 8001, 14.33, [N/A], 4
2026/09/11 03:46:42.452, 0, GPU-87701dfa-9023-3c38-a5e1-c4df5064cf56, P0, 59, 1620, 8001, 14.33, [N/A], 4
2026/09/11 03:46:42.658, 0, GPU-87701dfa-9023-3c38-a5e1-c4df5064cf56, P0, 63, 2040, 8001, 33.77, [N/A], 47
2026/09/11 03:46:42.865, 0, GPU-87701dfa-9023-3c38-a5e1-c4df5064cf56, P0, 63, 2040, 8001, 33.77, [N/A], 47
2026/09/11 03:46:43.069, 0, GPU-87701dfa-9023-3c38-a5e1-c4df5064cf56, P0, 65, 2205, 8001, 43.47, [N/A], 40
2026/09/11 03:46:43.274, 0, GPU-87701dfa-9023-3c38-a5e1-c4df5064cf56, P0, 65, 2205, 8001, 43.47, [N/A], 40
2026/09/11 03:46:43.480, 0, GPU-87701dfa-9023-3c38-a5e1-c4df5064cf56, P0, 65, 2205, 8001, 43.47, [N/A], 40
2026/09/11 03:46:43.688, 0, GPU-87701dfa-9023-3c38-a5e1-c4df5064cf56, P0, 65, 2265, 8001, 45.22, [N/A], 38
2026/09/11 03:46:43.893, 0, GPU-87701dfa-9023-3c38-a5e1-c4df5064cf56, P0, 65, 2265, 8001, 45.22, [N/A], 38
2026/09/11 03:46:44.097, 0, GPU-87701dfa-9023-3c38-a5e1-c4df5064cf56, P0, 62, 2505, 8001, 22.64, [N/A], 9
2026/09/11 03:46:44.304, 0, GPU-87701dfa-9023-3c38-a5e1-c4df5064cf56, P0, 62, 2505, 8001, 22.64, [N/A], 9
2026/09/11 03:46:44.510, 0, GPU-87701dfa-9023-3c38-a5e1-c4df5064cf56, P0, 62, 2505, 8001, 22.64, [N/A], 9
2026/09/11 03:46:44.717, 0, GPU-87701dfa-9023-3c38-a5e1-c4df5064cf56, P0, 76, 2415, 8001, 116.08, [N/A], 100
2026/09/11 03:46:44.938, 0, GPU-87701dfa-9023-3c38-a5e1-c4df5064cf56, P0, 76, 2415, 8001, 116.08, [N/A], 100
2026/09/11 03:46:45.143, 0, GPU-87701dfa-9023-3c38-a5e1-c4df5064cf56, P0, 80, 2280, 8001, 129.62, [N/A], 94
2026/09/11 03:46:45.351, 0, GPU-87701dfa-9023-3c38-a5e1-c4df5064cf56, P0, 80, 2280, 8001, 129.62, [N/A], 94
2026/09/11 03:46:45.559, 0, GPU-87701dfa-9023-3c38-a5e1-c4df5064cf56, P0, 81, 2295, 8001, 107.28, [N/A], 95
2026/09/11 03:46:45.763, 0, GPU-87701dfa-9023-3c38-a5e1-c4df5064cf56, P0, 81, 2295, 8001, 107.28, [N/A], 95
2026/09/11 03:46:45.970, 0, GPU-87701dfa-9023-3c38-a5e1-c4df5064cf56, P0, 81, 2295, 8001, 107.28, [N/A], 95
2026/09/11 03:46:46.177, 0, GPU-87701dfa-9023-3c38-a5e1-c4df5064cf56, P0, 81, 2445, 8001, 119.36, [N/A], 100
2026/09/11 03:46:46.384, 0, GPU-87701dfa-9023-3c38-a5e1-c4df5064cf56, P0, 81, 2445, 8001, 119.36, [N/A], 100
2026/09/11 03:46:46.592, 0, GPU-87701dfa-9023-3c38-a5e1-c4df5064cf56, P0, 81, 2370, 8001, 118.58, [N/A], 95
2026/09/11 03:46:46.799, 0, GPU-87701dfa-9023-3c38-a5e1-c4df5064cf56, P0, 81, 2370, 8001, 118.58, [N/A], 95
2026/09/11 03:46:47.005, 0, GPU-87701dfa-9023-3c38-a5e1-c4df5064cf56, P0, 81, 2370, 8001, 118.58, [N/A], 95
2026/09/11 03:46:47.259, 0, GPU-87701dfa-9023-3c38-a5e1-c4df5064cf56, P0, 84, 2490, 8001, 118.31, [N/A], 94
2026/09/11 03:46:47.466, 0, GPU-87701dfa-9023-3c38-a5e1-c4df5064cf56, P0, 84, 2490, 8001, 118.31, [N/A], 94
2026/09/11 03:46:47.672, 0, GPU-87701dfa-9023-3c38-a5e1-c4df5064cf56, P0, 84, 2490, 8001, 119.99, [N/A], 98
2026/09/11 03:46:47.879, 0, GPU-87701dfa-9023-3c38-a5e1-c4df5064cf56, P0, 84, 2490, 8001, 119.99, [N/A], 98
2026/09/11 03:46:48.083, 0, GPU-87701dfa-9023-3c38-a5e1-c4df5064cf56, P0, 83, 2445, 8001, 119.84, [N/A], 96
2026/09/11 03:46:48.291, 0, GPU-87701dfa-9023-3c38-a5e1-c4df5064cf56, P0, 83, 2445, 8001, 119.84, [N/A], 96
2026/09/11 03:46:48.498, 0, GPU-87701dfa-9023-3c38-a5e1-c4df5064cf56, P0, 83, 2445, 8001, 119.84, [N/A], 96
2026/09/11 03:46:48.705, 0, GPU-87701dfa-9023-3c38-a5e1-c4df5064cf56, P0, 71, 2490, 8001, 55.38, [N/A], 38
2026/09/11 03:46:48.911, 0, GPU-87701dfa-9023-3c38-a5e1-c4df5064cf56, P0, 71, 2490, 8001, 55.38, [N/A], 38
2026/09/11 03:46:49.117, 0, GPU-87701dfa-9023-3c38-a5e1-c4df5064cf56, P0, 70, 2490, 8001, 54.31, [N/A], 38
2026/09/11 03:46:49.321, 0, GPU-87701dfa-9023-3c38-a5e1-c4df5064cf56, P0, 70, 2490, 8001, 54.31, [N/A], 38
2026/09/11 03:46:49.527, 0, GPU-87701dfa-9023-3c38-a5e1-c4df5064cf56, P0, 69, 2490, 8001, 54.20, [N/A], 37
2026/09/11 03:46:49.734, 0, GPU-87701dfa-9023-3c38-a5e1-c4df5064cf56, P0, 69, 2490, 8001, 54.20, [N/A], 37
2026/09/11 03:46:49.939, 0, GPU-87701dfa-9023-3c38-a5e1-c4df5064cf56, P0, 69, 2490, 8001, 54.20, [N/A], 37
2026/09/11 03:46:50.144, 0, GPU-87701dfa-9023-3c38-a5e1-c4df5064cf56, P0, 63, 1905, 8001, 22.36, [N/A], 0
2026/09/11 03:46:50.351, 0, GPU-87701dfa-9023-3c38-a5e1-c4df5064cf56, P0, 63, 1905, 8001, 22.36, [N/A], 0
2026/09/11 03:46:50.556, 0, GPU-87701dfa-9023-3c38-a5e1-c4df5064cf56, P0, 61, 1620, 8001, 13.98, [N/A], 1
2026/09/11 03:46:50.762, 0, GPU-87701dfa-9023-3c38-a5e1-c4df5064cf56, P0, 61, 1620, 8001, 13.98, [N/A], 1
2026/09/11 03:46:50.967, 0, GPU-87701dfa-9023-3c38-a5e1-c4df5064cf56, P0, 61, 1620, 8001, 13.98, [N/A], 1
2026/09/11 03:46:51.172, 0, GPU-87701dfa-9023-3c38-a5e1-c4df5064cf56, P0, 63, 1485, 8001, 30.33, [N/A], 58
2026/09/11 03:46:51.378, 0, GPU-87701dfa-9023-3c38-a5e1-c4df5064cf56, P0, 63, 1485, 8001, 30.33, [N/A], 58
2026/09/11 03:46:51.581, 0, GPU-87701dfa-9023-3c38-a5e1-c4df5064cf56, P0, 66, 2220, 8001, 43.46, [N/A], 40
2026/09/11 03:46:51.788, 0, GPU-87701dfa-9023-3c38-a5e1-c4df5064cf56, P0, 66, 2220, 8001, 43.46, [N/A], 40
2026/09/11 03:46:51.993, 0, GPU-87701dfa-9023-3c38-a5e1-c4df5064cf56, P0, 66, 2220, 8001, 43.46, [N/A], 40
2026/09/11 03:46:52.195, 0, GPU-87701dfa-9023-3c38-a5e1-c4df5064cf56, P0, 65, 2220, 8001, 43.85, [N/A], 40
2026/09/11 03:46:52.401, 0, GPU-87701dfa-9023-3c38-a5e1-c4df5064cf56, P0, 65, 2220, 8001, 43.85, [N/A], 40
2026/09/11 03:46:52.609, 0, GPU-87701dfa-9023-3c38-a5e1-c4df5064cf56, P0, 63, 2505, 8001, 23.13, [N/A], 9
2026/09/11 03:46:52.817, 0, GPU-87701dfa-9023-3c38-a5e1-c4df5064cf56, P0, 63, 2505, 8001, 23.13, [N/A], 9
2026/09/11 03:46:53.069, 0, GPU-87701dfa-9023-3c38-a5e1-c4df5064cf56, P0, 78, 2340, 8001, 108.94, [N/A], 95
2026/09/11 03:46:53.277, 0, GPU-87701dfa-9023-3c38-a5e1-c4df5064cf56, P0, 78, 2340, 8001, 108.94, [N/A], 95
2026/09/11 03:46:53.482, 0, GPU-87701dfa-9023-3c38-a5e1-c4df5064cf56, P0, 78, 2340, 8001, 108.94, [N/A], 95
2026/09/11 03:46:53.688, 0, GPU-87701dfa-9023-3c38-a5e1-c4df5064cf56, P0, 81, 2460, 8001, 109.08, [N/A], 94
2026/09/11 03:46:53.894, 0, GPU-87701dfa-9023-3c38-a5e1-c4df5064cf56, P0, 81, 2460, 8001, 109.08, [N/A], 94
2026/09/11 03:46:54.099, 0, GPU-87701dfa-9023-3c38-a5e1-c4df5064cf56, P0, 83, 2415, 8001, 110.77, [N/A], 95
2026/09/11 03:46:54.307, 0, GPU-87701dfa-9023-3c38-a5e1-c4df5064cf56, P0, 83, 2415, 8001, 110.77, [N/A], 95
2026/09/11 03:46:54.512, 0, GPU-87701dfa-9023-3c38-a5e1-c4df5064cf56, P0, 83, 2415, 8001, 110.77, [N/A], 95
2026/09/11 03:46:54.720, 0, GPU-87701dfa-9023-3c38-a5e1-c4df5064cf56, P0, 84, 2415, 8001, 115.20, [N/A], 94
2026/09/11 03:46:54.928, 0, GPU-87701dfa-9023-3c38-a5e1-c4df5064cf56, P0, 84, 2415, 8001, 115.20, [N/A], 94
2026/09/11 03:46:55.133, 0, GPU-87701dfa-9023-3c38-a5e1-c4df5064cf56, P0, 83, 2475, 8001, 121.09, [N/A], 99
2026/09/11 03:46:55.340, 0, GPU-87701dfa-9023-3c38-a5e1-c4df5064cf56, P0, 83, 2475, 8001, 121.09, [N/A], 99
2026/09/11 03:46:55.545, 0, GPU-87701dfa-9023-3c38-a5e1-c4df5064cf56, P0, 83, 2370, 8001, 116.69, [N/A], 94
2026/09/11 03:46:55.752, 0, GPU-87701dfa-9023-3c38-a5e1-c4df5064cf56, P0, 83, 2370, 8001, 116.69, [N/A], 94
2026/09/11 03:46:55.958, 0, GPU-87701dfa-9023-3c38-a5e1-c4df5064cf56, P0, 83, 2370, 8001, 116.69, [N/A], 94
2026/09/11 03:46:56.165, 0, GPU-87701dfa-9023-3c38-a5e1-c4df5064cf56, P0, 82, 2460, 8001, 117.93, [N/A], 99
2026/09/11 03:46:56.372, 0, GPU-87701dfa-9023-3c38-a5e1-c4df5064cf56, P0, 82, 2460, 8001, 117.93, [N/A], 99
2026/09/11 03:46:56.576, 0, GPU-87701dfa-9023-3c38-a5e1-c4df5064cf56, P0, 85, 2415, 8001, 120.37, [N/A], 94
2026/09/11 03:46:56.781, 0, GPU-87701dfa-9023-3c38-a5e1-c4df5064cf56, P0, 85, 2415, 8001, 120.37, [N/A], 94
2026/09/11 03:46:56.986, 0, GPU-87701dfa-9023-3c38-a5e1-c4df5064cf56, P0, 85, 2415, 8001, 120.37, [N/A], 94
2026/09/11 03:46:57.192, 0, GPU-87701dfa-9023-3c38-a5e1-c4df5064cf56, P0, 74, 2490, 8001, 57.44, [N/A], 38
2026/09/11 03:46:57.398, 0, GPU-87701dfa-9023-3c38-a5e1-c4df5064cf56, P0, 74, 2490, 8001, 57.44, [N/A], 38
2026/09/11 03:46:57.604, 0, GPU-87701dfa-9023-3c38-a5e1-c4df5064cf56, P0, 72, 2490, 8001, 66.73, [N/A], 39
2026/09/11 03:46:57.810, 0, GPU-87701dfa-9023-3c38-a5e1-c4df5064cf56, P0, 72, 2490, 8001, 66.73, [N/A], 39
2026/09/11 03:46:58.033, 0, GPU-87701dfa-9023-3c38-a5e1-c4df5064cf56, P0, 71, 2490, 8001, 54.61, [N/A], 35
2026/09/11 03:46:58.240, 0, GPU-87701dfa-9023-3c38-a5e1-c4df5064cf56, P0, 71, 2490, 8001, 54.61, [N/A], 35
2026/09/11 03:46:58.448, 0, GPU-87701dfa-9023-3c38-a5e1-c4df5064cf56, P0, 71, 2490, 8001, 54.61, [N/A], 35
2026/09/11 03:46:58.653, 0, GPU-87701dfa-9023-3c38-a5e1-c4df5064cf56, P0, 65, 2505, 8001, 24.61, [N/A], 0
2026/09/11 03:46:58.860, 0, GPU-87701dfa-9023-3c38-a5e1-c4df5064cf56, P0, 65, 2505, 8001, 24.61, [N/A], 0
2026/09/11 03:46:59.065, 0, GPU-87701dfa-9023-3c38-a5e1-c4df5064cf56, P0, 63, 1680, 8001, 15.20, [N/A], 7
2026/09/11 03:46:59.273, 0, GPU-87701dfa-9023-3c38-a5e1-c4df5064cf56, P0, 63, 1680, 8001, 15.20, [N/A], 7
2026/09/11 03:46:59.478, 0, GPU-87701dfa-9023-3c38-a5e1-c4df5064cf56, P0, 63, 1680, 8001, 15.20, [N/A], 7
2026/09/11 03:46:59.700, 0, GPU-87701dfa-9023-3c38-a5e1-c4df5064cf56, P3, 64, 1470, 7001, 22.23, [N/A], 47
2026/09/11 03:46:59.905, 0, GPU-87701dfa-9023-3c38-a5e1-c4df5064cf56, P3, 64, 1470, 7001, 22.23, [N/A], 47
2026/09/11 03:47:00.110, 0, GPU-87701dfa-9023-3c38-a5e1-c4df5064cf56, P0, 67, 2220, 8001, 38.90, [N/A], 42
2026/09/11 03:47:00.313, 0, GPU-87701dfa-9023-3c38-a5e1-c4df5064cf56, P0, 67, 2220, 8001, 38.90, [N/A], 42
2026/09/11 03:47:00.519, 0, GPU-87701dfa-9023-3c38-a5e1-c4df5064cf56, P0, 67, 2220, 8001, 38.90, [N/A], 42
2026/09/11 03:47:00.727, 0, GPU-87701dfa-9023-3c38-a5e1-c4df5064cf56, P0, 68, 2235, 8001, 44.79, [N/A], 40
2026/09/11 03:47:00.932, 0, GPU-87701dfa-9023-3c38-a5e1-c4df5064cf56, P0, 68, 2235, 8001, 44.79, [N/A], 40
2026/09/11 03:47:01.138, 0, GPU-87701dfa-9023-3c38-a5e1-c4df5064cf56, P0, 66, 2490, 8001, 24.38, [N/A], 7
2026/09/11 03:47:01.345, 0, GPU-87701dfa-9023-3c38-a5e1-c4df5064cf56, P0, 66, 2490, 8001, 24.38, [N/A], 7
2026/09/11 03:47:01.552, 0, GPU-87701dfa-9023-3c38-a5e1-c4df5064cf56, P0, 75, 2490, 8001, 143.35, [N/A], 10
2026/09/11 03:47:01.758, 0, GPU-87701dfa-9023-3c38-a5e1-c4df5064cf56, P0, 75, 2490, 8001, 143.35, [N/A], 10
2026/09/11 03:47:01.965, 0, GPU-87701dfa-9023-3c38-a5e1-c4df5064cf56, P0, 75, 2490, 8001, 143.35, [N/A], 10
2026/09/11 03:47:02.169, 0, GPU-87701dfa-9023-3c38-a5e1-c4df5064cf56, P0, 80, 2445, 8001, 117.35, [N/A], 100
2026/09/11 03:47:02.375, 0, GPU-87701dfa-9023-3c38-a5e1-c4df5064cf56, P0, 80, 2445, 8001, 117.35, [N/A], 100
2026/09/11 03:47:02.582, 0, GPU-87701dfa-9023-3c38-a5e1-c4df5064cf56, P0, 83, 2370, 8001, 113.20, [N/A], 95
2026/09/11 03:47:02.807, 0, GPU-87701dfa-9023-3c38-a5e1-c4df5064cf56, P0, 83, 2370, 8001, 113.20, [N/A], 95
2026/09/11 03:47:03.011, 0, GPU-87701dfa-9023-3c38-a5e1-c4df5064cf56, P0, 83, 2370, 8001, 113.20, [N/A], 95
2026/09/11 03:47:03.216, 0, GPU-87701dfa-9023-3c38-a5e1-c4df5064cf56, P0, 86, 2280, 8001, 104.40, [N/A], 95
2026/09/11 03:47:03.423, 0, GPU-87701dfa-9023-3c38-a5e1-c4df5064cf56, P0, 86, 2280, 8001, 104.40, [N/A], 95
2026/09/11 03:47:03.628, 0, GPU-87701dfa-9023-3c38-a5e1-c4df5064cf56, P0, 82, 2460, 8001, 130.14, [N/A], 100
2026/09/11 03:47:03.835, 0, GPU-87701dfa-9023-3c38-a5e1-c4df5064cf56, P0, 82, 2460, 8001, 130.14, [N/A], 100
2026/09/11 03:47:04.042, 0, GPU-87701dfa-9023-3c38-a5e1-c4df5064cf56, P0, 85, 2430, 8001, 135.88, [N/A], 95
2026/09/11 03:47:04.247, 0, GPU-87701dfa-9023-3c38-a5e1-c4df5064cf56, P0, 85, 2430, 8001, 135.88, [N/A], 95
2026/09/11 03:47:04.454, 0, GPU-87701dfa-9023-3c38-a5e1-c4df5064cf56, P0, 85, 2430, 8001, 135.88, [N/A], 95
2026/09/11 03:47:04.659, 0, GPU-87701dfa-9023-3c38-a5e1-c4df5064cf56, P0, 86, 2325, 8001, 115.20, [N/A], 95
2026/09/11 03:47:04.867, 0, GPU-87701dfa-9023-3c38-a5e1-c4df5064cf56, P0, 86, 2325, 8001, 115.20, [N/A], 95
2026/09/11 03:47:05.072, 0, GPU-87701dfa-9023-3c38-a5e1-c4df5064cf56, P0, 85, 2490, 8001, 117.78, [N/A], 100
2026/09/11 03:47:05.279, 0, GPU-87701dfa-9023-3c38-a5e1-c4df5064cf56, P0, 85, 2490, 8001, 117.78, [N/A], 100
2026/09/11 03:47:05.487, 0, GPU-87701dfa-9023-3c38-a5e1-c4df5064cf56, P0, 85, 2490, 8001, 117.78, [N/A], 100
2026/09/11 03:47:05.691, 0, GPU-87701dfa-9023-3c38-a5e1-c4df5064cf56, P0, 77, 2490, 8001, 101.87, [N/A], 51
2026/09/11 03:47:05.930, 0, GPU-87701dfa-9023-3c38-a5e1-c4df5064cf56, P0, 77, 2490, 8001, 101.87, [N/A], 51
2026/09/11 03:47:06.136, 0, GPU-87701dfa-9023-3c38-a5e1-c4df5064cf56, P0, 73, 2490, 8001, 55.77, [N/A], 38
2026/09/11 03:47:06.342, 0, GPU-87701dfa-9023-3c38-a5e1-c4df5064cf56, P0, 73, 2490, 8001, 55.77, [N/A], 38
2026/09/11 03:47:06.547, 0, GPU-87701dfa-9023-3c38-a5e1-c4df5064cf56, P0, 73, 2490, 8001, 56.02, [N/A], 38
2026/09/11 03:47:06.753, 0, GPU-87701dfa-9023-3c38-a5e1-c4df5064cf56, P0, 73, 2490, 8001, 56.02, [N/A], 38
2026/09/11 03:47:06.957, 0, GPU-87701dfa-9023-3c38-a5e1-c4df5064cf56, P0, 73, 2490, 8001, 56.02, [N/A], 38
2026/09/11 03:47:07.164, 0, GPU-87701dfa-9023-3c38-a5e1-c4df5064cf56, P0, 67, 2490, 8001, 23.21, [N/A], 0
2026/09/11 03:47:07.372, 0, GPU-87701dfa-9023-3c38-a5e1-c4df5064cf56, P0, 67, 2490, 8001, 23.21, [N/A], 0
2026/09/11 03:47:07.578, 0, GPU-87701dfa-9023-3c38-a5e1-c4df5064cf56, P0, 64, 1785, 8001, 15.35, [N/A], 2
2026/09/11 03:47:07.829, 0, GPU-87701dfa-9023-3c38-a5e1-c4df5064cf56, P0, 64, 1785, 8001, 15.35, [N/A], 2
2026/09/11 03:47:08.034, 0, GPU-87701dfa-9023-3c38-a5e1-c4df5064cf56, P0, 66, 1515, 8001, 23.79, [N/A], 57
2026/09/11 03:47:08.240, 0, GPU-87701dfa-9023-3c38-a5e1-c4df5064cf56, P0, 66, 1515, 8001, 23.79, [N/A], 57
2026/09/11 03:47:08.448, 0, GPU-87701dfa-9023-3c38-a5e1-c4df5064cf56, P0, 66, 1515, 8001, 23.79, [N/A], 57
2026/09/11 03:47:08.655, 0, GPU-87701dfa-9023-3c38-a5e1-c4df5064cf56, P0, 68, 2130, 8001, 38.65, [N/A], 43
2026/09/11 03:47:08.862, 0, GPU-87701dfa-9023-3c38-a5e1-c4df5064cf56, P0, 68, 2130, 8001, 38.65, [N/A], 43
2026/09/11 03:47:09.065, 0, GPU-87701dfa-9023-3c38-a5e1-c4df5064cf56, P0, 68, 2190, 8001, 43.44, [N/A], 39
2026/09/11 03:47:09.271, 0, GPU-87701dfa-9023-3c38-a5e1-c4df5064cf56, P0, 68, 2190, 8001, 43.44, [N/A], 39
2026/09/11 03:47:09.477, 0, GPU-87701dfa-9023-3c38-a5e1-c4df5064cf56, P0, 68, 2190, 8001, 43.44, [N/A], 39
2026/09/11 03:47:09.715, 0, GPU-87701dfa-9023-3c38-a5e1-c4df5064cf56, P0, 68, 2490, 8001, 27.59, [N/A], 23
2026/09/11 03:47:09.923, 0, GPU-87701dfa-9023-3c38-a5e1-c4df5064cf56, P0, 68, 2490, 8001, 27.59, [N/A], 23
2026/09/11 03:47:10.129, 0, GPU-87701dfa-9023-3c38-a5e1-c4df5064cf56, P0, 77, 2385, 8001, 86.18, [N/A], 34
2026/09/11 03:47:10.338, 0, GPU-87701dfa-9023-3c38-a5e1-c4df5064cf56, P0, 77, 2385, 8001, 86.18, [N/A], 34
2026/09/11 03:47:10.545, 0, GPU-87701dfa-9023-3c38-a5e1-c4df5064cf56, P0, 83, 2490, 8001, 84.70, [N/A], 100
2026/09/11 03:47:10.752, 0, GPU-87701dfa-9023-3c38-a5e1-c4df5064cf56, P0, 83, 2490, 8001, 84.70, [N/A], 100
2026/09/11 03:47:10.959, 0, GPU-87701dfa-9023-3c38-a5e1-c4df5064cf56, P0, 83, 2490, 8001, 84.70, [N/A], 100
2026/09/11 03:47:11.165, 0, GPU-87701dfa-9023-3c38-a5e1-c4df5064cf56, P0, 84, 2385, 8001, 114.13, [N/A], 95
2026/09/11 03:47:11.373, 0, GPU-87701dfa-9023-3c38-a5e1-c4df5064cf56, P0, 84, 2385, 8001, 114.13, [N/A], 95
2026/09/11 03:47:11.579, 0, GPU-87701dfa-9023-3c38-a5e1-c4df5064cf56, P0, 87, 2460, 8001, 170.12, [N/A], 95
2026/09/11 03:47:11.803, 0, GPU-87701dfa-9023-3c38-a5e1-c4df5064cf56, P0, 87, 2460, 8001, 170.12, [N/A], 95
2026/09/11 03:47:12.008, 0, GPU-87701dfa-9023-3c38-a5e1-c4df5064cf56, P0, 87, 2460, 8001, 170.12, [N/A], 95
2026/09/11 03:47:12.216, 0, GPU-87701dfa-9023-3c38-a5e1-c4df5064cf56, P0, 86, 2490, 8001, 117.38, [N/A], 100
2026/09/11 03:47:12.423, 0, GPU-87701dfa-9023-3c38-a5e1-c4df5064cf56, P0, 86, 2490, 8001, 117.38, [N/A], 100
2026/09/11 03:47:12.630, 0, GPU-87701dfa-9023-3c38-a5e1-c4df5064cf56, P0, 86, 2430, 8001, 119.04, [N/A], 95
2026/09/11 03:47:12.838, 0, GPU-87701dfa-9023-3c38-a5e1-c4df5064cf56, P0, 86, 2430, 8001, 119.04, [N/A], 95
2026/09/11 03:47:13.044, 0, GPU-87701dfa-9023-3c38-a5e1-c4df5064cf56, P0, 86, 2160, 8001, 117.55, [N/A], 95
2026/09/11 03:47:13.250, 0, GPU-87701dfa-9023-3c38-a5e1-c4df5064cf56, P0, 86, 2160, 8001, 117.55, [N/A], 95
2026/09/11 03:47:13.473, 0, GPU-87701dfa-9023-3c38-a5e1-c4df5064cf56, P0, 86, 2160, 8001, 117.55, [N/A], 95
2026/09/11 03:47:13.679, 0, GPU-87701dfa-9023-3c38-a5e1-c4df5064cf56, P0, 87, 2490, 8001, 124.20, [N/A], 100
2026/09/11 03:47:13.887, 0, GPU-87701dfa-9023-3c38-a5e1-c4df5064cf56, P0, 87, 2490, 8001, 124.20, [N/A], 100
2026/09/11 03:47:14.093, 0, GPU-87701dfa-9023-3c38-a5e1-c4df5064cf56, P0, 77, 2385, 8001, 98.85, [N/A], 46
2026/09/11 03:47:14.300, 0, GPU-87701dfa-9023-3c38-a5e1-c4df5064cf56, P0, 77, 2385, 8001, 98.85, [N/A], 46
2026/09/11 03:47:14.506, 0, GPU-87701dfa-9023-3c38-a5e1-c4df5064cf56, P0, 77, 2385, 8001, 98.85, [N/A], 46
2026/09/11 03:47:14.713, 0, GPU-87701dfa-9023-3c38-a5e1-c4df5064cf56, P0, 74, 2490, 8001, 55.91, [N/A], 37
2026/09/11 03:47:14.921, 0, GPU-87701dfa-9023-3c38-a5e1-c4df5064cf56, P0, 74, 2490, 8001, 55.91, [N/A], 37
2026/09/11 03:47:15.141, 0, GPU-87701dfa-9023-3c38-a5e1-c4df5064cf56, P0, 73, 2490, 8001, 56.55, [N/A], 38
2026/09/11 03:47:15.346, 0, GPU-87701dfa-9023-3c38-a5e1-c4df5064cf56, P0, 73, 2490, 8001, 56.55, [N/A], 38
2026/09/11 03:47:15.552, 0, GPU-87701dfa-9023-3c38-a5e1-c4df5064cf56, P0, 68, 2490, 8001, 27.88, [N/A], 0
2026/09/11 03:47:15.758, 0, GPU-87701dfa-9023-3c38-a5e1-c4df5064cf56, P0, 68, 2490, 8001, 27.88, [N/A], 0
2026/09/11 03:47:15.965, 0, GPU-87701dfa-9023-3c38-a5e1-c4df5064cf56, P0, 68, 2490, 8001, 27.88, [N/A], 0
2026/09/11 03:47:16.170, 0, GPU-87701dfa-9023-3c38-a5e1-c4df5064cf56, P0, 65, 1680, 8001, 14.88, [N/A], 0
2026/09/11 03:47:16.376, 0, GPU-87701dfa-9023-3c38-a5e1-c4df5064cf56, P0, 65, 1680, 8001, 14.88, [N/A], 0
2026/09/11 03:47:16.583, 0, GPU-87701dfa-9023-3c38-a5e1-c4df5064cf56, P0, 66, 1440, 8001, 23.48, [N/A], 43
2026/09/11 03:47:16.789, 0, GPU-87701dfa-9023-3c38-a5e1-c4df5064cf56, P0, 66, 1440, 8001, 23.48, [N/A], 43
2026/09/11 03:47:16.997, 0, GPU-87701dfa-9023-3c38-a5e1-c4df5064cf56, P0, 66, 1440, 8001, 23.48, [N/A], 43
2026/09/11 03:47:17.200, 0, GPU-87701dfa-9023-3c38-a5e1-c4df5064cf56, P0, 69, 2175, 8001, 40.48, [N/A], 43
2026/09/11 03:47:17.408, 0, GPU-87701dfa-9023-3c38-a5e1-c4df5064cf56, P0, 69, 2175, 8001, 40.48, [N/A], 43
2026/09/11 03:47:17.614, 0, GPU-87701dfa-9023-3c38-a5e1-c4df5064cf56, P0, 70, 2220, 8001, 46.87, [N/A], 40
2026/09/11 03:47:17.818, 0, GPU-87701dfa-9023-3c38-a5e1-c4df5064cf56, P0, 70, 2220, 8001, 46.87, [N/A], 40
2026/09/11 03:47:18.022, 0, GPU-87701dfa-9023-3c38-a5e1-c4df5064cf56, P0, 70, 2220, 8001, 46.87, [N/A], 40
2026/09/11 03:47:18.259, 0, GPU-87701dfa-9023-3c38-a5e1-c4df5064cf56, P0, 69, 2220, 8001, 57.01, [N/A], 59
2026/09/11 03:47:18.467, 0, GPU-87701dfa-9023-3c38-a5e1-c4df5064cf56, P0, 69, 2220, 8001, 57.01, [N/A], 59
2026/09/11 03:47:18.689, 0, GPU-87701dfa-9023-3c38-a5e1-c4df5064cf56, P0, 69, 2490, 8001, 27.36, [N/A], 0
2026/09/11 03:47:18.896, 0, GPU-87701dfa-9023-3c38-a5e1-c4df5064cf56, P0, 69, 2490, 8001, 27.36, [N/A], 0
2026/09/11 03:47:19.100, 0, GPU-87701dfa-9023-3c38-a5e1-c4df5064cf56, P0, 85, 2460, 8001, 120.30, [N/A], 95
2026/09/11 03:47:19.308, 0, GPU-87701dfa-9023-3c38-a5e1-c4df5064cf56, P0, 85, 2460, 8001, 120.30, [N/A], 95
2026/09/11 03:47:19.514, 0, GPU-87701dfa-9023-3c38-a5e1-c4df5064cf56, P0, 85, 2460, 8001, 120.30, [N/A], 95
2026/09/11 03:47:19.720, 0, GPU-87701dfa-9023-3c38-a5e1-c4df5064cf56, P0, 85, 2490, 8001, 96.38, [N/A], 100
2026/09/11 03:47:19.927, 0, GPU-87701dfa-9023-3c38-a5e1-c4df5064cf56, P0, 85, 2490, 8001, 96.38, [N/A], 100
2026/09/11 03:47:20.132, 0, GPU-87701dfa-9023-3c38-a5e1-c4df5064cf56, P0, 86, 2475, 8001, 112.56, [N/A], 92
2026/09/11 03:47:20.339, 0, GPU-87701dfa-9023-3c38-a5e1-c4df5064cf56, P0, 86, 2475, 8001, 112.56, [N/A], 92
2026/09/11 03:47:20.546, 0, GPU-87701dfa-9023-3c38-a5e1-c4df5064cf56, P0, 87, 2475, 8001, 122.43, [N/A], 100
2026/09/11 03:47:20.751, 0, GPU-87701dfa-9023-3c38-a5e1-c4df5064cf56, P0, 87, 2475, 8001, 122.43, [N/A], 100
2026/09/11 03:47:20.958, 0, GPU-87701dfa-9023-3c38-a5e1-c4df5064cf56, P0, 87, 2475, 8001, 122.43, [N/A], 100
2026/09/11 03:47:21.164, 0, GPU-87701dfa-9023-3c38-a5e1-c4df5064cf56, P0, 86, 2400, 8001, 111.79, [N/A], 94
2026/09/11 03:47:21.371, 0, GPU-87701dfa-9023-3c38-a5e1-c4df5064cf56, P0, 86, 2400, 8001, 111.79, [N/A], 94
2026/09/11 03:47:21.577, 0, GPU-87701dfa-9023-3c38-a5e1-c4df5064cf56, P0, 86, 2460, 8001, 116.09, [N/A], 100
2026/09/11 03:47:21.783, 0, GPU-87701dfa-9023-3c38-a5e1-c4df5064cf56, P0, 86, 2460, 8001, 116.09, [N/A], 100
2026/09/11 03:47:21.989, 0, GPU-87701dfa-9023-3c38-a5e1-c4df5064cf56, P0, 86, 2460, 8001, 116.09, [N/A], 100
2026/09/11 03:47:22.196, 0, GPU-87701dfa-9023-3c38-a5e1-c4df5064cf56, P0, 87, 2445, 8001, 123.31, [N/A], 94
2026/09/11 03:47:22.404, 0, GPU-87701dfa-9023-3c38-a5e1-c4df5064cf56, P0, 87, 2445, 8001, 123.31, [N/A], 94
2026/09/11 03:47:22.611, 0, GPU-87701dfa-9023-3c38-a5e1-c4df5064cf56, P0, 87, 2460, 8001, 119.31, [N/A], 100
2026/09/11 03:47:22.818, 0, GPU-87701dfa-9023-3c38-a5e1-c4df5064cf56, P0, 87, 2460, 8001, 119.31, [N/A], 100
2026/09/11 03:47:23.025, 0, GPU-87701dfa-9023-3c38-a5e1-c4df5064cf56, P0, 87, 2460, 8001, 119.31, [N/A], 100
2026/09/11 03:47:23.248, 0, GPU-87701dfa-9023-3c38-a5e1-c4df5064cf56, P0, 76, 2490, 8001, 57.78, [N/A], 38
2026/09/11 03:47:23.455, 0, GPU-87701dfa-9023-3c38-a5e1-c4df5064cf56, P0, 76, 2490, 8001, 57.78, [N/A], 38
2026/09/11 03:47:23.661, 0, GPU-87701dfa-9023-3c38-a5e1-c4df5064cf56, P0, 74, 2490, 8001, 53.87, [N/A], 38
2026/09/11 03:47:23.869, 0, GPU-87701dfa-9023-3c38-a5e1-c4df5064cf56, P0, 74, 2490, 8001, 53.87, [N/A], 38
2026/09/11 03:47:24.074, 0, GPU-87701dfa-9023-3c38-a5e1-c4df5064cf56, P0, 74, 2490, 8001, 55.13, [N/A], 36
2026/09/11 03:47:24.282, 0, GPU-87701dfa-9023-3c38-a5e1-c4df5064cf56, P0, 74, 2490, 8001, 55.13, [N/A], 36
2026/09/11 03:47:24.490, 0, GPU-87701dfa-9023-3c38-a5e1-c4df5064cf56, P0, 74, 2490, 8001, 55.13, [N/A], 36
2026/09/11 03:47:24.696, 0, GPU-87701dfa-9023-3c38-a5e1-c4df5064cf56, P0, 68, 2490, 8001, 23.57, [N/A], 0
2026/09/11 03:47:24.904, 0, GPU-87701dfa-9023-3c38-a5e1-c4df5064cf56, P0, 68, 2490, 8001, 23.57, [N/A], 0
2026/09/11 03:47:25.109, 0, GPU-87701dfa-9023-3c38-a5e1-c4df5064cf56, P0, 66, 1545, 8001, 14.17, [N/A], 3
2026/09/11 03:47:25.316, 0, GPU-87701dfa-9023-3c38-a5e1-c4df5064cf56, P0, 66, 1545, 8001, 14.17, [N/A], 3
2026/09/11 03:47:25.523, 0, GPU-87701dfa-9023-3c38-a5e1-c4df5064cf56, P0, 66, 1545, 8001, 14.17, [N/A], 3
2026/09/11 03:47:25.724, 0, GPU-87701dfa-9023-3c38-a5e1-c4df5064cf56, P3, 69, 2100, 7001, 30.95, [N/A], 43
2026/09/11 03:47:25.930, 0, GPU-87701dfa-9023-3c38-a5e1-c4df5064cf56, P3, 69, 2100, 7001, 30.95, [N/A], 43
2026/09/11 03:47:26.135, 0, GPU-87701dfa-9023-3c38-a5e1-c4df5064cf56, P0, 71, 2220, 8001, 46.34, [N/A], 40
2026/09/11 03:47:26.341, 0, GPU-87701dfa-9023-3c38-a5e1-c4df5064cf56, P0, 71, 2220, 8001, 46.34, [N/A], 40
2026/09/11 03:47:26.546, 0, GPU-87701dfa-9023-3c38-a5e1-c4df5064cf56, P0, 71, 2220, 8001, 45.93, [N/A], 37
2026/09/11 03:47:26.752, 0, GPU-87701dfa-9023-3c38-a5e1-c4df5064cf56, P0, 71, 2220, 8001, 45.93, [N/A], 37
2026/09/11 03:47:26.960, 0, GPU-87701dfa-9023-3c38-a5e1-c4df5064cf56, P0, 71, 2220, 8001, 45.93, [N/A], 37
2026/09/11 03:47:27.164, 0, GPU-87701dfa-9023-3c38-a5e1-c4df5064cf56, P0, 68, 2490, 8001, 25.06, [N/A], 9
2026/09/11 03:47:27.371, 0, GPU-87701dfa-9023-3c38-a5e1-c4df5064cf56, P0, 68, 2490, 8001, 25.06, [N/A], 9
2026/09/11 03:47:27.577, 0, GPU-87701dfa-9023-3c38-a5e1-c4df5064cf56, P0, 80, 2430, 8001, 107.38, [N/A], 100
2026/09/11 03:47:27.785, 0, GPU-87701dfa-9023-3c38-a5e1-c4df5064cf56, P0, 80, 2430, 8001, 107.38, [N/A], 100
2026/09/11 03:47:27.993, 0, GPU-87701dfa-9023-3c38-a5e1-c4df5064cf56, P0, 80, 2430, 8001, 107.38, [N/A], 100
2026/09/11 03:47:28.196, 0, GPU-87701dfa-9023-3c38-a5e1-c4df5064cf56, P0, 84, 2220, 8001, 111.21, [N/A], 94
2026/09/11 03:47:28.402, 0, GPU-87701dfa-9023-3c38-a5e1-c4df5064cf56, P0, 84, 2220, 8001, 111.21, [N/A], 94
2026/09/11 03:47:28.608, 0, GPU-87701dfa-9023-3c38-a5e1-c4df5064cf56, P0, 85, 2400, 8001, 105.66, [N/A], 100
2026/09/11 03:47:28.816, 0, GPU-87701dfa-9023-3c38-a5e1-c4df5064cf56, P0, 85, 2400, 8001, 105.66, [N/A], 100
2026/09/11 03:47:29.020, 0, GPU-87701dfa-9023-3c38-a5e1-c4df5064cf56, P0, 85, 2400, 8001, 105.66, [N/A], 100
2026/09/11 03:47:29.244, 0, GPU-87701dfa-9023-3c38-a5e1-c4df5064cf56, P0, 84, 2280, 8001, 114.19, [N/A], 95
2026/09/11 03:47:29.451, 0, GPU-87701dfa-9023-3c38-a5e1-c4df5064cf56, P0, 84, 2280, 8001, 114.19, [N/A], 95
2026/09/11 03:47:29.658, 0, GPU-87701dfa-9023-3c38-a5e1-c4df5064cf56, P0, 87, 2205, 8001, 107.45, [N/A], 94
2026/09/11 03:47:29.866, 0, GPU-87701dfa-9023-3c38-a5e1-c4df5064cf56, P0, 87, 2205, 8001, 107.45, [N/A], 94
2026/09/11 03:47:30.074, 0, GPU-87701dfa-9023-3c38-a5e1-c4df5064cf56, P0, 84, 2385, 8001, 90.69, [N/A], 100
2026/09/11 03:47:30.281, 0, GPU-87701dfa-9023-3c38-a5e1-c4df5064cf56, P0, 84, 2385, 8001, 90.69, [N/A], 100
2026/09/11 03:47:30.487, 0, GPU-87701dfa-9023-3c38-a5e1-c4df5064cf56, P0, 84, 2385, 8001, 90.69, [N/A], 100
2026/09/11 03:47:30.693, 0, GPU-87701dfa-9023-3c38-a5e1-c4df5064cf56, P0, 88, 2340, 8001, 117.32, [N/A], 95
2026/09/11 03:47:30.899, 0, GPU-87701dfa-9023-3c38-a5e1-c4df5064cf56, P0, 88, 2340, 8001, 117.32, [N/A], 95
2026/09/11 03:47:31.103, 0, GPU-87701dfa-9023-3c38-a5e1-c4df5064cf56, P0, 80, 2055, 8001, 81.67, [N/A], 100
2026/09/11 03:47:31.312, 0, GPU-87701dfa-9023-3c38-a5e1-c4df5064cf56, P0, 80, 2055, 8001, 81.67, [N/A], 100
2026/09/11 03:47:31.519, 0, GPU-87701dfa-9023-3c38-a5e1-c4df5064cf56, P0, 80, 2055, 8001, 81.67, [N/A], 100
2026/09/11 03:47:31.725, 0, GPU-87701dfa-9023-3c38-a5e1-c4df5064cf56, P0, 77, 2490, 8001, 52.88, [N/A], 37
2026/09/11 03:47:31.932, 0, GPU-87701dfa-9023-3c38-a5e1-c4df5064cf56, P0, 77, 2490, 8001, 52.88, [N/A], 37
2026/09/11 03:47:32.135, 0, GPU-87701dfa-9023-3c38-a5e1-c4df5064cf56, P0, 76, 2490, 8001, 56.65, [N/A], 38
2026/09/11 03:47:32.357, 0, GPU-87701dfa-9023-3c38-a5e1-c4df5064cf56, P0, 76, 2490, 8001, 56.65, [N/A], 38
2026/09/11 03:47:32.563, 0, GPU-87701dfa-9023-3c38-a5e1-c4df5064cf56, P0, 75, 2490, 8001, 49.81, [N/A], 38
2026/09/11 03:47:32.770, 0, GPU-87701dfa-9023-3c38-a5e1-c4df5064cf56, P0, 75, 2490, 8001, 49.81, [N/A], 38
2026/09/11 03:47:32.978, 0, GPU-87701dfa-9023-3c38-a5e1-c4df5064cf56, P0, 75, 2490, 8001, 49.81, [N/A], 38
2026/09/11 03:47:33.184, 0, GPU-87701dfa-9023-3c38-a5e1-c4df5064cf56, P0, 69, 2490, 8001, 24.04, [N/A], 0
2026/09/11 03:47:33.390, 0, GPU-87701dfa-9023-3c38-a5e1-c4df5064cf56, P0, 69, 2490, 8001, 24.04, [N/A], 0
2026/09/11 03:47:33.594, 0, GPU-87701dfa-9023-3c38-a5e1-c4df5064cf56, P0, 67, 1680, 8001, 16.13, [N/A], 17
2026/09/11 03:47:33.800, 0, GPU-87701dfa-9023-3c38-a5e1-c4df5064cf56, P0, 67, 1680, 8001, 16.13, [N/A], 17
2026/09/11 03:47:34.020, 0, GPU-87701dfa-9023-3c38-a5e1-c4df5064cf56, P0, 67, 1680, 8001, 16.13, [N/A], 17
2026/09/11 03:47:34.228, 0, GPU-87701dfa-9023-3c38-a5e1-c4df5064cf56, P3, 69, 1950, 7001, 26.72, [N/A], 58
2026/09/11 03:47:34.435, 0, GPU-87701dfa-9023-3c38-a5e1-c4df5064cf56, P3, 69, 1950, 7001, 26.72, [N/A], 58
2026/09/11 03:47:34.640, 0, GPU-87701dfa-9023-3c38-a5e1-c4df5064cf56, P0, 71, 2175, 8001, 44.67, [N/A], 41
2026/09/11 03:47:34.846, 0, GPU-87701dfa-9023-3c38-a5e1-c4df5064cf56, P0, 71, 2175, 8001, 44.67, [N/A], 41
2026/09/11 03:47:35.052, 0, GPU-87701dfa-9023-3c38-a5e1-c4df5064cf56, P0, 72, 2205, 8001, 44.71, [N/A], 35
2026/09/11 03:47:35.256, 0, GPU-87701dfa-9023-3c38-a5e1-c4df5064cf56, P0, 72, 2205, 8001, 44.71, [N/A], 35
2026/09/11 03:47:35.463, 0, GPU-87701dfa-9023-3c38-a5e1-c4df5064cf56, P0, 72, 2205, 8001, 44.71, [N/A], 35
2026/09/11 03:47:35.685, 0, GPU-87701dfa-9023-3c38-a5e1-c4df5064cf56, P0, 69, 2490, 8001, 28.18, [N/A], 0
2026/09/11 03:47:35.892, 0, GPU-87701dfa-9023-3c38-a5e1-c4df5064cf56, P0, 69, 2490, 8001, 28.18, [N/A], 0
2026/09/11 03:47:36.099, 0, GPU-87701dfa-9023-3c38-a5e1-c4df5064cf56, P0, 80, 2355, 8001, 118.40, [N/A], 62
2026/09/11 03:47:36.304, 0, GPU-87701dfa-9023-3c38-a5e1-c4df5064cf56, P0, 80, 2355, 8001, 118.40, [N/A], 62
2026/09/11 03:47:36.512, 0, GPU-87701dfa-9023-3c38-a5e1-c4df5064cf56, P0, 80, 2355, 8001, 118.40, [N/A], 62
2026/09/11 03:47:36.719, 0, GPU-87701dfa-9023-3c38-a5e1-c4df5064cf56, P0, 85, 2490, 8001, 118.17, [N/A], 98
2026/09/11 03:47:36.926, 0, GPU-87701dfa-9023-3c38-a5e1-c4df5064cf56, P0, 85, 2490, 8001, 118.17, [N/A], 98
2026/09/11 03:47:37.132, 0, GPU-87701dfa-9023-3c38-a5e1-c4df5064cf56, P0, 87, 2430, 8001, 121.08, [N/A], 94
2026/09/11 03:47:37.355, 0, GPU-87701dfa-9023-3c38-a5e1-c4df5064cf56, P0, 87, 2430, 8001, 121.08, [N/A], 94
2026/09/11 03:47:37.561, 0, GPU-87701dfa-9023-3c38-a5e1-c4df5064cf56, P0, 86, 2490, 8001, 104.90, [N/A], 100
2026/09/11 03:47:37.768, 0, GPU-87701dfa-9023-3c38-a5e1-c4df5064cf56, P0, 86, 2490, 8001, 104.90, [N/A], 100
2026/09/11 03:47:37.975, 0, GPU-87701dfa-9023-3c38-a5e1-c4df5064cf56, P0, 86, 2490, 8001, 104.90, [N/A], 100
2026/09/11 03:47:38.181, 0, GPU-87701dfa-9023-3c38-a5e1-c4df5064cf56, P0, 85, 2265, 8001, 108.59, [N/A], 94
2026/09/11 03:47:38.386, 0, GPU-87701dfa-9023-3c38-a5e1-c4df5064cf56, P0, 85, 2265, 8001, 108.59, [N/A], 94
2026/09/11 03:47:38.594, 0, GPU-87701dfa-9023-3c38-a5e1-c4df5064cf56, P0, 86, 2370, 8001, 140.87, [N/A], 99
2026/09/11 03:47:38.801, 0, GPU-87701dfa-9023-3c38-a5e1-c4df5064cf56, P0, 86, 2370, 8001, 140.87, [N/A], 99
2026/09/11 03:47:39.004, 0, GPU-87701dfa-9023-3c38-a5e1-c4df5064cf56, P0, 86, 2370, 8001, 140.87, [N/A], 99
2026/09/11 03:47:39.209, 0, GPU-87701dfa-9023-3c38-a5e1-c4df5064cf56, P0, 87, 2145, 8001, 108.67, [N/A], 94
2026/09/11 03:47:39.413, 0, GPU-87701dfa-9023-3c38-a5e1-c4df5064cf56, P0, 87, 2145, 8001, 108.67, [N/A], 94
2026/09/11 03:47:39.619, 0, GPU-87701dfa-9023-3c38-a5e1-c4df5064cf56, P0, 86, 2250, 8001, 100.04, [N/A], 94
2026/09/11 03:47:39.823, 0, GPU-87701dfa-9023-3c38-a5e1-c4df5064cf56, P0, 86, 2250, 8001, 100.04, [N/A], 94
2026/09/11 03:47:40.028, 0, GPU-87701dfa-9023-3c38-a5e1-c4df5064cf56, P0, 86, 2250, 8001, 100.04, [N/A], 94
2026/09/11 03:47:40.234, 0, GPU-87701dfa-9023-3c38-a5e1-c4df5064cf56, P0, 87, 2250, 8001, 105.66, [N/A], 94
2026/09/11 03:47:40.458, 0, GPU-87701dfa-9023-3c38-a5e1-c4df5064cf56, P0, 87, 2250, 8001, 105.66, [N/A], 94
2026/09/11 03:47:40.679, 0, GPU-87701dfa-9023-3c38-a5e1-c4df5064cf56, P0, 77, 2490, 8001, 58.65, [N/A], 39
2026/09/11 03:47:40.900, 0, GPU-87701dfa-9023-3c38-a5e1-c4df5064cf56, P0, 77, 2490, 8001, 58.65, [N/A], 39
2026/09/11 03:47:41.107, 0, GPU-87701dfa-9023-3c38-a5e1-c4df5064cf56, P0, 76, 2490, 8001, 56.66, [N/A], 37
2026/09/11 03:47:41.314, 0, GPU-87701dfa-9023-3c38-a5e1-c4df5064cf56, P0, 76, 2490, 8001, 56.66, [N/A], 37
2026/09/11 03:47:41.519, 0, GPU-87701dfa-9023-3c38-a5e1-c4df5064cf56, P0, 76, 2490, 8001, 56.66, [N/A], 37
2026/09/11 03:47:41.726, 0, GPU-87701dfa-9023-3c38-a5e1-c4df5064cf56, P0, 74, 2490, 8001, 56.48, [N/A], 38
2026/09/11 03:47:41.931, 0, GPU-87701dfa-9023-3c38-a5e1-c4df5064cf56, P0, 74, 2490, 8001, 56.48, [N/A], 38
2026/09/11 03:47:42.134, 0, GPU-87701dfa-9023-3c38-a5e1-c4df5064cf56, P0, 69, 1890, 8001, 23.95, [N/A], 0
2026/09/11 03:47:42.341, 0, GPU-87701dfa-9023-3c38-a5e1-c4df5064cf56, P0, 69, 1890, 8001, 23.95, [N/A], 0
2026/09/11 03:47:42.547, 0, GPU-87701dfa-9023-3c38-a5e1-c4df5064cf56, P0, 67, 1620, 8001, 14.25, [N/A], 1
2026/09/11 03:47:42.755, 0, GPU-87701dfa-9023-3c38-a5e1-c4df5064cf56, P0, 67, 1620, 8001, 14.25, [N/A], 1
2026/09/11 03:47:42.962, 0, GPU-87701dfa-9023-3c38-a5e1-c4df5064cf56, P0, 67, 1620, 8001, 14.25, [N/A], 1
2026/09/11 03:47:43.166, 0, GPU-87701dfa-9023-3c38-a5e1-c4df5064cf56, P0, 70, 2040, 8001, 33.28, [N/A], 51
2026/09/11 03:47:43.373, 0, GPU-87701dfa-9023-3c38-a5e1-c4df5064cf56, P0, 70, 2040, 8001, 33.28, [N/A], 51
2026/09/11 03:47:43.576, 0, GPU-87701dfa-9023-3c38-a5e1-c4df5064cf56, P0, 72, 2220, 8001, 45.54, [N/A], 40
2026/09/11 03:47:43.781, 0, GPU-87701dfa-9023-3c38-a5e1-c4df5064cf56, P0, 72, 2220, 8001, 45.54, [N/A], 40
2026/09/11 03:47:44.016, 0, GPU-87701dfa-9023-3c38-a5e1-c4df5064cf56, P0, 72, 2220, 8001, 45.54, [N/A], 40
2026/09/11 03:47:44.223, 0, GPU-87701dfa-9023-3c38-a5e1-c4df5064cf56, P0, 72, 2205, 8001, 45.35, [N/A], 40
2026/09/11 03:47:44.430, 0, GPU-87701dfa-9023-3c38-a5e1-c4df5064cf56, P0, 72, 2205, 8001, 45.35, [N/A], 40
2026/09/11 03:47:44.637, 0, GPU-87701dfa-9023-3c38-a5e1-c4df5064cf56, P0, 69, 2490, 8001, 24.41, [N/A], 9
2026/09/11 03:47:44.845, 0, GPU-87701dfa-9023-3c38-a5e1-c4df5064cf56, P0, 69, 2490, 8001, 24.41, [N/A], 9
2026/09/11 03:47:45.068, 0, GPU-87701dfa-9023-3c38-a5e1-c4df5064cf56, P0, 85, 2355, 8001, 115.03, [N/A], 100
2026/09/11 03:47:45.272, 0, GPU-87701dfa-9023-3c38-a5e1-c4df5064cf56, P0, 85, 2355, 8001, 115.03, [N/A], 100
2026/09/11 03:47:45.477, 0, GPU-87701dfa-9023-3c38-a5e1-c4df5064cf56, P0, 85, 2355, 8001, 115.03, [N/A], 100
2026/09/11 03:47:45.683, 0, GPU-87701dfa-9023-3c38-a5e1-c4df5064cf56, P0, 87, 2385, 8001, 113.24, [N/A], 94
2026/09/11 03:47:45.890, 0, GPU-87701dfa-9023-3c38-a5e1-c4df5064cf56, P0, 87, 2385, 8001, 113.24, [N/A], 94
2026/09/11 03:47:46.095, 0, GPU-87701dfa-9023-3c38-a5e1-c4df5064cf56, P0, 86, 2370, 8001, 112.88, [N/A], 100
2026/09/11 03:47:46.303, 0, GPU-87701dfa-9023-3c38-a5e1-c4df5064cf56, P0, 86, 2370, 8001, 112.88, [N/A], 100
2026/09/11 03:47:46.508, 0, GPU-87701dfa-9023-3c38-a5e1-c4df5064cf56, P0, 86, 2370, 8001, 112.88, [N/A], 100
2026/09/11 03:47:46.714, 0, GPU-87701dfa-9023-3c38-a5e1-c4df5064cf56, P0, 85, 2235, 8001, 108.00, [N/A], 94
2026/09/11 03:47:46.920, 0, GPU-87701dfa-9023-3c38-a5e1-c4df5064cf56, P0, 85, 2235, 8001, 108.00, [N/A], 94
2026/09/11 03:47:47.125, 0, GPU-87701dfa-9023-3c38-a5e1-c4df5064cf56, P0, 87, 2295, 8001, 109.08, [N/A], 99
2026/09/11 03:47:47.332, 0, GPU-87701dfa-9023-3c38-a5e1-c4df5064cf56, P0, 87, 2295, 8001, 109.08, [N/A], 99
2026/09/11 03:47:47.540, 0, GPU-87701dfa-9023-3c38-a5e1-c4df5064cf56, P0, 88, 2235, 8001, 105.43, [N/A], 94
2026/09/11 03:47:47.745, 0, GPU-87701dfa-9023-3c38-a5e1-c4df5064cf56, P0, 88, 2235, 8001, 105.43, [N/A], 94
2026/09/11 03:47:47.949, 0, GPU-87701dfa-9023-3c38-a5e1-c4df5064cf56, P0, 88, 2235, 8001, 105.43, [N/A], 94
2026/09/11 03:47:48.153, 0, GPU-87701dfa-9023-3c38-a5e1-c4df5064cf56, P0, 84, 2070, 8001, 103.25, [N/A], 94
2026/09/11 03:47:48.361, 0, GPU-87701dfa-9023-3c38-a5e1-c4df5064cf56, P0, 84, 2070, 8001, 103.25, [N/A], 94
2026/09/11 03:47:48.565, 0, GPU-87701dfa-9023-3c38-a5e1-c4df5064cf56, P0, 82, 2385, 8001, 79.25, [N/A], 99
2026/09/11 03:47:48.773, 0, GPU-87701dfa-9023-3c38-a5e1-c4df5064cf56, P0, 82, 2385, 8001, 79.25, [N/A], 99
2026/09/11 03:47:48.980, 0, GPU-87701dfa-9023-3c38-a5e1-c4df5064cf56, P0, 82, 2385, 8001, 79.25, [N/A], 99
2026/09/11 03:47:49.187, 0, GPU-87701dfa-9023-3c38-a5e1-c4df5064cf56, P0, 80, 2325, 8001, 71.08, [N/A], 67
2026/09/11 03:47:49.392, 0, GPU-87701dfa-9023-3c38-a5e1-c4df5064cf56, P0, 80, 2325, 8001, 71.08, [N/A], 67
2026/09/11 03:47:49.599, 0, GPU-87701dfa-9023-3c38-a5e1-c4df5064cf56, P0, 77, 2490, 8001, 56.45, [N/A], 37
2026/09/11 03:47:49.807, 0, GPU-87701dfa-9023-3c38-a5e1-c4df5064cf56, P0, 77, 2490, 8001, 56.45, [N/A], 37
2026/09/11 03:47:50.013, 0, GPU-87701dfa-9023-3c38-a5e1-c4df5064cf56, P0, 77, 2490, 8001, 56.45, [N/A], 37
2026/09/11 03:47:50.221, 0, GPU-87701dfa-9023-3c38-a5e1-c4df5064cf56, P0, 77, 2490, 8001, 57.70, [N/A], 39
2026/09/11 03:47:50.429, 0, GPU-87701dfa-9023-3c38-a5e1-c4df5064cf56, P0, 77, 2490, 8001, 57.70, [N/A], 39
2026/09/11 03:47:50.634, 0, GPU-87701dfa-9023-3c38-a5e1-c4df5064cf56, P0, 71, 2490, 8001, 40.55, [N/A], 0
2026/09/11 03:47:50.842, 0, GPU-87701dfa-9023-3c38-a5e1-c4df5064cf56, P0, 71, 2490, 8001, 40.55, [N/A], 0
2026/09/11 03:47:51.048, 0, GPU-87701dfa-9023-3c38-a5e1-c4df5064cf56, P0, 69, 1770, 8001, 16.34, [N/A], 0
2026/09/11 03:47:51.255, 0, GPU-87701dfa-9023-3c38-a5e1-c4df5064cf56, P0, 69, 1770, 8001, 16.34, [N/A], 0
2026/09/11 03:47:51.460, 0, GPU-87701dfa-9023-3c38-a5e1-c4df5064cf56, P0, 69, 1770, 8001, 16.34, [N/A], 0
2026/09/11 03:47:51.666, 0, GPU-87701dfa-9023-3c38-a5e1-c4df5064cf56, P0, 69, 1530, 8001, 18.36, [N/A], 49
2026/09/11 03:47:51.871, 0, GPU-87701dfa-9023-3c38-a5e1-c4df5064cf56, P0, 69, 1530, 8001, 18.36, [N/A], 49
2026/09/11 03:47:52.077, 0, GPU-87701dfa-9023-3c38-a5e1-c4df5064cf56, P0, 72, 2100, 8001, 40.81, [N/A], 41
2026/09/11 03:47:52.281, 0, GPU-87701dfa-9023-3c38-a5e1-c4df5064cf56, P0, 72, 2100, 8001, 40.81, [N/A], 41
2026/09/11 03:47:52.489, 0, GPU-87701dfa-9023-3c38-a5e1-c4df5064cf56, P0, 72, 2100, 8001, 40.81, [N/A], 41
2026/09/11 03:47:52.696, 0, GPU-87701dfa-9023-3c38-a5e1-c4df5064cf56, P0, 73, 2235, 8001, 46.46, [N/A], 40
2026/09/11 03:47:52.899, 0, GPU-87701dfa-9023-3c38-a5e1-c4df5064cf56, P0, 73, 2235, 8001, 46.46, [N/A], 40
2026/09/11 03:47:53.105, 0, GPU-87701dfa-9023-3c38-a5e1-c4df5064cf56, P0, 73, 2235, 8001, 52.75, [N/A], 58
2026/09/11 03:47:53.312, 0, GPU-87701dfa-9023-3c38-a5e1-c4df5064cf56, P0, 73, 2235, 8001, 52.75, [N/A], 58
2026/09/11 03:47:53.518, 0, GPU-87701dfa-9023-3c38-a5e1-c4df5064cf56, P0, 73, 2235, 8001, 52.75, [N/A], 58
2026/09/11 03:47:53.726, 0, GPU-87701dfa-9023-3c38-a5e1-c4df5064cf56, P0, 73, 2250, 8001, 24.27, [N/A], 0
2026/09/11 03:47:53.932, 0, GPU-87701dfa-9023-3c38-a5e1-c4df5064cf56, P0, 73, 2250, 8001, 24.27, [N/A], 0
2026/09/11 03:47:54.137, 0, GPU-87701dfa-9023-3c38-a5e1-c4df5064cf56, P0, 84, 2055, 8001, 112.05, [N/A], 95
2026/09/11 03:47:54.342, 0, GPU-87701dfa-9023-3c38-a5e1-c4df5064cf56, P0, 84, 2055, 8001, 112.05, [N/A], 95
2026/09/11 03:47:54.548, 0, GPU-87701dfa-9023-3c38-a5e1-c4df5064cf56, P0, 88, 2235, 8001, 90.95, [N/A], 95
2026/09/11 03:47:54.755, 0, GPU-87701dfa-9023-3c38-a5e1-c4df5064cf56, P0, 88, 2235, 8001, 90.95, [N/A], 95
2026/09/11 03:47:54.962, 0, GPU-87701dfa-9023-3c38-a5e1-c4df5064cf56, P0, 88, 2235, 8001, 90.95, [N/A], 95
2026/09/11 03:47:55.169, 0, GPU-87701dfa-9023-3c38-a5e1-c4df5064cf56, P0, 87, 2040, 8001, 118.66, [N/A], 95
2026/09/11 03:47:55.376, 0, GPU-87701dfa-9023-3c38-a5e1-c4df5064cf56, P0, 87, 2040, 8001, 118.66, [N/A], 95
2026/09/11 03:47:55.583, 0, GPU-87701dfa-9023-3c38-a5e1-c4df5064cf56, P0, 87, 2250, 8001, 125.32, [N/A], 94
2026/09/11 03:47:55.790, 0, GPU-87701dfa-9023-3c38-a5e1-c4df5064cf56, P0, 87, 2250, 8001, 125.32, [N/A], 94
2026/09/11 03:47:55.998, 0, GPU-87701dfa-9023-3c38-a5e1-c4df5064cf56, P0, 87, 2250, 8001, 125.32, [N/A], 94
2026/09/11 03:47:56.205, 0, GPU-87701dfa-9023-3c38-a5e1-c4df5064cf56, P0, 88, 2250, 8001, 120.33, [N/A], 100
2026/09/11 03:47:56.413, 0, GPU-87701dfa-9023-3c38-a5e1-c4df5064cf56, P0, 88, 2250, 8001, 120.33, [N/A], 100
2026/09/11 03:47:56.620, 0, GPU-87701dfa-9023-3c38-a5e1-c4df5064cf56, P0, 85, 1995, 8001, 98.08, [N/A], 95
2026/09/11 03:47:56.828, 0, GPU-87701dfa-9023-3c38-a5e1-c4df5064cf56, P0, 85, 1995, 8001, 98.08, [N/A], 95
2026/09/11 03:47:57.034, 0, GPU-87701dfa-9023-3c38-a5e1-c4df5064cf56, P0, 85, 1995, 8001, 98.08, [N/A], 95
2026/09/11 03:47:57.240, 0, GPU-87701dfa-9023-3c38-a5e1-c4df5064cf56, P0, 85, 2370, 8001, 102.90, [N/A], 100
2026/09/11 03:47:57.447, 0, GPU-87701dfa-9023-3c38-a5e1-c4df5064cf56, P0, 85, 2370, 8001, 102.90, [N/A], 100
2026/09/11 03:47:57.670, 0, GPU-87701dfa-9023-3c38-a5e1-c4df5064cf56, P0, 87, 2415, 8001, 109.49, [N/A], 95
2026/09/11 03:47:57.893, 0, GPU-87701dfa-9023-3c38-a5e1-c4df5064cf56, P0, 87, 2415, 8001, 109.49, [N/A], 95
2026/09/11 03:47:58.146, 0, GPU-87701dfa-9023-3c38-a5e1-c4df5064cf56, P0, 78, 2490, 8001, 57.51, [N/A], 38
2026/09/11 03:47:58.350, 0, GPU-87701dfa-9023-3c38-a5e1-c4df5064cf56, P0, 78, 2490, 8001, 57.51, [N/A], 38
2026/09/11 03:47:58.557, 0, GPU-87701dfa-9023-3c38-a5e1-c4df5064cf56, P0, 77, 2490, 8001, 56.00, [N/A], 37
2026/09/11 03:47:58.763, 0, GPU-87701dfa-9023-3c38-a5e1-c4df5064cf56, P0, 77, 2490, 8001, 56.00, [N/A], 37
2026/09/11 03:47:58.971, 0, GPU-87701dfa-9023-3c38-a5e1-c4df5064cf56, P0, 77, 2490, 8001, 56.00, [N/A], 37
2026/09/11 03:47:59.179, 0, GPU-87701dfa-9023-3c38-a5e1-c4df5064cf56, P0, 74, 2490, 8001, 47.52, [N/A], 29
2026/09/11 03:47:59.385, 0, GPU-87701dfa-9023-3c38-a5e1-c4df5064cf56, P0, 74, 2490, 8001, 47.52, [N/A], 29
2026/09/11 03:47:59.590, 0, GPU-87701dfa-9023-3c38-a5e1-c4df5064cf56, P0, 70, 1950, 8001, 17.22, [N/A], 0
2026/09/11 03:47:59.796, 0, GPU-87701dfa-9023-3c38-a5e1-c4df5064cf56, P0, 70, 1950, 8001, 17.22, [N/A], 0
2026/09/11 03:48:00.001, 0, GPU-87701dfa-9023-3c38-a5e1-c4df5064cf56, P0, 70, 1950, 8001, 17.22, [N/A], 0
2026/09/11 03:48:00.206, 0, GPU-87701dfa-9023-3c38-a5e1-c4df5064cf56, P0, 68, 1530, 8001, 14.73, [N/A], 5
2026/09/11 03:48:00.413, 0, GPU-87701dfa-9023-3c38-a5e1-c4df5064cf56, P0, 68, 1530, 8001, 14.73, [N/A], 5
2026/09/11 03:48:00.618, 0, GPU-87701dfa-9023-3c38-a5e1-c4df5064cf56, P0, 71, 1815, 8001, 37.59, [N/A], 49
2026/09/11 03:48:00.825, 0, GPU-87701dfa-9023-3c38-a5e1-c4df5064cf56, P0, 71, 1815, 8001, 37.59, [N/A], 49
2026/09/11 03:48:01.032, 0, GPU-87701dfa-9023-3c38-a5e1-c4df5064cf56, P0, 71, 1815, 8001, 37.59, [N/A], 49
2026/09/11 03:48:01.256, 0, GPU-87701dfa-9023-3c38-a5e1-c4df5064cf56, P0, 80, 2175, 8001, 54.01, [N/A], 78
2026/09/11 03:48:01.462, 0, GPU-87701dfa-9023-3c38-a5e1-c4df5064cf56, P0, 80, 2175, 8001, 54.01, [N/A], 78
2026/09/11 03:48:01.668, 0, GPU-87701dfa-9023-3c38-a5e1-c4df5064cf56, P0, 70, 2490, 8001, 24.75, [N/A], 0
2026/09/11 03:48:01.920, 0, GPU-87701dfa-9023-3c38-a5e1-c4df5064cf56, P0, 70, 2490, 8001, 24.75, [N/A], 0
2026/09/11 03:48:02.127, 0, GPU-87701dfa-9023-3c38-a5e1-c4df5064cf56, P0, 87, 2430, 8001, 114.14, [N/A], 96
2026/09/11 03:48:02.332, 0, GPU-87701dfa-9023-3c38-a5e1-c4df5064cf56, P0, 87, 2430, 8001, 114.14, [N/A], 96
2026/09/11 03:48:02.553, 0, GPU-87701dfa-9023-3c38-a5e1-c4df5064cf56, P0, 85, 1965, 8001, 87.81, [N/A], 94
2026/09/11 03:48:02.760, 0, GPU-87701dfa-9023-3c38-a5e1-c4df5064cf56, P0, 85, 1965, 8001, 87.81, [N/A], 94
2026/09/11 03:48:02.963, 0, GPU-87701dfa-9023-3c38-a5e1-c4df5064cf56, P0, 85, 1965, 8001, 87.81, [N/A], 94
2026/09/11 03:48:03.169, 0, GPU-87701dfa-9023-3c38-a5e1-c4df5064cf56, P0, 88, 2325, 8001, 117.01, [N/A], 94
2026/09/11 03:48:03.374, 0, GPU-87701dfa-9023-3c38-a5e1-c4df5064cf56, P0, 88, 2325, 8001, 117.01, [N/A], 94
2026/09/11 03:48:03.580, 0, GPU-87701dfa-9023-3c38-a5e1-c4df5064cf56, P0, 85, 2205, 8001, 103.84, [N/A], 100
2026/09/11 03:48:03.786, 0, GPU-87701dfa-9023-3c38-a5e1-c4df5064cf56, P0, 85, 2205, 8001, 103.84, [N/A], 100
2026/09/11 03:48:03.991, 0, GPU-87701dfa-9023-3c38-a5e1-c4df5064cf56, P0, 85, 2205, 8001, 103.84, [N/A], 100
2026/09/11 03:48:04.214, 0, GPU-87701dfa-9023-3c38-a5e1-c4df5064cf56, P0, 86, 2145, 8001, 102.25, [N/A], 94
2026/09/11 03:48:04.436, 0, GPU-87701dfa-9023-3c38-a5e1-c4df5064cf56, P0, 86, 2145, 8001, 102.25, [N/A], 94
2026/09/11 03:48:04.658, 0, GPU-87701dfa-9023-3c38-a5e1-c4df5064cf56, P0, 89, 2490, 8001, 109.78, [N/A], 94
2026/09/11 03:48:04.862, 0, GPU-87701dfa-9023-3c38-a5e1-c4df5064cf56, P0, 89, 2490, 8001, 109.78, [N/A], 94
2026/09/11 03:48:05.069, 0, GPU-87701dfa-9023-3c38-a5e1-c4df5064cf56, P0, 87, 2205, 8001, 104.03, [N/A], 94
2026/09/11 03:48:05.272, 0, GPU-87701dfa-9023-3c38-a5e1-c4df5064cf56, P0, 87, 2205, 8001, 104.03, [N/A], 94
2026/09/11 03:48:05.479, 0, GPU-87701dfa-9023-3c38-a5e1-c4df5064cf56, P0, 87, 2205, 8001, 104.03, [N/A], 94
2026/09/11 03:48:05.685, 0, GPU-87701dfa-9023-3c38-a5e1-c4df5064cf56, P0, 88, 2280, 8001, 104.61, [N/A], 94
2026/09/11 03:48:05.888, 0, GPU-87701dfa-9023-3c38-a5e1-c4df5064cf56, P0, 88, 2280, 8001, 104.61, [N/A], 94
2026/09/11 03:48:06.095, 0, GPU-87701dfa-9023-3c38-a5e1-c4df5064cf56, P0, 81, 2490, 8001, 58.60, [N/A], 39
2026/09/11 03:48:06.301, 0, GPU-87701dfa-9023-3c38-a5e1-c4df5064cf56, P0, 81, 2490, 8001, 58.60, [N/A], 39
2026/09/11 03:48:06.507, 0, GPU-87701dfa-9023-3c38-a5e1-c4df5064cf56, P0, 81, 2490, 8001, 58.60, [N/A], 39
2026/09/11 03:48:06.715, 0, GPU-87701dfa-9023-3c38-a5e1-c4df5064cf56, P0, 78, 2490, 8001, 58.07, [N/A], 38
2026/09/11 03:48:06.922, 0, GPU-87701dfa-9023-3c38-a5e1-c4df5064cf56, P0, 78, 2490, 8001, 58.07, [N/A], 38
2026/09/11 03:48:07.129, 0, GPU-87701dfa-9023-3c38-a5e1-c4df5064cf56, P0, 72, 2490, 8001, 25.04, [N/A], 0
2026/09/11 03:48:07.336, 0, GPU-87701dfa-9023-3c38-a5e1-c4df5064cf56, P0, 72, 2490, 8001, 25.04, [N/A], 0
2026/09/11 03:48:07.542, 0, GPU-87701dfa-9023-3c38-a5e1-c4df5064cf56, P0, 71, 2490, 8001, 24.82, [N/A], 7
2026/09/11 03:48:07.749, 0, GPU-87701dfa-9023-3c38-a5e1-c4df5064cf56, P0, 71, 2490, 8001, 24.82, [N/A], 7
2026/09/11 03:48:07.954, 0, GPU-87701dfa-9023-3c38-a5e1-c4df5064cf56, P0, 71, 2490, 8001, 24.82, [N/A], 7
2026/09/11 03:48:08.161, 0, GPU-87701dfa-9023-3c38-a5e1-c4df5064cf56, P0, 71, 1815, 8001, 25.93, [N/A], 63
2026/09/11 03:48:08.365, 0, GPU-87701dfa-9023-3c38-a5e1-c4df5064cf56, P0, 71, 1815, 8001, 25.93, [N/A], 63
2026/09/11 03:48:08.572, 0, GPU-87701dfa-9023-3c38-a5e1-c4df5064cf56, P0, 74, 2220, 8001, 46.61, [N/A], 40
2026/09/11 03:48:08.780, 0, GPU-87701dfa-9023-3c38-a5e1-c4df5064cf56, P0, 74, 2220, 8001, 46.61, [N/A], 40
2026/09/11 03:48:08.985, 0, GPU-87701dfa-9023-3c38-a5e1-c4df5064cf56, P0, 74, 2220, 8001, 46.61, [N/A], 40
2026/09/11 03:48:09.190, 0, GPU-87701dfa-9023-3c38-a5e1-c4df5064cf56, P0, 72, 2490, 8001, 26.89, [N/A], 0
2026/09/11 03:48:09.396, 0, GPU-87701dfa-9023-3c38-a5e1-c4df5064cf56, P0, 72, 2490, 8001, 26.89, [N/A], 0
2026/09/11 03:48:09.601, 0, GPU-87701dfa-9023-3c38-a5e1-c4df5064cf56, P0, 87, 2205, 8001, 95.70, [N/A], 94
2026/09/11 03:48:09.807, 0, GPU-87701dfa-9023-3c38-a5e1-c4df5064cf56, P0, 87, 2205, 8001, 95.70, [N/A], 94
2026/09/11 03:48:10.015, 0, GPU-87701dfa-9023-3c38-a5e1-c4df5064cf56, P0, 87, 2205, 8001, 95.70, [N/A], 94
2026/09/11 03:48:10.220, 0, GPU-87701dfa-9023-3c38-a5e1-c4df5064cf56, P0, 87, 2250, 8001, 116.45, [N/A], 95
2026/09/11 03:48:10.443, 0, GPU-87701dfa-9023-3c38-a5e1-c4df5064cf56, P0, 87, 2250, 8001, 116.45, [N/A], 95
2026/09/11 03:48:10.681, 0, GPU-87701dfa-9023-3c38-a5e1-c4df5064cf56, P0, 82, 1605, 8001, 35.99, [N/A], 95
2026/09/11 03:48:10.889, 0, GPU-87701dfa-9023-3c38-a5e1-c4df5064cf56, P0, 82, 1605, 8001, 35.99, [N/A], 95
2026/09/11 03:48:11.094, 0, GPU-87701dfa-9023-3c38-a5e1-c4df5064cf56, P0, 86, 2235, 8001, 106.16, [N/A], 95
2026/09/11 03:48:11.302, 0, GPU-87701dfa-9023-3c38-a5e1-c4df5064cf56, P0, 86, 2235, 8001, 106.16, [N/A], 95
2026/09/11 03:48:11.509, 0, GPU-87701dfa-9023-3c38-a5e1-c4df5064cf56, P0, 86, 2235, 8001, 106.16, [N/A], 95
2026/09/11 03:48:11.715, 0, GPU-87701dfa-9023-3c38-a5e1-c4df5064cf56, P0, 87, 2070, 8001, 88.95, [N/A], 95
2026/09/11 03:48:11.921, 0, GPU-87701dfa-9023-3c38-a5e1-c4df5064cf56, P0, 87, 2070, 8001, 88.95, [N/A], 95
2026/09/11 03:48:12.128, 0, GPU-87701dfa-9023-3c38-a5e1-c4df5064cf56, P0, 88, 1950, 8001, 107.36, [N/A], 95
2026/09/11 03:48:12.335, 0, GPU-87701dfa-9023-3c38-a5e1-c4df5064cf56, P0, 88, 1950, 8001, 107.36, [N/A], 95
2026/09/11 03:48:12.541, 0, GPU-87701dfa-9023-3c38-a5e1-c4df5064cf56, P0, 92, 2280, 8001, 94.23, [N/A], 94
2026/09/11 03:48:12.747, 0, GPU-87701dfa-9023-3c38-a5e1-c4df5064cf56, P0, 92, 2280, 8001, 94.23, [N/A], 94
2026/09/11 03:48:12.955, 0, GPU-87701dfa-9023-3c38-a5e1-c4df5064cf56, P0, 92, 2280, 8001, 94.23, [N/A], 94
2026/09/11 03:48:13.162, 0, GPU-87701dfa-9023-3c38-a5e1-c4df5064cf56, P0, 85, 2190, 8001, 90.80, [N/A], 94
2026/09/11 03:48:13.367, 0, GPU-87701dfa-9023-3c38-a5e1-c4df5064cf56, P0, 85, 2190, 8001, 90.80, [N/A], 94
2026/09/11 03:48:13.574, 0, GPU-87701dfa-9023-3c38-a5e1-c4df5064cf56, P0, 82, 2385, 8001, 90.29, [N/A], 95
2026/09/11 03:48:13.781, 0, GPU-87701dfa-9023-3c38-a5e1-c4df5064cf56, P0, 82, 2385, 8001, 90.29, [N/A], 95
2026/09/11 03:48:13.988, 0, GPU-87701dfa-9023-3c38-a5e1-c4df5064cf56, P0, 82, 2385, 8001, 90.29, [N/A], 95
2026/09/11 03:48:14.211, 0, GPU-87701dfa-9023-3c38-a5e1-c4df5064cf56, P0, 79, 2490, 8001, 57.97, [N/A], 38
2026/09/11 03:48:14.419, 0, GPU-87701dfa-9023-3c38-a5e1-c4df5064cf56, P0, 79, 2490, 8001, 57.97, [N/A], 38
2026/09/11 03:48:14.625, 0, GPU-87701dfa-9023-3c38-a5e1-c4df5064cf56, P0, 73, 2490, 8001, 25.42, [N/A], 4
2026/09/11 03:48:14.832, 0, GPU-87701dfa-9023-3c38-a5e1-c4df5064cf56, P0, 73, 2490, 8001, 25.42, [N/A], 4
2026/09/11 03:48:15.038, 0, GPU-87701dfa-9023-3c38-a5e1-c4df5064cf56, P0, 73, 2490, 8001, 25.42, [N/A], 4
2026/09/11 03:48:15.242, 0, GPU-87701dfa-9023-3c38-a5e1-c4df5064cf56, P0, 71, 2490, 8001, 24.31, [N/A], 0
2026/09/11 03:48:15.448, 0, GPU-87701dfa-9023-3c38-a5e1-c4df5064cf56, P0, 71, 2490, 8001, 24.31, [N/A], 0
2026/09/11 03:48:15.654, 0, GPU-87701dfa-9023-3c38-a5e1-c4df5064cf56, P0, 71, 1380, 8001, 23.45, [N/A], 34
2026/09/11 03:48:15.875, 0, GPU-87701dfa-9023-3c38-a5e1-c4df5064cf56, P0, 71, 1380, 8001, 23.45, [N/A], 34
2026/09/11 03:48:16.097, 0, GPU-87701dfa-9023-3c38-a5e1-c4df5064cf56, P0, 74, 2190, 8001, 40.70, [N/A], 42
2026/09/11 03:48:16.303, 0, GPU-87701dfa-9023-3c38-a5e1-c4df5064cf56, P0, 74, 2190, 8001, 40.70, [N/A], 42
2026/09/11 03:48:16.509, 0, GPU-87701dfa-9023-3c38-a5e1-c4df5064cf56, P0, 74, 2190, 8001, 40.70, [N/A], 42
2026/09/11 03:48:16.715, 0, GPU-87701dfa-9023-3c38-a5e1-c4df5064cf56, P0, 74, 2475, 8001, 46.62, [N/A], 44
2026/09/11 03:48:16.920, 0, GPU-87701dfa-9023-3c38-a5e1-c4df5064cf56, P0, 74, 2475, 8001, 46.62, [N/A], 44
2026/09/11 03:48:17.127, 0, GPU-87701dfa-9023-3c38-a5e1-c4df5064cf56, P3, 83, 2490, 8001, 35.68, [N/A], 12
2026/09/11 03:48:17.334, 0, GPU-87701dfa-9023-3c38-a5e1-c4df5064cf56, P3, 83, 2490, 8001, 35.68, [N/A], 12
2026/09/11 03:48:17.539, 0, GPU-87701dfa-9023-3c38-a5e1-c4df5064cf56, P3, 83, 2490, 8001, 35.68, [N/A], 12
2026/09/11 03:48:17.762, 0, GPU-87701dfa-9023-3c38-a5e1-c4df5064cf56, P3, 88, 2385, 7001, 100.21, [N/A], 95
2026/09/11 03:48:17.984, 0, GPU-87701dfa-9023-3c38-a5e1-c4df5064cf56, P3, 88, 2385, 7001, 100.21, [N/A], 95
2026/09/11 03:48:18.187, 0, GPU-87701dfa-9023-3c38-a5e1-c4df5064cf56, P0, 89, 2220, 8001, 100.85, [N/A], 94
2026/09/11 03:48:18.393, 0, GPU-87701dfa-9023-3c38-a5e1-c4df5064cf56, P0, 89, 2220, 8001, 100.85, [N/A], 94
2026/09/11 03:48:18.600, 0, GPU-87701dfa-9023-3c38-a5e1-c4df5064cf56, P0, 89, 2220, 8001, 100.85, [N/A], 94
2026/09/11 03:48:18.806, 0, GPU-87701dfa-9023-3c38-a5e1-c4df5064cf56, P0, 87, 2175, 8001, 120.81, [N/A], 95
2026/09/11 03:48:19.014, 0, GPU-87701dfa-9023-3c38-a5e1-c4df5064cf56, P0, 87, 2175, 8001, 120.81, [N/A], 95
2026/09/11 03:48:19.221, 0, GPU-87701dfa-9023-3c38-a5e1-c4df5064cf56, P0, 90, 2160, 8001, 90.25, [N/A], 95
2026/09/11 03:48:19.428, 0, GPU-87701dfa-9023-3c38-a5e1-c4df5064cf56, P0, 90, 2160, 8001, 90.25, [N/A], 95
2026/09/11 03:48:19.633, 0, GPU-87701dfa-9023-3c38-a5e1-c4df5064cf56, P0, 86, 2175, 8001, 97.36, [N/A], 95
2026/09/11 03:48:19.840, 0, GPU-87701dfa-9023-3c38-a5e1-c4df5064cf56, P0, 86, 2175, 8001, 97.36, [N/A], 95
2026/09/11 03:48:20.046, 0, GPU-87701dfa-9023-3c38-a5e1-c4df5064cf56, P0, 83, 2295, 8001, 80.33, [N/A], 94
2026/09/11 03:48:20.252, 0, GPU-87701dfa-9023-3c38-a5e1-c4df5064cf56, P0, 83, 2295, 8001, 80.33, [N/A], 94
2026/09/11 03:48:20.461, 0, GPU-87701dfa-9023-3c38-a5e1-c4df5064cf56, P0, 83, 2295, 8001, 80.33, [N/A], 94
2026/09/11 03:48:20.667, 0, GPU-87701dfa-9023-3c38-a5e1-c4df5064cf56, P0, 87, 2115, 8001, 104.44, [N/A], 95
2026/09/11 03:48:20.875, 0, GPU-87701dfa-9023-3c38-a5e1-c4df5064cf56, P0, 87, 2115, 8001, 104.44, [N/A], 95
2026/09/11 03:48:21.079, 0, GPU-87701dfa-9023-3c38-a5e1-c4df5064cf56, P0, 87, 2205, 8001, 88.63, [N/A], 95
2026/09/11 03:48:21.283, 0, GPU-87701dfa-9023-3c38-a5e1-c4df5064cf56, P0, 87, 2205, 8001, 88.63, [N/A], 95
2026/09/11 03:48:21.491, 0, GPU-87701dfa-9023-3c38-a5e1-c4df5064cf56, P0, 87, 2205, 8001, 88.63, [N/A], 95
2026/09/11 03:48:21.697, 0, GPU-87701dfa-9023-3c38-a5e1-c4df5064cf56, P0, 79, 2490, 8001, 58.10, [N/A], 38
2026/09/11 03:48:21.903, 0, GPU-87701dfa-9023-3c38-a5e1-c4df5064cf56, P0, 79, 2490, 8001, 58.10, [N/A], 38
2026/09/11 03:48:22.109, 0, GPU-87701dfa-9023-3c38-a5e1-c4df5064cf56, P0, 75, 2490, 8001, 50.89, [N/A], 31
2026/09/11 03:48:22.316, 0, GPU-87701dfa-9023-3c38-a5e1-c4df5064cf56, P0, 75, 2490, 8001, 50.89, [N/A], 31
2026/09/11 03:48:22.537, 0, GPU-87701dfa-9023-3c38-a5e1-c4df5064cf56, P0, 75, 2490, 8001, 50.89, [N/A], 31
2026/09/11 03:48:22.742, 0, GPU-87701dfa-9023-3c38-a5e1-c4df5064cf56, P0, 72, 2490, 8001, 24.61, [N/A], 0
2026/09/11 03:48:22.948, 0, GPU-87701dfa-9023-3c38-a5e1-c4df5064cf56, P0, 72, 2490, 8001, 24.61, [N/A], 0
2026/09/11 03:48:23.152, 0, GPU-87701dfa-9023-3c38-a5e1-c4df5064cf56, P0, 70, 1410, 8001, 24.81, [N/A], 5
2026/09/11 03:48:23.357, 0, GPU-87701dfa-9023-3c38-a5e1-c4df5064cf56, P0, 70, 1410, 8001, 24.81, [N/A], 5
2026/09/11 03:48:23.563, 0, GPU-87701dfa-9023-3c38-a5e1-c4df5064cf56, P0, 73, 2100, 8001, 39.15, [N/A], 46
2026/09/11 03:48:23.771, 0, GPU-87701dfa-9023-3c38-a5e1-c4df5064cf56, P0, 73, 2100, 8001, 39.15, [N/A], 46
2026/09/11 03:48:23.978, 0, GPU-87701dfa-9023-3c38-a5e1-c4df5064cf56, P0, 73, 2100, 8001, 39.15, [N/A], 46
2026/09/11 03:48:24.182, 0, GPU-87701dfa-9023-3c38-a5e1-c4df5064cf56, P0, 82, 2370, 8001, 88.88, [N/A], 87
2026/09/11 03:48:24.389, 0, GPU-87701dfa-9023-3c38-a5e1-c4df5064cf56, P0, 82, 2370, 8001, 88.88, [N/A], 87
2026/09/11 03:48:24.596, 0, GPU-87701dfa-9023-3c38-a5e1-c4df5064cf56, P0, 71, 2490, 8001, 24.55, [N/A], 0
2026/09/11 03:48:24.803, 0, GPU-87701dfa-9023-3c38-a5e1-c4df5064cf56, P0, 71, 2490, 8001, 24.55, [N/A], 0
2026/09/11 03:48:25.011, 0, GPU-87701dfa-9023-3c38-a5e1-c4df5064cf56, P0, 71, 2490, 8001, 24.55, [N/A], 0
2026/09/11 03:48:25.216, 0, GPU-87701dfa-9023-3c38-a5e1-c4df5064cf56, P0, 87, 2460, 8001, 120.57, [N/A], 99
2026/09/11 03:48:25.423, 0, GPU-87701dfa-9023-3c38-a5e1-c4df5064cf56, P0, 87, 2460, 8001, 120.57, [N/A], 99
2026/09/11 03:48:25.645, 0, GPU-87701dfa-9023-3c38-a5e1-c4df5064cf56, P0, 88, 2160, 8001, 100.28, [N/A], 94
2026/09/11 03:48:25.852, 0, GPU-87701dfa-9023-3c38-a5e1-c4df5064cf56, P0, 88, 2160, 8001, 100.28, [N/A], 94
2026/09/11 03:48:26.057, 0, GPU-87701dfa-9023-3c38-a5e1-c4df5064cf56, P0, 86, 2205, 8001, 100.10, [N/A], 94
2026/09/11 03:48:26.265, 0, GPU-87701dfa-9023-3c38-a5e1-c4df5064cf56, P0, 86, 2205, 8001, 100.10, [N/A], 94
2026/09/11 03:48:26.472, 0, GPU-87701dfa-9023-3c38-a5e1-c4df5064cf56, P0, 86, 2205, 8001, 100.10, [N/A], 94
2026/09/11 03:48:26.679, 0, GPU-87701dfa-9023-3c38-a5e1-c4df5064cf56, P0, 87, 2370, 8001, 121.86, [N/A], 94
2026/09/11 03:48:26.885, 0, GPU-87701dfa-9023-3c38-a5e1-c4df5064cf56, P0, 87, 2370, 8001, 121.86, [N/A], 94
2026/09/11 03:48:27.091, 0, GPU-87701dfa-9023-3c38-a5e1-c4df5064cf56, P0, 85, 2025, 8001, 85.72, [N/A], 94
2026/09/11 03:48:27.314, 0, GPU-87701dfa-9023-3c38-a5e1-c4df5064cf56, P0, 85, 2025, 8001, 85.72, [N/A], 94
2026/09/11 03:48:27.521, 0, GPU-87701dfa-9023-3c38-a5e1-c4df5064cf56, P0, 85, 2025, 8001, 85.72, [N/A], 94
2026/09/11 03:48:27.726, 0, GPU-87701dfa-9023-3c38-a5e1-c4df5064cf56, P0, 86, 2175, 8001, 92.44, [N/A], 94
2026/09/11 03:48:27.933, 0, GPU-87701dfa-9023-3c38-a5e1-c4df5064cf56, P0, 86, 2175, 8001, 92.44, [N/A], 94
2026/09/11 03:48:28.139, 0, GPU-87701dfa-9023-3c38-a5e1-c4df5064cf56, P0, 86, 2055, 8001, 93.52, [N/A], 100
2026/09/11 03:48:28.347, 0, GPU-87701dfa-9023-3c38-a5e1-c4df5064cf56, P0, 86, 2055, 8001, 93.52, [N/A], 100
2026/09/11 03:48:28.553, 0, GPU-87701dfa-9023-3c38-a5e1-c4df5064cf56, P0, 86, 2055, 8001, 93.52, [N/A], 100
2026/09/11 03:48:28.824, 0, GPU-87701dfa-9023-3c38-a5e1-c4df5064cf56, P0, 87, 2205, 8001, 71.42, [N/A], 100
2026/09/11 03:48:29.030, 0, GPU-87701dfa-9023-3c38-a5e1-c4df5064cf56, P0, 87, 2205, 8001, 71.42, [N/A], 100
2026/09/11 03:48:29.237, 0, GPU-87701dfa-9023-3c38-a5e1-c4df5064cf56, P0, 81, 2490, 8001, 82.10, [N/A], 48
2026/09/11 03:48:29.444, 0, GPU-87701dfa-9023-3c38-a5e1-c4df5064cf56, P0, 81, 2490, 8001, 82.10, [N/A], 48
2026/09/11 03:48:29.651, 0, GPU-87701dfa-9023-3c38-a5e1-c4df5064cf56, P0, 79, 2490, 8001, 58.40, [N/A], 38
2026/09/11 03:48:29.859, 0, GPU-87701dfa-9023-3c38-a5e1-c4df5064cf56, P0, 79, 2490, 8001, 58.40, [N/A], 38
2026/09/11 03:48:30.064, 0, GPU-87701dfa-9023-3c38-a5e1-c4df5064cf56, P0, 73, 2490, 8001, 25.00, [N/A], 0
2026/09/11 03:48:30.269, 0, GPU-87701dfa-9023-3c38-a5e1-c4df5064cf56, P0, 73, 2490, 8001, 25.00, [N/A], 0
2026/09/11 03:48:30.478, 0, GPU-87701dfa-9023-3c38-a5e1-c4df5064cf56, P0, 73, 2490, 8001, 25.00, [N/A], 0
2026/09/11 03:48:30.684, 0, GPU-87701dfa-9023-3c38-a5e1-c4df5064cf56, P0, 72, 2490, 8001, 25.54, [N/A], 8
2026/09/11 03:48:30.890, 0, GPU-87701dfa-9023-3c38-a5e1-c4df5064cf56, P0, 72, 2490, 8001, 25.54, [N/A], 8
2026/09/11 03:48:31.094, 0, GPU-87701dfa-9023-3c38-a5e1-c4df5064cf56, P0, 72, 1905, 8001, 29.90, [N/A], 58
2026/09/11 03:48:31.316, 0, GPU-87701dfa-9023-3c38-a5e1-c4df5064cf56, P0, 72, 1905, 8001, 29.90, [N/A], 58
2026/09/11 03:48:31.521, 0, GPU-87701dfa-9023-3c38-a5e1-c4df5064cf56, P0, 72, 1905, 8001, 29.90, [N/A], 58
2026/09/11 03:48:31.726, 0, GPU-87701dfa-9023-3c38-a5e1-c4df5064cf56, P0, 75, 2130, 8001, 44.51, [N/A], 42
2026/09/11 03:48:31.934, 0, GPU-87701dfa-9023-3c38-a5e1-c4df5064cf56, P0, 75, 2130, 8001, 44.51, [N/A], 42
2026/09/11 03:48:32.139, 0, GPU-87701dfa-9023-3c38-a5e1-c4df5064cf56, P0, 73, 2490, 8001, 25.47, [N/A], 0
2026/09/11 03:48:32.346, 0, GPU-87701dfa-9023-3c38-a5e1-c4df5064cf56, P0, 73, 2490, 8001, 25.47, [N/A], 0
2026/09/11 03:48:32.552, 0, GPU-87701dfa-9023-3c38-a5e1-c4df5064cf56, P0, 73, 2490, 8001, 25.47, [N/A], 0
2026/09/11 03:48:32.807, 0, GPU-87701dfa-9023-3c38-a5e1-c4df5064cf56, P0, 86, 2250, 8001, 102.62, [N/A], 95
2026/09/11 03:48:33.014, 0, GPU-87701dfa-9023-3c38-a5e1-c4df5064cf56, P0, 86, 2250, 8001, 102.62, [N/A], 95
2026/09/11 03:48:33.221, 0, GPU-87701dfa-9023-3c38-a5e1-c4df5064cf56, P0, 88, 2445, 8001, 108.35, [N/A], 95
2026/09/11 03:48:33.426, 0, GPU-87701dfa-9023-3c38-a5e1-c4df5064cf56, P0, 88, 2445, 8001, 108.35, [N/A], 95
2026/09/11 03:48:33.649, 0, GPU-87701dfa-9023-3c38-a5e1-c4df5064cf56, P0, 85, 2115, 8001, 93.49, [N/A], 95
2026/09/11 03:48:33.856, 0, GPU-87701dfa-9023-3c38-a5e1-c4df5064cf56, P0, 85, 2115, 8001, 93.49, [N/A], 95
2026/09/11 03:48:34.063, 0, GPU-87701dfa-9023-3c38-a5e1-c4df5064cf56, P0, 87, 2250, 8001, 97.84, [N/A], 95
2026/09/11 03:48:34.271, 0, GPU-87701dfa-9023-3c38-a5e1-c4df5064cf56, P0, 87, 2250, 8001, 97.84, [N/A], 95
2026/09/11 03:48:34.478, 0, GPU-87701dfa-9023-3c38-a5e1-c4df5064cf56, P0, 87, 2250, 8001, 97.84, [N/A], 95
2026/09/11 03:48:34.684, 0, GPU-87701dfa-9023-3c38-a5e1-c4df5064cf56, P0, 83, 2175, 8001, 76.70, [N/A], 100
2026/09/11 03:48:34.892, 0, GPU-87701dfa-9023-3c38-a5e1-c4df5064cf56, P0, 83, 2175, 8001, 76.70, [N/A], 100
2026/09/11 03:48:35.114, 0, GPU-87701dfa-9023-3c38-a5e1-c4df5064cf56, P0, 88, 2220, 8001, 88.59, [N/A], 92
2026/09/11 03:48:35.322, 0, GPU-87701dfa-9023-3c38-a5e1-c4df5064cf56, P0, 88, 2220, 8001, 88.59, [N/A], 92
2026/09/11 03:48:35.546, 0, GPU-87701dfa-9023-3c38-a5e1-c4df5064cf56, P0, 88, 2280, 8001, 120.34, [N/A], 94
2026/09/11 03:48:35.767, 0, GPU-87701dfa-9023-3c38-a5e1-c4df5064cf56, P0, 89, 2280, 8001, 120.34, [N/A], 94
2026/09/11 03:48:35.990, 0, GPU-87701dfa-9023-3c38-a5e1-c4df5064cf56, P0, 89, 2280, 8001, 120.34, [N/A], 94
2026/09/11 03:48:36.198, 0, GPU-87701dfa-9023-3c38-a5e1-c4df5064cf56, P0, 87, 2010, 8001, 95.96, [N/A], 100
2026/09/11 03:48:36.404, 0, GPU-87701dfa-9023-3c38-a5e1-c4df5064cf56, P0, 87, 2010, 8001, 95.96, [N/A], 100
2026/09/11 03:48:36.611, 0, GPU-87701dfa-9023-3c38-a5e1-c4df5064cf56, P0, 88, 2205, 8001, 105.88, [N/A], 94
2026/09/11 03:48:36.818, 0, GPU-87701dfa-9023-3c38-a5e1-c4df5064cf56, P0, 88, 2205, 8001, 105.88, [N/A], 94
2026/09/11 03:48:37.024, 0, GPU-87701dfa-9023-3c38-a5e1-c4df5064cf56, P0, 88, 2205, 8001, 105.88, [N/A], 94
2026/09/11 03:48:37.231, 0, GPU-87701dfa-9023-3c38-a5e1-c4df5064cf56, P0, 80, 2490, 8001, 58.24, [N/A], 38
2026/09/11 03:48:37.437, 0, GPU-87701dfa-9023-3c38-a5e1-c4df5064cf56, P0, 80, 2490, 8001, 58.24, [N/A], 38
2026/09/11 03:48:37.692, 0, GPU-87701dfa-9023-3c38-a5e1-c4df5064cf56, P0, 75, 2490, 8001, 29.53, [N/A], 23
2026/09/11 03:48:37.900, 0, GPU-87701dfa-9023-3c38-a5e1-c4df5064cf56, P0, 75, 2490, 8001, 29.53, [N/A], 23
2026/09/11 03:48:38.108, 0, GPU-87701dfa-9023-3c38-a5e1-c4df5064cf56, P0, 72, 2490, 8001, 24.88, [N/A], 0
2026/09/11 03:48:38.316, 0, GPU-87701dfa-9023-3c38-a5e1-c4df5064cf56, P0, 72, 2490, 8001, 24.88, [N/A], 0
2026/09/11 03:48:38.523, 0, GPU-87701dfa-9023-3c38-a5e1-c4df5064cf56, P0, 72, 2490, 8001, 24.88, [N/A], 0
2026/09/11 03:48:38.730, 0, GPU-87701dfa-9023-3c38-a5e1-c4df5064cf56, P0, 70, 1455, 8001, 15.83, [N/A], 5
2026/09/11 03:48:38.937, 0, GPU-87701dfa-9023-3c38-a5e1-c4df5064cf56, P0, 70, 1455, 8001, 15.83, [N/A], 5
2026/09/11 03:48:39.143, 0, GPU-87701dfa-9023-3c38-a5e1-c4df5064cf56, P0, 74, 2070, 8001, 35.11, [N/A], 42
2026/09/11 03:48:39.350, 0, GPU-87701dfa-9023-3c38-a5e1-c4df5064cf56, P0, 74, 2070, 8001, 35.11, [N/A], 42
2026/09/11 03:48:39.556, 0, GPU-87701dfa-9023-3c38-a5e1-c4df5064cf56, P0, 86, 2370, 8001, 76.44, [N/A], 90
2026/09/11 03:48:39.764, 0, GPU-87701dfa-9023-3c38-a5e1-c4df5064cf56, P0, 86, 2370, 8001, 76.44, [N/A], 90
2026/09/11 03:48:39.971, 0, GPU-87701dfa-9023-3c38-a5e1-c4df5064cf56, P0, 86, 2370, 8001, 76.44, [N/A], 90
2026/09/11 03:48:40.176, 0, GPU-87701dfa-9023-3c38-a5e1-c4df5064cf56, P0, 72, 2490, 8001, 24.64, [N/A], 0
2026/09/11 03:48:40.382, 0, GPU-87701dfa-9023-3c38-a5e1-c4df5064cf56, P0, 72, 2490, 8001, 24.64, [N/A], 0
2026/09/11 03:48:40.588, 0, GPU-87701dfa-9023-3c38-a5e1-c4df5064cf56, P0, 86, 2295, 8001, 102.69, [N/A], 99
2026/09/11 03:48:40.793, 0, GPU-87701dfa-9023-3c38-a5e1-c4df5064cf56, P0, 86, 2295, 8001, 102.69, [N/A], 99
2026/09/11 03:48:40.998, 0, GPU-87701dfa-9023-3c38-a5e1-c4df5064cf56, P0, 86, 2295, 8001, 102.69, [N/A], 99
2026/09/11 03:48:41.204, 0, GPU-87701dfa-9023-3c38-a5e1-c4df5064cf56, P0, 88, 2190, 8001, 95.98, [N/A], 94
2026/09/11 03:48:41.412, 0, GPU-87701dfa-9023-3c38-a5e1-c4df5064cf56, P0, 88, 2190, 8001, 95.98, [N/A], 94
2026/09/11 03:48:41.616, 0, GPU-87701dfa-9023-3c38-a5e1-c4df5064cf56, P0, 88, 2310, 8001, 90.60, [N/A], 94
2026/09/11 03:48:41.824, 0, GPU-87701dfa-9023-3c38-a5e1-c4df5064cf56, P0, 88, 2310, 8001, 90.60, [N/A], 94
2026/09/11 03:48:42.031, 0, GPU-87701dfa-9023-3c38-a5e1-c4df5064cf56, P0, 88, 2310, 8001, 90.60, [N/A], 94
2026/09/11 03:48:42.238, 0, GPU-87701dfa-9023-3c38-a5e1-c4df5064cf56, P0, 83, 2070, 8001, 84.64, [N/A], 100
2026/09/11 03:48:42.445, 0, GPU-87701dfa-9023-3c38-a5e1-c4df5064cf56, P0, 83, 2070, 8001, 84.64, [N/A], 100
2026/09/11 03:48:42.650, 0, GPU-87701dfa-9023-3c38-a5e1-c4df5064cf56, P0, 87, 2190, 8001, 94.25, [N/A], 95
2026/09/11 03:48:42.856, 0, GPU-87701dfa-9023-3c38-a5e1-c4df5064cf56, P0, 87, 2190, 8001, 94.25, [N/A], 95
2026/09/11 03:48:43.060, 0, GPU-87701dfa-9023-3c38-a5e1-c4df5064cf56, P0, 86, 2145, 8001, 93.27, [N/A], 94
2026/09/11 03:48:43.266, 0, GPU-87701dfa-9023-3c38-a5e1-c4df5064cf56, P0, 86, 2145, 8001, 93.27, [N/A], 94
2026/09/11 03:48:43.488, 0, GPU-87701dfa-9023-3c38-a5e1-c4df5064cf56, P0, 86, 2145, 8001, 93.27, [N/A], 94
2026/09/11 03:48:43.696, 0, GPU-87701dfa-9023-3c38-a5e1-c4df5064cf56, P0, 85, 2160, 8001, 95.54, [N/A], 99
2026/09/11 03:48:43.903, 0, GPU-87701dfa-9023-3c38-a5e1-c4df5064cf56, P0, 85, 2160, 8001, 95.54, [N/A], 99
2026/09/11 03:48:44.108, 0, GPU-87701dfa-9023-3c38-a5e1-c4df5064cf56, P0, 89, 2130, 8001, 101.89, [N/A], 94
2026/09/11 03:48:44.331, 0, GPU-87701dfa-9023-3c38-a5e1-c4df5064cf56, P0, 89, 2130, 8001, 101.89, [N/A], 94
2026/09/11 03:48:44.535, 0, GPU-87701dfa-9023-3c38-a5e1-c4df5064cf56, P0, 89, 2130, 8001, 101.89, [N/A], 94
2026/09/11 03:48:44.743, 0, GPU-87701dfa-9023-3c38-a5e1-c4df5064cf56, P0, 81, 2490, 8001, 65.81, [N/A], 67
2026/09/11 03:48:44.951, 0, GPU-87701dfa-9023-3c38-a5e1-c4df5064cf56, P0, 81, 2490, 8001, 65.81, [N/A], 67
2026/09/11 03:48:45.156, 0, GPU-87701dfa-9023-3c38-a5e1-c4df5064cf56, P0, 80, 2490, 8001, 58.53, [N/A], 39
2026/09/11 03:48:45.362, 0, GPU-87701dfa-9023-3c38-a5e1-c4df5064cf56, P0, 80, 2490, 8001, 58.53, [N/A], 39
2026/09/11 03:48:45.568, 0, GPU-87701dfa-9023-3c38-a5e1-c4df5064cf56, P0, 73, 2490, 8001, 34.58, [N/A], 0
2026/09/11 03:48:45.774, 0, GPU-87701dfa-9023-3c38-a5e1-c4df5064cf56, P0, 73, 2490, 8001, 34.58, [N/A], 0
2026/09/11 03:48:45.983, 0, GPU-87701dfa-9023-3c38-a5e1-c4df5064cf56, P0, 73, 2490, 8001, 34.58, [N/A], 0
2026/09/11 03:48:46.188, 0, GPU-87701dfa-9023-3c38-a5e1-c4df5064cf56, P0, 72, 2490, 8001, 24.95, [N/A], 4
2026/09/11 03:48:46.395, 0, GPU-87701dfa-9023-3c38-a5e1-c4df5064cf56, P0, 72, 2490, 8001, 24.95, [N/A], 4
2026/09/11 03:48:46.602, 0, GPU-87701dfa-9023-3c38-a5e1-c4df5064cf56, P3, 73, 1350, 7001, 25.48, [N/A], 50
2026/09/11 03:48:46.807, 0, GPU-87701dfa-9023-3c38-a5e1-c4df5064cf56, P3, 73, 1350, 7001, 25.48, [N/A], 50
2026/09/11 03:48:47.014, 0, GPU-87701dfa-9023-3c38-a5e1-c4df5064cf56, P3, 73, 1350, 7001, 25.48, [N/A], 50
2026/09/11 03:48:47.218, 0, GPU-87701dfa-9023-3c38-a5e1-c4df5064cf56, P0, 75, 2295, 8001, 42.30, [N/A], 42
2026/09/11 03:48:47.424, 0, GPU-87701dfa-9023-3c38-a5e1-c4df5064cf56, P0, 75, 2295, 8001, 42.30, [N/A], 42
2026/09/11 03:48:47.631, 0, GPU-87701dfa-9023-3c38-a5e1-c4df5064cf56, P0, 74, 2490, 8001, 26.22, [N/A], 0
2026/09/11 03:48:47.837, 0, GPU-87701dfa-9023-3c38-a5e1-c4df5064cf56, P0, 74, 2490, 8001, 26.22, [N/A], 0
2026/09/11 03:48:48.044, 0, GPU-87701dfa-9023-3c38-a5e1-c4df5064cf56, P0, 74, 2490, 8001, 26.22, [N/A], 0
2026/09/11 03:48:48.249, 0, GPU-87701dfa-9023-3c38-a5e1-c4df5064cf56, P0, 86, 2490, 8001, 125.20, [N/A], 70
2026/09/11 03:48:48.457, 0, GPU-87701dfa-9023-3c38-a5e1-c4df5064cf56, P0, 86, 2490, 8001, 125.20, [N/A], 70
2026/09/11 03:48:48.662, 0, GPU-87701dfa-9023-3c38-a5e1-c4df5064cf56, P0, 87, 2070, 8001, 108.12, [N/A], 96
2026/09/11 03:48:48.869, 0, GPU-87701dfa-9023-3c38-a5e1-c4df5064cf56, P0, 87, 2070, 8001, 108.12, [N/A], 96
2026/09/11 03:48:49.073, 0, GPU-87701dfa-9023-3c38-a5e1-c4df5064cf56, P0, 86, 2205, 8001, 103.93, [N/A], 94
2026/09/11 03:48:49.280, 0, GPU-87701dfa-9023-3c38-a5e1-c4df5064cf56, P0, 86, 2205, 8001, 103.93, [N/A], 94
2026/09/11 03:48:49.486, 0, GPU-87701dfa-9023-3c38-a5e1-c4df5064cf56, P0, 86, 2205, 8001, 103.93, [N/A], 94
2026/09/11 03:48:49.693, 0, GPU-87701dfa-9023-3c38-a5e1-c4df5064cf56, P0, 86, 2280, 8001, 88.99, [N/A], 95
2026/09/11 03:48:49.899, 0, GPU-87701dfa-9023-3c38-a5e1-c4df5064cf56, P0, 86, 2280, 8001, 88.99, [N/A], 95
2026/09/11 03:48:50.105, 0, GPU-87701dfa-9023-3c38-a5e1-c4df5064cf56, P0, 85, 1890, 8001, 81.98, [N/A], 100
2026/09/11 03:48:50.312, 0, GPU-87701dfa-9023-3c38-a5e1-c4df5064cf56, P0, 85, 1890, 8001, 81.98, [N/A], 100
2026/09/11 03:48:50.517, 0, GPU-87701dfa-9023-3c38-a5e1-c4df5064cf56, P0, 85, 1890, 8001, 81.98, [N/A], 100
2026/09/11 03:48:50.724, 0, GPU-87701dfa-9023-3c38-a5e1-c4df5064cf56, P0, 86, 2130, 8001, 89.34, [N/A], 95
2026/09/11 03:48:50.931, 0, GPU-87701dfa-9023-3c38-a5e1-c4df5064cf56, P0, 86, 2130, 8001, 89.34, [N/A], 95
2026/09/11 03:48:51.137, 0, GPU-87701dfa-9023-3c38-a5e1-c4df5064cf56, P0, 88, 2220, 8001, 96.63, [N/A], 94
2026/09/11 03:48:51.342, 0, GPU-87701dfa-9023-3c38-a5e1-c4df5064cf56, P0, 88, 2220, 8001, 96.63, [N/A], 94
2026/09/11 03:48:51.549, 0, GPU-87701dfa-9023-3c38-a5e1-c4df5064cf56, P0, 88, 2220, 8001, 96.63, [N/A], 94
2026/09/11 03:48:51.773, 0, GPU-87701dfa-9023-3c38-a5e1-c4df5064cf56, P0, 86, 2100, 8001, 82.45, [N/A], 94
2026/09/11 03:48:51.980, 0, GPU-87701dfa-9023-3c38-a5e1-c4df5064cf56, P0, 86, 2100, 8001, 82.45, [N/A], 94
2026/09/11 03:48:52.185, 0, GPU-87701dfa-9023-3c38-a5e1-c4df5064cf56, P0, 88, 2145, 8001, 95.96, [N/A], 94
2026/09/11 03:48:52.392, 0, GPU-87701dfa-9023-3c38-a5e1-c4df5064cf56, P0, 88, 2145, 8001, 95.96, [N/A], 94
2026/09/11 03:48:52.596, 0, GPU-87701dfa-9023-3c38-a5e1-c4df5064cf56, P0, 81, 2490, 8001, 52.24, [N/A], 39
2026/09/11 03:48:52.801, 0, GPU-87701dfa-9023-3c38-a5e1-c4df5064cf56, P0, 81, 2490, 8001, 52.24, [N/A], 39
2026/09/11 03:48:53.007, 0, GPU-87701dfa-9023-3c38-a5e1-c4df5064cf56, P0, 81, 2490, 8001, 52.24, [N/A], 39
2026/09/11 03:48:53.214, 0, GPU-87701dfa-9023-3c38-a5e1-c4df5064cf56, P0, 80, 2490, 8001, 58.87, [N/A], 39
2026/09/11 03:48:53.421, 0, GPU-87701dfa-9023-3c38-a5e1-c4df5064cf56, P0, 80, 2490, 8001, 58.87, [N/A], 39
2026/09/11 03:48:53.627, 0, GPU-87701dfa-9023-3c38-a5e1-c4df5064cf56, P0, 73, 2490, 8001, 25.58, [N/A], 0
2026/09/11 03:48:53.835, 0, GPU-87701dfa-9023-3c38-a5e1-c4df5064cf56, P0, 73, 2490, 8001, 25.58, [N/A], 0
2026/09/11 03:48:54.042, 0, GPU-87701dfa-9023-3c38-a5e1-c4df5064cf56, P0, 73, 2490, 8001, 25.58, [N/A], 0
2026/09/11 03:48:54.248, 0, GPU-87701dfa-9023-3c38-a5e1-c4df5064cf56, P0, 72, 2490, 8001, 26.08, [N/A], 13
2026/09/11 03:48:54.455, 0, GPU-87701dfa-9023-3c38-a5e1-c4df5064cf56, P0, 72, 2490, 8001, 26.08, [N/A], 13
2026/09/11 03:48:54.662, 0, GPU-87701dfa-9023-3c38-a5e1-c4df5064cf56, P0, 74, 1800, 8001, 32.81, [N/A], 47
2026/09/11 03:48:54.870, 0, GPU-87701dfa-9023-3c38-a5e1-c4df5064cf56, P0, 74, 1800, 8001, 32.81, [N/A], 47
2026/09/11 03:48:55.076, 0, GPU-87701dfa-9023-3c38-a5e1-c4df5064cf56, P0, 75, 2175, 8001, 42.92, [N/A], 42
2026/09/11 03:48:55.283, 0, GPU-87701dfa-9023-3c38-a5e1-c4df5064cf56, P0, 75, 2175, 8001, 42.92, [N/A], 42
2026/09/11 03:48:55.489, 0, GPU-87701dfa-9023-3c38-a5e1-c4df5064cf56, P0, 75, 2175, 8001, 42.92, [N/A], 42
2026/09/11 03:48:55.694, 0, GPU-87701dfa-9023-3c38-a5e1-c4df5064cf56, P0, 73, 2490, 8001, 25.70, [N/A], 8
2026/09/11 03:48:55.901, 0, GPU-87701dfa-9023-3c38-a5e1-c4df5064cf56, P0, 73, 2490, 8001, 25.70, [N/A], 8
2026/09/11 03:48:56.108, 0, GPU-87701dfa-9023-3c38-a5e1-c4df5064cf56, P0, 88, 2205, 8001, 113.03, [N/A], 95
2026/09/11 03:48:56.329, 0, GPU-87701dfa-9023-3c38-a5e1-c4df5064cf56, P0, 88, 2205, 8001, 113.03, [N/A], 95
2026/09/11 03:48:56.535, 0, GPU-87701dfa-9023-3c38-a5e1-c4df5064cf56, P0, 88, 2205, 8001, 113.03, [N/A], 95
2026/09/11 03:48:56.743, 0, GPU-87701dfa-9023-3c38-a5e1-c4df5064cf56, P0, 87, 2040, 8001, 104.46, [N/A], 100
2026/09/11 03:48:56.950, 0, GPU-87701dfa-9023-3c38-a5e1-c4df5064cf56, P0, 87, 2040, 8001, 104.46, [N/A], 100
2026/09/11 03:48:57.154, 0, GPU-87701dfa-9023-3c38-a5e1-c4df5064cf56, P0, 90, 2130, 8001, 100.75, [N/A], 95
2026/09/11 03:48:57.361, 0, GPU-87701dfa-9023-3c38-a5e1-c4df5064cf56, P0, 90, 2130, 8001, 100.75, [N/A], 95
2026/09/11 03:48:57.568, 0, GPU-87701dfa-9023-3c38-a5e1-c4df5064cf56, P0, 84, 1860, 8001, 75.31, [N/A], 100
2026/09/11 03:48:57.775, 0, GPU-87701dfa-9023-3c38-a5e1-c4df5064cf56, P0, 84, 1860, 8001, 75.31, [N/A], 100
2026/09/11 03:48:57.981, 0, GPU-87701dfa-9023-3c38-a5e1-c4df5064cf56, P0, 84, 1860, 8001, 75.31, [N/A], 100
2026/09/11 03:48:58.187, 0, GPU-87701dfa-9023-3c38-a5e1-c4df5064cf56, P0, 88, 2175, 8001, 90.08, [N/A], 95
2026/09/11 03:48:58.395, 0, GPU-87701dfa-9023-3c38-a5e1-c4df5064cf56, P0, 88, 2175, 8001, 90.08, [N/A], 95
2026/09/11 03:48:58.602, 0, GPU-87701dfa-9023-3c38-a5e1-c4df5064cf56, P0, 87, 1965, 8001, 98.86, [N/A], 95
2026/09/11 03:48:58.810, 0, GPU-87701dfa-9023-3c38-a5e1-c4df5064cf56, P0, 87, 1965, 8001, 98.86, [N/A], 95
2026/09/11 03:48:59.015, 0, GPU-87701dfa-9023-3c38-a5e1-c4df5064cf56, P0, 87, 1965, 8001, 98.86, [N/A], 95
2026/09/11 03:48:59.223, 0, GPU-87701dfa-9023-3c38-a5e1-c4df5064cf56, P0, 86, 2025, 8001, 89.10, [N/A], 100
2026/09/11 03:48:59.430, 0, GPU-87701dfa-9023-3c38-a5e1-c4df5064cf56, P0, 86, 2025, 8001, 89.10, [N/A], 100
2026/09/11 03:48:59.635, 0, GPU-87701dfa-9023-3c38-a5e1-c4df5064cf56, P0, 82, 2250, 8001, 63.97, [N/A], 95
2026/09/11 03:48:59.843, 0, GPU-87701dfa-9023-3c38-a5e1-c4df5064cf56, P0, 82, 2250, 8001, 63.97, [N/A], 95
2026/09/11 03:49:00.050, 0, GPU-87701dfa-9023-3c38-a5e1-c4df5064cf56, P0, 82, 2250, 8001, 63.97, [N/A], 95
2026/09/11 03:49:00.256, 0, GPU-87701dfa-9023-3c38-a5e1-c4df5064cf56, P0, 88, 2280, 8001, 92.57, [N/A], 99
2026/09/11 03:49:00.462, 0, GPU-87701dfa-9023-3c38-a5e1-c4df5064cf56, P0, 88, 2280, 8001, 92.57, [N/A], 99
2026/09/11 03:49:00.668, 0, GPU-87701dfa-9023-3c38-a5e1-c4df5064cf56, P0, 80, 2490, 8001, 58.04, [N/A], 38
2026/09/11 03:49:00.874, 0, GPU-87701dfa-9023-3c38-a5e1-c4df5064cf56, P0, 80, 2490, 8001, 58.04, [N/A], 38
2026/09/11 03:49:01.080, 0, GPU-87701dfa-9023-3c38-a5e1-c4df5064cf56, P0, 75, 2490, 8001, 26.57, [N/A], 11
2026/09/11 03:49:01.288, 0, GPU-87701dfa-9023-3c38-a5e1-c4df5064cf56, P0, 75, 2490, 8001, 26.57, [N/A], 11
2026/09/11 03:49:01.494, 0, GPU-87701dfa-9023-3c38-a5e1-c4df5064cf56, P0, 75, 2490, 8001, 26.57, [N/A], 11
2026/09/11 03:49:01.701, 0, GPU-87701dfa-9023-3c38-a5e1-c4df5064cf56, P0, 73, 2490, 8001, 24.82, [N/A], 0
2026/09/11 03:49:01.909, 0, GPU-87701dfa-9023-3c38-a5e1-c4df5064cf56, P0, 73, 2490, 8001, 24.82, [N/A], 0
2026/09/11 03:49:02.112, 0, GPU-87701dfa-9023-3c38-a5e1-c4df5064cf56, P0, 72, 1320, 8001, 24.77, [N/A], 2
2026/09/11 03:49:02.317, 0, GPU-87701dfa-9023-3c38-a5e1-c4df5064cf56, P0, 72, 1320, 8001, 24.77, [N/A], 2
2026/09/11 03:49:02.522, 0, GPU-87701dfa-9023-3c38-a5e1-c4df5064cf56, P0, 72, 1320, 8001, 24.77, [N/A], 2
2026/09/11 03:49:02.728, 0, GPU-87701dfa-9023-3c38-a5e1-c4df5064cf56, P0, 75, 2055, 8001, 39.74, [N/A], 42
2026/09/11 03:49:02.935, 0, GPU-87701dfa-9023-3c38-a5e1-c4df5064cf56, P0, 75, 2055, 8001, 39.74, [N/A], 42
2026/09/11 03:49:03.139, 0, GPU-87701dfa-9023-3c38-a5e1-c4df5064cf56, P0, 81, 2490, 8001, 77.71, [N/A], 100
2026/09/11 03:49:03.344, 0, GPU-87701dfa-9023-3c38-a5e1-c4df5064cf56, P0, 81, 2490, 8001, 77.71, [N/A], 100
2026/09/11 03:49:03.549, 0, GPU-87701dfa-9023-3c38-a5e1-c4df5064cf56, P0, 81, 2490, 8001, 77.71, [N/A], 100
2026/09/11 03:49:03.771, 0, GPU-87701dfa-9023-3c38-a5e1-c4df5064cf56, P0, 72, 2490, 8001, 124.10, [N/A], 0
2026/09/11 03:49:03.977, 0, GPU-87701dfa-9023-3c38-a5e1-c4df5064cf56, P0, 72, 2490, 8001, 124.10, [N/A], 0
2026/09/11 03:49:04.182, 0, GPU-87701dfa-9023-3c38-a5e1-c4df5064cf56, P0, 86, 2250, 8001, 111.14, [N/A], 99
2026/09/11 03:49:04.388, 0, GPU-87701dfa-9023-3c38-a5e1-c4df5064cf56, P0, 86, 2250, 8001, 111.14, [N/A], 99
2026/09/11 03:49:04.594, 0, GPU-87701dfa-9023-3c38-a5e1-c4df5064cf56, P0, 87, 1995, 8001, 95.49, [N/A], 94
2026/09/11 03:49:04.801, 0, GPU-87701dfa-9023-3c38-a5e1-c4df5064cf56, P0, 87, 1995, 8001, 95.49, [N/A], 94
2026/09/11 03:49:05.007, 0, GPU-87701dfa-9023-3c38-a5e1-c4df5064cf56, P0, 87, 1995, 8001, 95.49, [N/A], 94
2026/09/11 03:49:05.213, 0, GPU-87701dfa-9023-3c38-a5e1-c4df5064cf56, P0, 85, 2160, 8001, 89.45, [N/A], 89
2026/09/11 03:49:05.420, 0, GPU-87701dfa-9023-3c38-a5e1-c4df5064cf56, P0, 85, 2160, 8001, 89.45, [N/A], 89
2026/09/11 03:49:05.626, 0, GPU-87701dfa-9023-3c38-a5e1-c4df5064cf56, P0, 85, 2040, 8001, 102.39, [N/A], 99
2026/09/11 03:49:05.832, 0, GPU-87701dfa-9023-3c38-a5e1-c4df5064cf56, P0, 85, 2040, 8001, 102.39, [N/A], 99
2026/09/11 03:49:06.037, 0, GPU-87701dfa-9023-3c38-a5e1-c4df5064cf56, P0, 85, 2040, 8001, 102.39, [N/A], 99
2026/09/11 03:49:06.244, 0, GPU-87701dfa-9023-3c38-a5e1-c4df5064cf56, P0, 88, 2100, 8001, 90.16, [N/A], 95
2026/09/11 03:49:06.449, 0, GPU-87701dfa-9023-3c38-a5e1-c4df5064cf56, P0, 88, 2100, 8001, 90.16, [N/A], 95
2026/09/11 03:49:06.653, 0, GPU-87701dfa-9023-3c38-a5e1-c4df5064cf56, P0, 86, 1995, 8001, 93.99, [N/A], 94
2026/09/11 03:49:06.875, 0, GPU-87701dfa-9023-3c38-a5e1-c4df5064cf56, P0, 86, 1995, 8001, 93.99, [N/A], 94
2026/09/11 03:49:07.082, 0, GPU-87701dfa-9023-3c38-a5e1-c4df5064cf56, P0, 86, 2205, 8001, 89.04, [N/A], 94
2026/09/11 03:49:07.288, 0, GPU-87701dfa-9023-3c38-a5e1-c4df5064cf56, P0, 86, 2205, 8001, 89.04, [N/A], 94
2026/09/11 03:49:07.496, 0, GPU-87701dfa-9023-3c38-a5e1-c4df5064cf56, P0, 86, 2205, 8001, 89.04, [N/A], 94
2026/09/11 03:49:07.702, 0, GPU-87701dfa-9023-3c38-a5e1-c4df5064cf56, P0, 86, 2025, 8001, 83.25, [N/A], 94
2026/09/11 03:49:07.906, 0, GPU-87701dfa-9023-3c38-a5e1-c4df5064cf56, P0, 86, 2025, 8001, 83.25, [N/A], 94
2026/09/11 03:49:08.114, 0, GPU-87701dfa-9023-3c38-a5e1-c4df5064cf56, P0, 81, 2085, 8001, 78.05, [N/A], 82
2026/09/11 03:49:08.322, 0, GPU-87701dfa-9023-3c38-a5e1-c4df5064cf56, P0, 81, 2085, 8001, 78.05, [N/A], 82
2026/09/11 03:49:08.529, 0, GPU-87701dfa-9023-3c38-a5e1-c4df5064cf56, P0, 81, 2085, 8001, 78.05, [N/A], 82
2026/09/11 03:49:08.737, 0, GPU-87701dfa-9023-3c38-a5e1-c4df5064cf56, P0, 79, 2370, 8001, 54.31, [N/A], 40
2026/09/11 03:49:08.940, 0, GPU-87701dfa-9023-3c38-a5e1-c4df5064cf56, P0, 79, 2370, 8001, 54.31, [N/A], 40
2026/09/11 03:49:09.145, 0, GPU-87701dfa-9023-3c38-a5e1-c4df5064cf56, P0, 74, 2370, 8001, 23.97, [N/A], 6
2026/09/11 03:49:09.352, 0, GPU-87701dfa-9023-3c38-a5e1-c4df5064cf56, P0, 74, 2370, 8001, 23.97, [N/A], 6
2026/09/11 03:49:09.558, 0, GPU-87701dfa-9023-3c38-a5e1-c4df5064cf56, P0, 72, 2370, 8001, 23.01, [N/A], 0
2026/09/11 03:49:09.766, 0, GPU-87701dfa-9023-3c38-a5e1-c4df5064cf56, P0, 72, 2370, 8001, 23.01, [N/A], 0
2026/09/11 03:49:09.974, 0, GPU-87701dfa-9023-3c38-a5e1-c4df5064cf56, P0, 72, 2370, 8001, 23.01, [N/A], 0
2026/09/11 03:49:10.178, 0, GPU-87701dfa-9023-3c38-a5e1-c4df5064cf56, P3, 74, 1245, 7001, 31.16, [N/A], 13
2026/09/11 03:49:10.384, 0, GPU-87701dfa-9023-3c38-a5e1-c4df5064cf56, P3, 74, 1245, 7001, 31.16, [N/A], 13
2026/09/11 03:49:10.589, 0, GPU-87701dfa-9023-3c38-a5e1-c4df5064cf56, P3, 75, 2100, 7001, 39.88, [N/A], 41
2026/09/11 03:49:10.795, 0, GPU-87701dfa-9023-3c38-a5e1-c4df5064cf56, P3, 75, 2100, 7001, 39.88, [N/A], 41
2026/09/11 03:49:11.001, 0, GPU-87701dfa-9023-3c38-a5e1-c4df5064cf56, P3, 75, 2100, 7001, 39.88, [N/A], 41
2026/09/11 03:49:11.240, 0, GPU-87701dfa-9023-3c38-a5e1-c4df5064cf56, P0, 77, 2235, 8001, 60.82, [N/A], 80
2026/09/11 03:49:11.447, 0, GPU-87701dfa-9023-3c38-a5e1-c4df5064cf56, P0, 77, 2235, 8001, 60.82, [N/A], 80
2026/09/11 03:49:11.651, 0, GPU-87701dfa-9023-3c38-a5e1-c4df5064cf56, P0, 72, 2490, 8001, 82.81, [N/A], 0
2026/09/11 03:49:11.874, 0, GPU-87701dfa-9023-3c38-a5e1-c4df5064cf56, P0, 72, 2490, 8001, 82.81, [N/A], 0
2026/09/11 03:49:12.080, 0, GPU-87701dfa-9023-3c38-a5e1-c4df5064cf56, P0, 87, 2370, 8001, 113.19, [N/A], 95
2026/09/11 03:49:12.286, 0, GPU-87701dfa-9023-3c38-a5e1-c4df5064cf56, P0, 87, 2370, 8001, 113.19, [N/A], 95
2026/09/11 03:49:12.492, 0, GPU-87701dfa-9023-3c38-a5e1-c4df5064cf56, P0, 87, 2370, 8001, 113.19, [N/A], 95
2026/09/11 03:49:12.700, 0, GPU-87701dfa-9023-3c38-a5e1-c4df5064cf56, P0, 86, 2040, 8001, 97.52, [N/A], 100
2026/09/11 03:49:12.905, 0, GPU-87701dfa-9023-3c38-a5e1-c4df5064cf56, P0, 86, 2040, 8001, 97.52, [N/A], 100
2026/09/11 03:49:13.111, 0, GPU-87701dfa-9023-3c38-a5e1-c4df5064cf56, P0, 90, 2460, 8001, 117.75, [N/A], 95
2026/09/11 03:49:13.317, 0, GPU-87701dfa-9023-3c38-a5e1-c4df5064cf56, P0, 90, 2460, 8001, 117.75, [N/A], 95
2026/09/11 03:49:13.524, 0, GPU-87701dfa-9023-3c38-a5e1-c4df5064cf56, P0, 90, 2460, 8001, 117.75, [N/A], 95
2026/09/11 03:49:13.730, 0, GPU-87701dfa-9023-3c38-a5e1-c4df5064cf56, P0, 88, 2010, 8001, 80.38, [N/A], 95
2026/09/11 03:49:13.937, 0, GPU-87701dfa-9023-3c38-a5e1-c4df5064cf56, P0, 88, 2010, 8001, 80.38, [N/A], 95
2026/09/11 03:49:14.142, 0, GPU-87701dfa-9023-3c38-a5e1-c4df5064cf56, P0, 87, 1905, 8001, 86.38, [N/A], 95
2026/09/11 03:49:14.350, 0, GPU-87701dfa-9023-3c38-a5e1-c4df5064cf56, P0, 87, 1905, 8001, 86.38, [N/A], 95
2026/09/11 03:49:14.558, 0, GPU-87701dfa-9023-3c38-a5e1-c4df5064cf56, P0, 87, 2130, 8001, 107.52, [N/A], 94
2026/09/11 03:49:14.765, 0, GPU-87701dfa-9023-3c38-a5e1-c4df5064cf56, P0, 87, 2130, 8001, 107.52, [N/A], 94
2026/09/11 03:49:14.973, 0, GPU-87701dfa-9023-3c38-a5e1-c4df5064cf56, P0, 87, 2130, 8001, 107.52, [N/A], 94
2026/09/11 03:49:15.177, 0, GPU-87701dfa-9023-3c38-a5e1-c4df5064cf56, P0, 87, 2040, 8001, 107.86, [N/A], 100
2026/09/11 03:49:15.382, 0, GPU-87701dfa-9023-3c38-a5e1-c4df5064cf56, P0, 87, 2040, 8001, 107.86, [N/A], 100
2026/09/11 03:49:15.587, 0, GPU-87701dfa-9023-3c38-a5e1-c4df5064cf56, P0, 86, 1995, 8001, 85.03, [N/A], 95
2026/09/11 03:49:15.791, 0, GPU-87701dfa-9023-3c38-a5e1-c4df5064cf56, P0, 86, 1995, 8001, 85.03, [N/A], 95
2026/09/11 03:49:15.998, 0, GPU-87701dfa-9023-3c38-a5e1-c4df5064cf56, P0, 86, 1995, 8001, 85.03, [N/A], 95
2026/09/11 03:49:16.203, 0, GPU-87701dfa-9023-3c38-a5e1-c4df5064cf56, P0, 81, 2490, 8001, 58.45, [N/A], 38
2026/09/11 03:49:16.425, 0, GPU-87701dfa-9023-3c38-a5e1-c4df5064cf56, P0, 81, 2490, 8001, 58.45, [N/A], 38
2026/09/11 03:49:16.630, 0, GPU-87701dfa-9023-3c38-a5e1-c4df5064cf56, P0, 80, 2490, 8001, 58.15, [N/A], 38
2026/09/11 03:49:16.838, 0, GPU-87701dfa-9023-3c38-a5e1-c4df5064cf56, P0, 80, 2490, 8001, 58.15, [N/A], 38
2026/09/11 03:49:17.043, 0, GPU-87701dfa-9023-3c38-a5e1-c4df5064cf56, P0, 80, 2490, 8001, 58.15, [N/A], 38
2026/09/11 03:49:17.247, 0, GPU-87701dfa-9023-3c38-a5e1-c4df5064cf56, P0, 73, 2490, 8001, 24.91, [N/A], 0
2026/09/11 03:49:17.454, 0, GPU-87701dfa-9023-3c38-a5e1-c4df5064cf56, P0, 73, 2490, 8001, 24.91, [N/A], 0
2026/09/11 03:49:17.660, 0, GPU-87701dfa-9023-3c38-a5e1-c4df5064cf56, P0, 73, 2490, 8001, 25.20, [N/A], 4
2026/09/11 03:49:17.866, 0, GPU-87701dfa-9023-3c38-a5e1-c4df5064cf56, P0, 73, 2490, 8001, 25.20, [N/A], 4
2026/09/11 03:49:18.073, 0, GPU-87701dfa-9023-3c38-a5e1-c4df5064cf56, P0, 74, 2055, 8001, 28.20, [N/A], 57
2026/09/11 03:49:18.279, 0, GPU-87701dfa-9023-3c38-a5e1-c4df5064cf56, P0, 74, 2055, 8001, 28.20, [N/A], 57
2026/09/11 03:49:18.486, 0, GPU-87701dfa-9023-3c38-a5e1-c4df5064cf56, P0, 74, 2055, 8001, 28.20, [N/A], 57
2026/09/11 03:49:18.693, 0, GPU-87701dfa-9023-3c38-a5e1-c4df5064cf56, P0, 80, 2325, 8001, 110.39, [N/A], 86
2026/09/11 03:49:18.899, 0, GPU-87701dfa-9023-3c38-a5e1-c4df5064cf56, P0, 80, 2325, 8001, 110.39, [N/A], 86
2026/09/11 03:49:19.106, 0, GPU-87701dfa-9023-3c38-a5e1-c4df5064cf56, P0, 73, 2490, 8001, 25.00, [N/A], 0
2026/09/11 03:49:19.313, 0, GPU-87701dfa-9023-3c38-a5e1-c4df5064cf56, P0, 73, 2490, 8001, 25.00, [N/A], 0
2026/09/11 03:49:19.536, 0, GPU-87701dfa-9023-3c38-a5e1-c4df5064cf56, P0, 73, 2490, 8001, 25.00, [N/A], 0
2026/09/11 03:49:19.744, 0, GPU-87701dfa-9023-3c38-a5e1-c4df5064cf56, P0, 89, 2295, 8001, 107.09, [N/A], 95
2026/09/11 03:49:19.951, 0, GPU-87701dfa-9023-3c38-a5e1-c4df5064cf56, P0, 89, 2295, 8001, 107.09, [N/A], 95
2026/09/11 03:49:20.155, 0, GPU-87701dfa-9023-3c38-a5e1-c4df5064cf56, P0, 87, 1965, 8001, 96.17, [N/A], 94
2026/09/11 03:49:20.360, 0, GPU-87701dfa-9023-3c38-a5e1-c4df5064cf56, P0, 87, 1965, 8001, 96.17, [N/A], 94
2026/09/11 03:49:20.568, 0, GPU-87701dfa-9023-3c38-a5e1-c4df5064cf56, P0, 88, 2130, 8001, 101.29, [N/A], 100
2026/09/11 03:49:20.775, 0, GPU-87701dfa-9023-3c38-a5e1-c4df5064cf56, P0, 88, 2130, 8001, 101.29, [N/A], 100
2026/09/11 03:49:20.982, 0, GPU-87701dfa-9023-3c38-a5e1-c4df5064cf56, P0, 88, 2130, 8001, 101.29, [N/A], 100
2026/09/11 03:49:21.188, 0, GPU-87701dfa-9023-3c38-a5e1-c4df5064cf56, P0, 89, 1935, 8001, 102.61, [N/A], 95
2026/09/11 03:49:21.395, 0, GPU-87701dfa-9023-3c38-a5e1-c4df5064cf56, P0, 89, 1935, 8001, 102.61, [N/A], 95
2026/09/11 03:49:21.601, 0, GPU-87701dfa-9023-3c38-a5e1-c4df5064cf56, P0, 86, 1785, 8001, 82.66, [N/A], 95
2026/09/11 03:49:21.809, 0, GPU-87701dfa-9023-3c38-a5e1-c4df5064cf56, P0, 86, 1785, 8001, 82.66, [N/A], 95
2026/09/11 03:49:22.015, 0, GPU-87701dfa-9023-3c38-a5e1-c4df5064cf56, P0, 86, 1785, 8001, 82.66, [N/A], 95
2026/09/11 03:49:22.221, 0, GPU-87701dfa-9023-3c38-a5e1-c4df5064cf56, P0, 90, 2115, 8001, 108.32, [N/A], 95
2026/09/11 03:49:22.426, 0, GPU-87701dfa-9023-3c38-a5e1-c4df5064cf56, P0, 90, 2115, 8001, 108.32, [N/A], 95
2026/09/11 03:49:22.631, 0, GPU-87701dfa-9023-3c38-a5e1-c4df5064cf56, P0, 86, 1905, 8001, 94.48, [N/A], 95
2026/09/11 03:49:22.838, 0, GPU-87701dfa-9023-3c38-a5e1-c4df5064cf56, P0, 86, 1905, 8001, 94.48, [N/A], 95
2026/09/11 03:49:23.045, 0, GPU-87701dfa-9023-3c38-a5e1-c4df5064cf56, P0, 86, 1905, 8001, 94.48, [N/A], 95
2026/09/11 03:49:23.253, 0, GPU-87701dfa-9023-3c38-a5e1-c4df5064cf56, P0, 87, 2115, 8001, 89.81, [N/A], 95
2026/09/11 03:49:23.460, 0, GPU-87701dfa-9023-3c38-a5e1-c4df5064cf56, P0, 87, 2115, 8001, 89.81, [N/A], 95
2026/09/11 03:49:23.668, 0, GPU-87701dfa-9023-3c38-a5e1-c4df5064cf56, P0, 82, 2490, 8001, 58.72, [N/A], 38
2026/09/11 03:49:23.873, 0, GPU-87701dfa-9023-3c38-a5e1-c4df5064cf56, P0, 82, 2490, 8001, 58.72, [N/A], 38
2026/09/11 03:49:24.078, 0, GPU-87701dfa-9023-3c38-a5e1-c4df5064cf56, P0, 80, 2490, 8001, 58.35, [N/A], 37
2026/09/11 03:49:24.285, 0, GPU-87701dfa-9023-3c38-a5e1-c4df5064cf56, P0, 80, 2490, 8001, 58.35, [N/A], 37
2026/09/11 03:49:24.491, 0, GPU-87701dfa-9023-3c38-a5e1-c4df5064cf56, P0, 80, 2490, 8001, 58.35, [N/A], 37
2026/09/11 03:49:24.697, 0, GPU-87701dfa-9023-3c38-a5e1-c4df5064cf56, P0, 74, 2490, 8001, 24.93, [N/A], 0
2026/09/11 03:49:24.904, 0, GPU-87701dfa-9023-3c38-a5e1-c4df5064cf56, P0, 74, 2490, 8001, 24.93, [N/A], 0
2026/09/11 03:49:25.110, 0, GPU-87701dfa-9023-3c38-a5e1-c4df5064cf56, P0, 73, 2490, 8001, 25.93, [N/A], 12
2026/09/11 03:49:25.315, 0, GPU-87701dfa-9023-3c38-a5e1-c4df5064cf56, P0, 73, 2490, 8001, 25.93, [N/A], 12
2026/09/11 03:49:25.536, 0, GPU-87701dfa-9023-3c38-a5e1-c4df5064cf56, P0, 73, 2490, 8001, 25.93, [N/A], 12
2026/09/11 03:49:25.742, 0, GPU-87701dfa-9023-3c38-a5e1-c4df5064cf56, P3, 73, 1425, 7001, 27.47, [N/A], 59
2026/09/11 03:49:25.948, 0, GPU-87701dfa-9023-3c38-a5e1-c4df5064cf56, P3, 73, 1425, 7001, 27.47, [N/A], 59
2026/09/11 03:49:26.153, 0, GPU-87701dfa-9023-3c38-a5e1-c4df5064cf56, P0, 75, 2235, 8001, 40.05, [N/A], 42
2026/09/11 03:49:26.361, 0, GPU-87701dfa-9023-3c38-a5e1-c4df5064cf56, P0, 75, 2235, 8001, 40.05, [N/A], 42
2026/09/11 03:49:26.567, 0, GPU-87701dfa-9023-3c38-a5e1-c4df5064cf56, P0, 74, 2490, 8001, 26.06, [N/A], 9
2026/09/11 03:49:26.775, 0, GPU-87701dfa-9023-3c38-a5e1-c4df5064cf56, P0, 74, 2490, 8001, 26.06, [N/A], 9
2026/09/11 03:49:26.983, 0, GPU-87701dfa-9023-3c38-a5e1-c4df5064cf56, P0, 74, 2490, 8001, 26.06, [N/A], 9
2026/09/11 03:49:27.187, 0, GPU-87701dfa-9023-3c38-a5e1-c4df5064cf56, P0, 86, 2430, 8001, 111.52, [N/A], 94
2026/09/11 03:49:27.393, 0, GPU-87701dfa-9023-3c38-a5e1-c4df5064cf56, P0, 86, 2430, 8001, 111.52, [N/A], 94
2026/09/11 03:49:27.598, 0, GPU-87701dfa-9023-3c38-a5e1-c4df5064cf56, P0, 89, 2130, 8001, 91.31, [N/A], 99
2026/09/11 03:49:27.804, 0, GPU-87701dfa-9023-3c38-a5e1-c4df5064cf56, P0, 89, 2130, 8001, 91.31, [N/A], 99
2026/09/11 03:49:28.009, 0, GPU-87701dfa-9023-3c38-a5e1-c4df5064cf56, P0, 89, 2130, 8001, 91.31, [N/A], 99
2026/09/11 03:49:28.213, 0, GPU-87701dfa-9023-3c38-a5e1-c4df5064cf56, P0, 89, 2415, 8001, 103.47, [N/A], 94
2026/09/11 03:49:28.421, 0, GPU-87701dfa-9023-3c38-a5e1-c4df5064cf56, P0, 89, 2415, 8001, 103.47, [N/A], 94
2026/09/11 03:49:28.643, 0, GPU-87701dfa-9023-3c38-a5e1-c4df5064cf56, P0, 85, 1980, 8001, 89.31, [N/A], 94
2026/09/11 03:49:28.866, 0, GPU-87701dfa-9023-3c38-a5e1-c4df5064cf56, P0, 85, 1980, 8001, 89.31, [N/A], 94
2026/09/11 03:49:29.086, 0, GPU-87701dfa-9023-3c38-a5e1-c4df5064cf56, P0, 89, 1965, 8001, 90.38, [N/A], 99
2026/09/11 03:49:29.307, 0, GPU-87701dfa-9023-3c38-a5e1-c4df5064cf56, P0, 89, 1965, 8001, 90.38, [N/A], 99
2026/09/11 03:49:29.546, 0, GPU-87701dfa-9023-3c38-a5e1-c4df5064cf56, P0, 89, 1965, 8001, 90.38, [N/A], 99
2026/09/11 03:49:29.753, 0, GPU-87701dfa-9023-3c38-a5e1-c4df5064cf56, P0, 86, 2010, 8001, 78.23, [N/A], 95
2026/09/11 03:49:29.961, 0, GPU-87701dfa-9023-3c38-a5e1-c4df5064cf56, P0, 86, 2010, 8001, 78.23, [N/A], 95
2026/09/11 03:49:30.166, 0, GPU-87701dfa-9023-3c38-a5e1-c4df5064cf56, P0, 87, 2145, 8001, 93.05, [N/A], 94
2026/09/11 03:49:30.372, 0, GPU-87701dfa-9023-3c38-a5e1-c4df5064cf56, P0, 87, 2145, 8001, 93.05, [N/A], 94
2026/09/11 03:49:30.579, 0, GPU-87701dfa-9023-3c38-a5e1-c4df5064cf56, P0, 87, 2055, 8001, 91.20, [N/A], 94
2026/09/11 03:49:30.786, 0, GPU-87701dfa-9023-3c38-a5e1-c4df5064cf56, P0, 87, 2055, 8001, 91.20, [N/A], 94
2026/09/11 03:49:30.993, 0, GPU-87701dfa-9023-3c38-a5e1-c4df5064cf56, P0, 87, 2055, 8001, 91.20, [N/A], 94
2026/09/11 03:49:31.200, 0, GPU-87701dfa-9023-3c38-a5e1-c4df5064cf56, P0, 87, 2115, 8001, 93.61, [N/A], 99
2026/09/11 03:49:31.424, 0, GPU-87701dfa-9023-3c38-a5e1-c4df5064cf56, P0, 87, 2115, 8001, 93.61, [N/A], 99
2026/09/11 03:49:31.647, 0, GPU-87701dfa-9023-3c38-a5e1-c4df5064cf56, P0, 81, 2490, 8001, 59.53, [N/A], 39
2026/09/11 03:49:31.870, 0, GPU-87701dfa-9023-3c38-a5e1-c4df5064cf56, P0, 81, 2490, 8001, 59.53, [N/A], 39
2026/09/11 03:49:32.076, 0, GPU-87701dfa-9023-3c38-a5e1-c4df5064cf56, P0, 80, 2490, 8001, 59.08, [N/A], 39
2026/09/11 03:49:32.283, 0, GPU-87701dfa-9023-3c38-a5e1-c4df5064cf56, P0, 80, 2490, 8001, 59.08, [N/A], 39
2026/09/11 03:49:32.490, 0, GPU-87701dfa-9023-3c38-a5e1-c4df5064cf56, P0, 80, 2490, 8001, 59.08, [N/A], 39
