2026/09/11 07:46:36.354, 0, GPU-87701dfa-9023-3c38-a5e1-c4df5064cf56, P0, 51, 1980, 8001, 15.54, [N/A], 0
2026/09/11 07:46:36.561, 0, GPU-87701dfa-9023-3c38-a5e1-c4df5064cf56, P0, 51, 1980, 8001, 15.54, [N/A], 0
2026/09/11 07:46:36.769, 0, GPU-87701dfa-9023-3c38-a5e1-c4df5064cf56, P0, 51, 1980, 8001, 15.82, [N/A], 7
2026/09/11 07:46:36.975, 0, GPU-87701dfa-9023-3c38-a5e1-c4df5064cf56, P0, 51, 1980, 8001, 15.82, [N/A], 7
2026/09/11 07:46:37.178, 0, GPU-87701dfa-9023-3c38-a5e1-c4df5064cf56, P0, 51, 1980, 8001, 15.67, [N/A], 2
2026/09/11 07:46:37.384, 0, GPU-87701dfa-9023-3c38-a5e1-c4df5064cf56, P0, 51, 1980, 8001, 15.67, [N/A], 2
2026/09/11 07:46:37.589, 0, GPU-87701dfa-9023-3c38-a5e1-c4df5064cf56, P3, 54, 1980, 7001, 32.62, [N/A], 42
2026/09/11 07:46:37.795, 0, GPU-87701dfa-9023-3c38-a5e1-c4df5064cf56, P3, 54, 1980, 7001, 32.62, [N/A], 42
2026/09/11 07:46:38.001, 0, GPU-87701dfa-9023-3c38-a5e1-c4df5064cf56, P3, 54, 1980, 7001, 32.62, [N/A], 42
2026/09/11 07:46:38.207, 0, GPU-87701dfa-9023-3c38-a5e1-c4df5064cf56, P0, 57, 2235, 8001, 41.87, [N/A], 39
2026/09/11 07:46:38.412, 0, GPU-87701dfa-9023-3c38-a5e1-c4df5064cf56, P0, 57, 2235, 8001, 41.87, [N/A], 39
2026/09/11 07:46:38.619, 0, GPU-87701dfa-9023-3c38-a5e1-c4df5064cf56, P0, 57, 2235, 8001, 42.03, [N/A], 40
2026/09/11 07:46:38.823, 0, GPU-87701dfa-9023-3c38-a5e1-c4df5064cf56, P0, 57, 2235, 8001, 42.03, [N/A], 40
2026/09/11 07:46:39.030, 0, GPU-87701dfa-9023-3c38-a5e1-c4df5064cf56, P0, 57, 2235, 8001, 42.03, [N/A], 40
2026/09/11 07:46:39.237, 0, GPU-87701dfa-9023-3c38-a5e1-c4df5064cf56, P0, 59, 2235, 8001, 18.41, [N/A], 4
2026/09/11 07:46:39.443, 0, GPU-87701dfa-9023-3c38-a5e1-c4df5064cf56, P0, 59, 2235, 8001, 18.41, [N/A], 4
2026/09/11 07:46:39.666, 0, GPU-87701dfa-9023-3c38-a5e1-c4df5064cf56, P0, 54, 2505, 8001, 20.39, [N/A], 3
2026/09/11 07:46:39.873, 0, GPU-87701dfa-9023-3c38-a5e1-c4df5064cf56, P0, 54, 2505, 8001, 20.39, [N/A], 3
2026/09/11 07:46:40.080, 0, GPU-87701dfa-9023-3c38-a5e1-c4df5064cf56, P0, 71, 2490, 8001, 114.41, [N/A], 95
2026/09/11 07:46:40.287, 0, GPU-87701dfa-9023-3c38-a5e1-c4df5064cf56, P0, 71, 2490, 8001, 114.41, [N/A], 95
2026/09/11 07:46:40.493, 0, GPU-87701dfa-9023-3c38-a5e1-c4df5064cf56, P0, 71, 2490, 8001, 114.41, [N/A], 95
2026/09/11 07:46:40.700, 0, GPU-87701dfa-9023-3c38-a5e1-c4df5064cf56, P0, 76, 2445, 8001, 112.84, [N/A], 100
2026/09/11 07:46:40.908, 0, GPU-87701dfa-9023-3c38-a5e1-c4df5064cf56, P0, 76, 2445, 8001, 112.84, [N/A], 100
2026/09/11 07:46:41.113, 0, GPU-87701dfa-9023-3c38-a5e1-c4df5064cf56, P0, 74, 2490, 8001, 126.77, [N/A], 95
2026/09/11 07:46:41.321, 0, GPU-87701dfa-9023-3c38-a5e1-c4df5064cf56, P0, 74, 2490, 8001, 126.77, [N/A], 95
2026/09/11 07:46:41.527, 0, GPU-87701dfa-9023-3c38-a5e1-c4df5064cf56, P0, 74, 2490, 8001, 126.77, [N/A], 95
2026/09/11 07:46:41.735, 0, GPU-87701dfa-9023-3c38-a5e1-c4df5064cf56, P0, 75, 2265, 8001, 113.96, [N/A], 94
2026/09/11 07:46:41.941, 0, GPU-87701dfa-9023-3c38-a5e1-c4df5064cf56, P0, 75, 2265, 8001, 113.96, [N/A], 94
2026/09/11 07:46:42.149, 0, GPU-87701dfa-9023-3c38-a5e1-c4df5064cf56, P0, 76, 2490, 8001, 112.54, [N/A], 95
2026/09/11 07:46:42.357, 0, GPU-87701dfa-9023-3c38-a5e1-c4df5064cf56, P0, 76, 2490, 8001, 112.54, [N/A], 95
2026/09/11 07:46:42.563, 0, GPU-87701dfa-9023-3c38-a5e1-c4df5064cf56, P0, 76, 2490, 8001, 112.54, [N/A], 95
2026/09/11 07:46:42.785, 0, GPU-87701dfa-9023-3c38-a5e1-c4df5064cf56, P0, 78, 2490, 8001, 116.35, [N/A], 97
2026/09/11 07:46:42.992, 0, GPU-87701dfa-9023-3c38-a5e1-c4df5064cf56, P0, 78, 2490, 8001, 116.35, [N/A], 97
2026/09/11 07:46:43.199, 0, GPU-87701dfa-9023-3c38-a5e1-c4df5064cf56, P0, 77, 2325, 8001, 123.26, [N/A], 95
2026/09/11 07:46:43.407, 0, GPU-87701dfa-9023-3c38-a5e1-c4df5064cf56, P0, 77, 2325, 8001, 123.26, [N/A], 95
2026/09/11 07:46:43.614, 0, GPU-87701dfa-9023-3c38-a5e1-c4df5064cf56, P0, 78, 2355, 8001, 117.03, [N/A], 95
2026/09/11 07:46:43.820, 0, GPU-87701dfa-9023-3c38-a5e1-c4df5064cf56, P0, 78, 2355, 8001, 117.03, [N/A], 95
2026/09/11 07:46:44.027, 0, GPU-87701dfa-9023-3c38-a5e1-c4df5064cf56, P0, 78, 2355, 8001, 117.03, [N/A], 95
2026/09/11 07:46:44.234, 0, GPU-87701dfa-9023-3c38-a5e1-c4df5064cf56, P0, 65, 2505, 8001, 52.68, [N/A], 37
2026/09/11 07:46:44.457, 0, GPU-87701dfa-9023-3c38-a5e1-c4df5064cf56, P0, 65, 2505, 8001, 52.68, [N/A], 37
2026/09/11 07:46:44.664, 0, GPU-87701dfa-9023-3c38-a5e1-c4df5064cf56, P0, 64, 2505, 8001, 52.21, [N/A], 37
2026/09/11 07:46:44.871, 0, GPU-87701dfa-9023-3c38-a5e1-c4df5064cf56, P0, 64, 2505, 8001, 52.21, [N/A], 37
2026/09/11 07:46:45.078, 0, GPU-87701dfa-9023-3c38-a5e1-c4df5064cf56, P0, 64, 2505, 8001, 48.64, [N/A], 31
2026/09/11 07:46:45.286, 0, GPU-87701dfa-9023-3c38-a5e1-c4df5064cf56, P0, 64, 2505, 8001, 48.64, [N/A], 31
2026/09/11 07:46:45.492, 0, GPU-87701dfa-9023-3c38-a5e1-c4df5064cf56, P0, 64, 2505, 8001, 48.64, [N/A], 31
2026/09/11 07:46:45.699, 0, GPU-87701dfa-9023-3c38-a5e1-c4df5064cf56, P0, 57, 1980, 8001, 15.55, [N/A], 0
2026/09/11 07:46:45.906, 0, GPU-87701dfa-9023-3c38-a5e1-c4df5064cf56, P0, 57, 1980, 8001, 15.55, [N/A], 0
2026/09/11 07:46:46.110, 0, GPU-87701dfa-9023-3c38-a5e1-c4df5064cf56, P0, 56, 1980, 8001, 15.64, [N/A], 4
2026/09/11 07:46:46.316, 0, GPU-87701dfa-9023-3c38-a5e1-c4df5064cf56, P0, 56, 1980, 8001, 15.64, [N/A], 4
2026/09/11 07:46:46.521, 0, GPU-87701dfa-9023-3c38-a5e1-c4df5064cf56, P0, 56, 1980, 8001, 15.64, [N/A], 4
2026/09/11 07:46:46.727, 0, GPU-87701dfa-9023-3c38-a5e1-c4df5064cf56, P3, 59, 2220, 7001, 39.35, [N/A], 42
2026/09/11 07:46:46.935, 0, GPU-87701dfa-9023-3c38-a5e1-c4df5064cf56, P3, 59, 2220, 7001, 39.35, [N/A], 42
2026/09/11 07:46:47.142, 0, GPU-87701dfa-9023-3c38-a5e1-c4df5064cf56, P0, 61, 2250, 8001, 43.11, [N/A], 39
2026/09/11 07:46:47.350, 0, GPU-87701dfa-9023-3c38-a5e1-c4df5064cf56, P0, 61, 2250, 8001, 43.11, [N/A], 39
2026/09/11 07:46:47.557, 0, GPU-87701dfa-9023-3c38-a5e1-c4df5064cf56, P0, 61, 2250, 8001, 43.11, [N/A], 39
2026/09/11 07:46:47.762, 0, GPU-87701dfa-9023-3c38-a5e1-c4df5064cf56, P0, 61, 2250, 8001, 46.47, [N/A], 44
2026/09/11 07:46:47.969, 0, GPU-87701dfa-9023-3c38-a5e1-c4df5064cf56, P0, 61, 2250, 8001, 46.47, [N/A], 44
2026/09/11 07:46:48.174, 0, GPU-87701dfa-9023-3c38-a5e1-c4df5064cf56, P0, 58, 2505, 8001, 20.90, [N/A], 0
2026/09/11 07:46:48.382, 0, GPU-87701dfa-9023-3c38-a5e1-c4df5064cf56, P0, 58, 2505, 8001, 20.90, [N/A], 0
2026/09/11 07:46:48.584, 0, GPU-87701dfa-9023-3c38-a5e1-c4df5064cf56, P0, 58, 2505, 8001, 20.90, [N/A], 0
2026/09/11 07:46:48.790, 0, GPU-87701dfa-9023-3c38-a5e1-c4df5064cf56, P0, 75, 2490, 8001, 112.17, [N/A], 94
2026/09/11 07:46:48.996, 0, GPU-87701dfa-9023-3c38-a5e1-c4df5064cf56, P0, 75, 2490, 8001, 112.17, [N/A], 94
2026/09/11 07:46:49.201, 0, GPU-87701dfa-9023-3c38-a5e1-c4df5064cf56, P0, 77, 2460, 8001, 112.51, [N/A], 96
2026/09/11 07:46:49.407, 0, GPU-87701dfa-9023-3c38-a5e1-c4df5064cf56, P0, 77, 2460, 8001, 112.51, [N/A], 96
2026/09/11 07:46:49.613, 0, GPU-87701dfa-9023-3c38-a5e1-c4df5064cf56, P0, 78, 2445, 8001, 107.66, [N/A], 94
2026/09/11 07:46:49.816, 0, GPU-87701dfa-9023-3c38-a5e1-c4df5064cf56, P0, 78, 2445, 8001, 107.66, [N/A], 94
2026/09/11 07:46:50.039, 0, GPU-87701dfa-9023-3c38-a5e1-c4df5064cf56, P0, 78, 2445, 8001, 107.66, [N/A], 94
2026/09/11 07:46:50.246, 0, GPU-87701dfa-9023-3c38-a5e1-c4df5064cf56, P0, 79, 2490, 8001, 122.01, [N/A], 99
2026/09/11 07:46:50.451, 0, GPU-87701dfa-9023-3c38-a5e1-c4df5064cf56, P0, 79, 2490, 8001, 122.01, [N/A], 99
2026/09/11 07:46:50.659, 0, GPU-87701dfa-9023-3c38-a5e1-c4df5064cf56, P0, 80, 2415, 8001, 116.01, [N/A], 94
2026/09/11 07:46:50.866, 0, GPU-87701dfa-9023-3c38-a5e1-c4df5064cf56, P0, 80, 2415, 8001, 116.01, [N/A], 94
2026/09/11 07:46:51.071, 0, GPU-87701dfa-9023-3c38-a5e1-c4df5064cf56, P0, 80, 2415, 8001, 116.01, [N/A], 94
2026/09/11 07:46:51.278, 0, GPU-87701dfa-9023-3c38-a5e1-c4df5064cf56, P0, 80, 2490, 8001, 125.76, [N/A], 100
2026/09/11 07:46:51.481, 0, GPU-87701dfa-9023-3c38-a5e1-c4df5064cf56, P0, 80, 2490, 8001, 125.76, [N/A], 100
2026/09/11 07:46:51.688, 0, GPU-87701dfa-9023-3c38-a5e1-c4df5064cf56, P0, 78, 2490, 8001, 116.83, [N/A], 94
2026/09/11 07:46:51.897, 0, GPU-87701dfa-9023-3c38-a5e1-c4df5064cf56, P0, 78, 2490, 8001, 116.83, [N/A], 94
2026/09/11 07:46:52.104, 0, GPU-87701dfa-9023-3c38-a5e1-c4df5064cf56, P0, 80, 2490, 8001, 115.14, [N/A], 94
2026/09/11 07:46:52.312, 0, GPU-87701dfa-9023-3c38-a5e1-c4df5064cf56, P0, 80, 2490, 8001, 115.14, [N/A], 94
2026/09/11 07:46:52.518, 0, GPU-87701dfa-9023-3c38-a5e1-c4df5064cf56, P0, 80, 2490, 8001, 115.14, [N/A], 94
2026/09/11 07:46:52.724, 0, GPU-87701dfa-9023-3c38-a5e1-c4df5064cf56, P0, 69, 2490, 8001, 54.71, [N/A], 39
2026/09/11 07:46:52.930, 0, GPU-87701dfa-9023-3c38-a5e1-c4df5064cf56, P0, 69, 2490, 8001, 54.71, [N/A], 39
2026/09/11 07:46:53.138, 0, GPU-87701dfa-9023-3c38-a5e1-c4df5064cf56, P0, 67, 2490, 8001, 53.92, [N/A], 38
2026/09/11 07:46:53.345, 0, GPU-87701dfa-9023-3c38-a5e1-c4df5064cf56, P0, 67, 2490, 8001, 53.92, [N/A], 38
2026/09/11 07:46:53.552, 0, GPU-87701dfa-9023-3c38-a5e1-c4df5064cf56, P0, 67, 2490, 8001, 53.92, [N/A], 38
2026/09/11 07:46:53.759, 0, GPU-87701dfa-9023-3c38-a5e1-c4df5064cf56, P0, 66, 2490, 8001, 53.66, [N/A], 38
2026/09/11 07:46:53.965, 0, GPU-87701dfa-9023-3c38-a5e1-c4df5064cf56, P0, 66, 2490, 8001, 53.66, [N/A], 38
2026/09/11 07:46:54.172, 0, GPU-87701dfa-9023-3c38-a5e1-c4df5064cf56, P0, 60, 2505, 8001, 20.53, [N/A], 0
2026/09/11 07:46:54.379, 0, GPU-87701dfa-9023-3c38-a5e1-c4df5064cf56, P0, 60, 2505, 8001, 20.53, [N/A], 0
2026/09/11 07:46:54.585, 0, GPU-87701dfa-9023-3c38-a5e1-c4df5064cf56, P0, 58, 1680, 8001, 14.81, [N/A], 14
2026/09/11 07:46:54.791, 0, GPU-87701dfa-9023-3c38-a5e1-c4df5064cf56, P0, 58, 1680, 8001, 14.81, [N/A], 14
2026/09/11 07:46:54.993, 0, GPU-87701dfa-9023-3c38-a5e1-c4df5064cf56, P0, 58, 1680, 8001, 14.81, [N/A], 14
2026/09/11 07:46:55.200, 0, GPU-87701dfa-9023-3c38-a5e1-c4df5064cf56, P3, 60, 2040, 7001, 25.39, [N/A], 59
2026/09/11 07:46:55.407, 0, GPU-87701dfa-9023-3c38-a5e1-c4df5064cf56, P3, 60, 2040, 7001, 25.39, [N/A], 59
2026/09/11 07:46:55.610, 0, GPU-87701dfa-9023-3c38-a5e1-c4df5064cf56, P0, 63, 2190, 8001, 38.32, [N/A], 41
2026/09/11 07:46:55.817, 0, GPU-87701dfa-9023-3c38-a5e1-c4df5064cf56, P0, 63, 2190, 8001, 38.32, [N/A], 41
2026/09/11 07:46:56.023, 0, GPU-87701dfa-9023-3c38-a5e1-c4df5064cf56, P0, 63, 2190, 8001, 38.32, [N/A], 41
2026/09/11 07:46:56.230, 0, GPU-87701dfa-9023-3c38-a5e1-c4df5064cf56, P0, 63, 2190, 8001, 42.21, [N/A], 40
2026/09/11 07:46:56.498, 0, GPU-87701dfa-9023-3c38-a5e1-c4df5064cf56, P0, 63, 2190, 8001, 42.21, [N/A], 40
2026/09/11 07:46:56.720, 0, GPU-87701dfa-9023-3c38-a5e1-c4df5064cf56, P0, 61, 2355, 8001, 22.27, [N/A], 0
2026/09/11 07:46:56.927, 0, GPU-87701dfa-9023-3c38-a5e1-c4df5064cf56, P0, 61, 2355, 8001, 22.27, [N/A], 0
2026/09/11 07:46:57.135, 0, GPU-87701dfa-9023-3c38-a5e1-c4df5064cf56, P0, 75, 2355, 8001, 104.18, [N/A], 95
2026/09/11 07:46:57.341, 0, GPU-87701dfa-9023-3c38-a5e1-c4df5064cf56, P0, 75, 2355, 8001, 104.18, [N/A], 95
2026/09/11 07:46:57.562, 0, GPU-87701dfa-9023-3c38-a5e1-c4df5064cf56, P0, 75, 2355, 8001, 104.18, [N/A], 95
2026/09/11 07:46:57.784, 0, GPU-87701dfa-9023-3c38-a5e1-c4df5064cf56, P0, 79, 2445, 8001, 123.11, [N/A], 100
2026/09/11 07:46:57.988, 0, GPU-87701dfa-9023-3c38-a5e1-c4df5064cf56, P0, 79, 2445, 8001, 123.11, [N/A], 100
2026/09/11 07:46:58.195, 0, GPU-87701dfa-9023-3c38-a5e1-c4df5064cf56, P0, 80, 2415, 8001, 116.45, [N/A], 94
2026/09/11 07:46:58.401, 0, GPU-87701dfa-9023-3c38-a5e1-c4df5064cf56, P0, 80, 2415, 8001, 116.45, [N/A], 94
2026/09/11 07:46:58.608, 0, GPU-87701dfa-9023-3c38-a5e1-c4df5064cf56, P0, 79, 2190, 8001, 104.98, [N/A], 94
2026/09/11 07:46:58.815, 0, GPU-87701dfa-9023-3c38-a5e1-c4df5064cf56, P0, 79, 2190, 8001, 104.98, [N/A], 94
2026/09/11 07:46:59.022, 0, GPU-87701dfa-9023-3c38-a5e1-c4df5064cf56, P0, 79, 2190, 8001, 104.98, [N/A], 94
2026/09/11 07:46:59.229, 0, GPU-87701dfa-9023-3c38-a5e1-c4df5064cf56, P0, 80, 2370, 8001, 111.36, [N/A], 99
2026/09/11 07:46:59.450, 0, GPU-87701dfa-9023-3c38-a5e1-c4df5064cf56, P0, 80, 2370, 8001, 111.36, [N/A], 99
2026/09/11 07:46:59.656, 0, GPU-87701dfa-9023-3c38-a5e1-c4df5064cf56, P0, 80, 2370, 8001, 116.38, [N/A], 95
2026/09/11 07:46:59.863, 0, GPU-87701dfa-9023-3c38-a5e1-c4df5064cf56, P0, 80, 2370, 8001, 116.38, [N/A], 95
2026/09/11 07:47:00.069, 0, GPU-87701dfa-9023-3c38-a5e1-c4df5064cf56, P0, 80, 2370, 8001, 116.38, [N/A], 95
2026/09/11 07:47:00.276, 0, GPU-87701dfa-9023-3c38-a5e1-c4df5064cf56, P0, 82, 2490, 8001, 120.29, [N/A], 94
2026/09/11 07:47:00.482, 0, GPU-87701dfa-9023-3c38-a5e1-c4df5064cf56, P0, 82, 2490, 8001, 120.29, [N/A], 94
2026/09/11 07:47:00.687, 0, GPU-87701dfa-9023-3c38-a5e1-c4df5064cf56, P0, 85, 2475, 8001, 117.86, [N/A], 97
2026/09/11 07:47:00.895, 0, GPU-87701dfa-9023-3c38-a5e1-c4df5064cf56, P0, 85, 2475, 8001, 117.86, [N/A], 97
2026/09/11 07:47:01.100, 0, GPU-87701dfa-9023-3c38-a5e1-c4df5064cf56, P0, 71, 2490, 8001, 54.33, [N/A], 37
2026/09/11 07:47:01.307, 0, GPU-87701dfa-9023-3c38-a5e1-c4df5064cf56, P0, 71, 2490, 8001, 54.33, [N/A], 37
2026/09/11 07:47:01.511, 0, GPU-87701dfa-9023-3c38-a5e1-c4df5064cf56, P0, 71, 2490, 8001, 54.33, [N/A], 37
2026/09/11 07:47:01.717, 0, GPU-87701dfa-9023-3c38-a5e1-c4df5064cf56, P0, 69, 2490, 8001, 52.79, [N/A], 36
2026/09/11 07:47:01.922, 0, GPU-87701dfa-9023-3c38-a5e1-c4df5064cf56, P0, 69, 2490, 8001, 52.79, [N/A], 36
2026/09/11 07:47:02.128, 0, GPU-87701dfa-9023-3c38-a5e1-c4df5064cf56, P0, 68, 2490, 8001, 52.95, [N/A], 37
2026/09/11 07:47:02.336, 0, GPU-87701dfa-9023-3c38-a5e1-c4df5064cf56, P0, 68, 2490, 8001, 52.95, [N/A], 37
2026/09/11 07:47:02.557, 0, GPU-87701dfa-9023-3c38-a5e1-c4df5064cf56, P0, 68, 2490, 8001, 52.95, [N/A], 37
2026/09/11 07:47:02.779, 0, GPU-87701dfa-9023-3c38-a5e1-c4df5064cf56, P0, 62, 2505, 8001, 20.80, [N/A], 0
2026/09/11 07:47:03.000, 0, GPU-87701dfa-9023-3c38-a5e1-c4df5064cf56, P0, 62, 2505, 8001, 20.80, [N/A], 0
2026/09/11 07:47:03.205, 0, GPU-87701dfa-9023-3c38-a5e1-c4df5064cf56, P0, 60, 1590, 8001, 14.21, [N/A], 14
2026/09/11 07:47:03.411, 0, GPU-87701dfa-9023-3c38-a5e1-c4df5064cf56, P0, 60, 1590, 8001, 14.21, [N/A], 14
2026/09/11 07:47:03.617, 0, GPU-87701dfa-9023-3c38-a5e1-c4df5064cf56, P0, 63, 1620, 8001, 29.57, [N/A], 56
2026/09/11 07:47:03.823, 0, GPU-87701dfa-9023-3c38-a5e1-c4df5064cf56, P0, 63, 1620, 8001, 29.57, [N/A], 56
2026/09/11 07:47:04.029, 0, GPU-87701dfa-9023-3c38-a5e1-c4df5064cf56, P0, 63, 1620, 8001, 29.57, [N/A], 56
2026/09/11 07:47:04.237, 0, GPU-87701dfa-9023-3c38-a5e1-c4df5064cf56, P0, 65, 2175, 8001, 41.80, [N/A], 41
2026/09/11 07:47:04.443, 0, GPU-87701dfa-9023-3c38-a5e1-c4df5064cf56, P0, 65, 2175, 8001, 41.80, [N/A], 41
2026/09/11 07:47:04.666, 0, GPU-87701dfa-9023-3c38-a5e1-c4df5064cf56, P0, 65, 2205, 8001, 42.33, [N/A], 39
2026/09/11 07:47:04.873, 0, GPU-87701dfa-9023-3c38-a5e1-c4df5064cf56, P0, 65, 2205, 8001, 42.33, [N/A], 39
2026/09/11 07:47:05.080, 0, GPU-87701dfa-9023-3c38-a5e1-c4df5064cf56, P0, 65, 2505, 8001, 23.18, [N/A], 4
2026/09/11 07:47:05.287, 0, GPU-87701dfa-9023-3c38-a5e1-c4df5064cf56, P0, 63, 2505, 8001, 23.18, [N/A], 4
2026/09/11 07:47:05.494, 0, GPU-87701dfa-9023-3c38-a5e1-c4df5064cf56, P0, 63, 2505, 8001, 23.18, [N/A], 4
2026/09/11 07:47:05.733, 0, GPU-87701dfa-9023-3c38-a5e1-c4df5064cf56, P0, 78, 2490, 8001, 111.85, [N/A], 94
2026/09/11 07:47:05.939, 0, GPU-87701dfa-9023-3c38-a5e1-c4df5064cf56, P0, 78, 2490, 8001, 111.85, [N/A], 94
2026/09/11 07:47:06.147, 0, GPU-87701dfa-9023-3c38-a5e1-c4df5064cf56, P0, 83, 2430, 8001, 91.85, [N/A], 95
2026/09/11 07:47:06.352, 0, GPU-87701dfa-9023-3c38-a5e1-c4df5064cf56, P0, 83, 2430, 8001, 91.85, [N/A], 95
2026/09/11 07:47:06.560, 0, GPU-87701dfa-9023-3c38-a5e1-c4df5064cf56, P0, 83, 2430, 8001, 91.85, [N/A], 95
2026/09/11 07:47:06.768, 0, GPU-87701dfa-9023-3c38-a5e1-c4df5064cf56, P0, 79, 2430, 8001, 120.61, [N/A], 100
2026/09/11 07:47:06.974, 0, GPU-87701dfa-9023-3c38-a5e1-c4df5064cf56, P0, 79, 2430, 8001, 120.61, [N/A], 100
2026/09/11 07:47:07.181, 0, GPU-87701dfa-9023-3c38-a5e1-c4df5064cf56, P0, 82, 2295, 8001, 117.66, [N/A], 95
2026/09/11 07:47:07.389, 0, GPU-87701dfa-9023-3c38-a5e1-c4df5064cf56, P0, 82, 2295, 8001, 117.66, [N/A], 95
2026/09/11 07:47:07.594, 0, GPU-87701dfa-9023-3c38-a5e1-c4df5064cf56, P0, 83, 2265, 8001, 114.08, [N/A], 94
2026/09/11 07:47:07.800, 0, GPU-87701dfa-9023-3c38-a5e1-c4df5064cf56, P0, 83, 2265, 8001, 114.08, [N/A], 94
2026/09/11 07:47:08.005, 0, GPU-87701dfa-9023-3c38-a5e1-c4df5064cf56, P0, 83, 2265, 8001, 114.08, [N/A], 94
2026/09/11 07:47:08.213, 0, GPU-87701dfa-9023-3c38-a5e1-c4df5064cf56, P0, 83, 2415, 8001, 115.72, [N/A], 100
2026/09/11 07:47:08.420, 0, GPU-87701dfa-9023-3c38-a5e1-c4df5064cf56, P0, 83, 2415, 8001, 115.72, [N/A], 100
2026/09/11 07:47:08.627, 0, GPU-87701dfa-9023-3c38-a5e1-c4df5064cf56, P0, 83, 2415, 8001, 125.47, [N/A], 95
2026/09/11 07:47:08.831, 0, GPU-87701dfa-9023-3c38-a5e1-c4df5064cf56, P0, 83, 2415, 8001, 125.47, [N/A], 95
2026/09/11 07:47:09.038, 0, GPU-87701dfa-9023-3c38-a5e1-c4df5064cf56, P0, 83, 2415, 8001, 125.47, [N/A], 95
2026/09/11 07:47:09.244, 0, GPU-87701dfa-9023-3c38-a5e1-c4df5064cf56, P0, 84, 2265, 8001, 119.22, [N/A], 95
2026/09/11 07:47:09.450, 0, GPU-87701dfa-9023-3c38-a5e1-c4df5064cf56, P0, 84, 2265, 8001, 119.22, [N/A], 95
2026/09/11 07:47:09.702, 0, GPU-87701dfa-9023-3c38-a5e1-c4df5064cf56, P0, 72, 2490, 8001, 53.77, [N/A], 36
2026/09/11 07:47:09.909, 0, GPU-87701dfa-9023-3c38-a5e1-c4df5064cf56, P0, 72, 2490, 8001, 53.77, [N/A], 36
2026/09/11 07:47:10.116, 0, GPU-87701dfa-9023-3c38-a5e1-c4df5064cf56, P0, 70, 2490, 8001, 53.38, [N/A], 36
2026/09/11 07:47:10.323, 0, GPU-87701dfa-9023-3c38-a5e1-c4df5064cf56, P0, 70, 2490, 8001, 53.38, [N/A], 36
2026/09/11 07:47:10.529, 0, GPU-87701dfa-9023-3c38-a5e1-c4df5064cf56, P0, 70, 2490, 8001, 53.38, [N/A], 36
2026/09/11 07:47:10.737, 0, GPU-87701dfa-9023-3c38-a5e1-c4df5064cf56, P0, 70, 2490, 8001, 52.94, [N/A], 36
2026/09/11 07:47:10.945, 0, GPU-87701dfa-9023-3c38-a5e1-c4df5064cf56, P0, 70, 2490, 8001, 52.94, [N/A], 36
2026/09/11 07:47:11.151, 0, GPU-87701dfa-9023-3c38-a5e1-c4df5064cf56, P0, 64, 2490, 8001, 21.50, [N/A], 0
2026/09/11 07:47:11.359, 0, GPU-87701dfa-9023-3c38-a5e1-c4df5064cf56, P0, 64, 2490, 8001, 21.50, [N/A], 0
2026/09/11 07:47:11.566, 0, GPU-87701dfa-9023-3c38-a5e1-c4df5064cf56, P0, 64, 2490, 8001, 21.50, [N/A], 0
2026/09/11 07:47:11.772, 0, GPU-87701dfa-9023-3c38-a5e1-c4df5064cf56, P0, 62, 1605, 8001, 13.44, [N/A], 4
2026/09/11 07:47:11.978, 0, GPU-87701dfa-9023-3c38-a5e1-c4df5064cf56, P0, 62, 1605, 8001, 13.44, [N/A], 4
2026/09/11 07:47:12.185, 0, GPU-87701dfa-9023-3c38-a5e1-c4df5064cf56, P0, 64, 1455, 8001, 29.05, [N/A], 58
2026/09/11 07:47:12.391, 0, GPU-87701dfa-9023-3c38-a5e1-c4df5064cf56, P0, 64, 1455, 8001, 29.05, [N/A], 58
2026/09/11 07:47:12.596, 0, GPU-87701dfa-9023-3c38-a5e1-c4df5064cf56, P0, 66, 2145, 8001, 41.60, [N/A], 42
2026/09/11 07:47:12.802, 0, GPU-87701dfa-9023-3c38-a5e1-c4df5064cf56, P0, 66, 2145, 8001, 41.60, [N/A], 42
2026/09/11 07:47:13.009, 0, GPU-87701dfa-9023-3c38-a5e1-c4df5064cf56, P0, 66, 2145, 8001, 41.60, [N/A], 42
2026/09/11 07:47:13.231, 0, GPU-87701dfa-9023-3c38-a5e1-c4df5064cf56, P0, 67, 2175, 8001, 41.42, [N/A], 39
2026/09/11 07:47:13.515, 0, GPU-87701dfa-9023-3c38-a5e1-c4df5064cf56, P0, 67, 2175, 8001, 41.42, [N/A], 39
2026/09/11 07:47:13.721, 0, GPU-87701dfa-9023-3c38-a5e1-c4df5064cf56, P0, 64, 2505, 8001, 22.41, [N/A], 9
2026/09/11 07:47:13.929, 0, GPU-87701dfa-9023-3c38-a5e1-c4df5064cf56, P0, 64, 2505, 8001, 22.41, [N/A], 9
2026/09/11 07:47:14.137, 0, GPU-87701dfa-9023-3c38-a5e1-c4df5064cf56, P0, 79, 2370, 8001, 105.12, [N/A], 94
2026/09/11 07:47:14.345, 0, GPU-87701dfa-9023-3c38-a5e1-c4df5064cf56, P0, 79, 2370, 8001, 105.12, [N/A], 94
2026/09/11 07:47:14.548, 0, GPU-87701dfa-9023-3c38-a5e1-c4df5064cf56, P0, 79, 2370, 8001, 105.12, [N/A], 94
2026/09/11 07:47:14.756, 0, GPU-87701dfa-9023-3c38-a5e1-c4df5064cf56, P0, 84, 2445, 8001, 106.67, [N/A], 94
2026/09/11 07:47:14.959, 0, GPU-87701dfa-9023-3c38-a5e1-c4df5064cf56, P0, 84, 2445, 8001, 106.67, [N/A], 94
2026/09/11 07:47:15.167, 0, GPU-87701dfa-9023-3c38-a5e1-c4df5064cf56, P0, 83, 2490, 8001, 110.68, [N/A], 94
2026/09/11 07:47:15.375, 0, GPU-87701dfa-9023-3c38-a5e1-c4df5064cf56, P0, 83, 2490, 8001, 110.68, [N/A], 94
2026/09/11 07:47:15.580, 0, GPU-87701dfa-9023-3c38-a5e1-c4df5064cf56, P0, 83, 2490, 8001, 110.68, [N/A], 94
2026/09/11 07:47:15.787, 0, GPU-87701dfa-9023-3c38-a5e1-c4df5064cf56, P0, 86, 2490, 8001, 115.23, [N/A], 94
2026/09/11 07:47:16.009, 0, GPU-87701dfa-9023-3c38-a5e1-c4df5064cf56, P0, 86, 2490, 8001, 115.23, [N/A], 94
2026/09/11 07:47:16.216, 0, GPU-87701dfa-9023-3c38-a5e1-c4df5064cf56, P0, 86, 2475, 8001, 120.50, [N/A], 94
2026/09/11 07:47:16.422, 0, GPU-87701dfa-9023-3c38-a5e1-c4df5064cf56, P0, 86, 2475, 8001, 120.50, [N/A], 94
2026/09/11 07:47:16.627, 0, GPU-87701dfa-9023-3c38-a5e1-c4df5064cf56, P0, 86, 2475, 8001, 118.26, [N/A], 94
2026/09/11 07:47:16.834, 0, GPU-87701dfa-9023-3c38-a5e1-c4df5064cf56, P0, 86, 2475, 8001, 118.26, [N/A], 94
2026/09/11 07:47:17.040, 0, GPU-87701dfa-9023-3c38-a5e1-c4df5064cf56, P0, 86, 2475, 8001, 118.26, [N/A], 94
2026/09/11 07:47:17.248, 0, GPU-87701dfa-9023-3c38-a5e1-c4df5064cf56, P0, 86, 2490, 8001, 121.13, [N/A], 98
2026/09/11 07:47:17.456, 0, GPU-87701dfa-9023-3c38-a5e1-c4df5064cf56, P0, 86, 2490, 8001, 121.13, [N/A], 98
2026/09/11 07:47:17.678, 0, GPU-87701dfa-9023-3c38-a5e1-c4df5064cf56, P0, 86, 2490, 8001, 118.45, [N/A], 95
2026/09/11 07:47:17.899, 0, GPU-87701dfa-9023-3c38-a5e1-c4df5064cf56, P0, 86, 2490, 8001, 118.45, [N/A], 95
2026/09/11 07:47:18.105, 0, GPU-87701dfa-9023-3c38-a5e1-c4df5064cf56, P0, 76, 2490, 8001, 57.47, [N/A], 38
2026/09/11 07:47:18.311, 0, GPU-87701dfa-9023-3c38-a5e1-c4df5064cf56, P0, 76, 2490, 8001, 57.47, [N/A], 38
2026/09/11 07:47:18.518, 0, GPU-87701dfa-9023-3c38-a5e1-c4df5064cf56, P0, 76, 2490, 8001, 57.47, [N/A], 38
2026/09/11 07:47:18.725, 0, GPU-87701dfa-9023-3c38-a5e1-c4df5064cf56, P0, 72, 2490, 8001, 55.17, [N/A], 38
2026/09/11 07:47:18.931, 0, GPU-87701dfa-9023-3c38-a5e1-c4df5064cf56, P0, 72, 2490, 8001, 55.17, [N/A], 38
2026/09/11 07:47:19.136, 0, GPU-87701dfa-9023-3c38-a5e1-c4df5064cf56, P0, 72, 2490, 8001, 54.98, [N/A], 38
2026/09/11 07:47:19.343, 0, GPU-87701dfa-9023-3c38-a5e1-c4df5064cf56, P0, 72, 2490, 8001, 54.98, [N/A], 38
2026/09/11 07:47:19.548, 0, GPU-87701dfa-9023-3c38-a5e1-c4df5064cf56, P0, 72, 2490, 8001, 54.98, [N/A], 38
2026/09/11 07:47:19.755, 0, GPU-87701dfa-9023-3c38-a5e1-c4df5064cf56, P0, 66, 2490, 8001, 28.10, [N/A], 0
2026/09/11 07:47:19.961, 0, GPU-87701dfa-9023-3c38-a5e1-c4df5064cf56, P0, 66, 2490, 8001, 28.10, [N/A], 0
2026/09/11 07:47:20.166, 0, GPU-87701dfa-9023-3c38-a5e1-c4df5064cf56, P0, 64, 1695, 8001, 15.12, [N/A], 7
2026/09/11 07:47:20.372, 0, GPU-87701dfa-9023-3c38-a5e1-c4df5064cf56, P0, 64, 1695, 8001, 15.12, [N/A], 7
2026/09/11 07:47:20.578, 0, GPU-87701dfa-9023-3c38-a5e1-c4df5064cf56, P0, 64, 1695, 8001, 15.12, [N/A], 7
2026/09/11 07:47:20.785, 0, GPU-87701dfa-9023-3c38-a5e1-c4df5064cf56, P3, 65, 1485, 7001, 29.10, [N/A], 62
2026/09/11 07:47:20.993, 0, GPU-87701dfa-9023-3c38-a5e1-c4df5064cf56, P3, 65, 1485, 7001, 29.10, [N/A], 62
2026/09/11 07:47:21.200, 0, GPU-87701dfa-9023-3c38-a5e1-c4df5064cf56, P0, 68, 2235, 8001, 40.31, [N/A], 41
2026/09/11 07:47:21.406, 0, GPU-87701dfa-9023-3c38-a5e1-c4df5064cf56, P0, 68, 2235, 8001, 40.31, [N/A], 41
2026/09/11 07:47:21.612, 0, GPU-87701dfa-9023-3c38-a5e1-c4df5064cf56, P0, 68, 2220, 8001, 43.59, [N/A], 39
2026/09/11 07:47:21.820, 0, GPU-87701dfa-9023-3c38-a5e1-c4df5064cf56, P0, 68, 2220, 8001, 43.59, [N/A], 39
2026/09/11 07:47:22.025, 0, GPU-87701dfa-9023-3c38-a5e1-c4df5064cf56, P0, 68, 2220, 8001, 43.59, [N/A], 39
2026/09/11 07:47:22.233, 0, GPU-87701dfa-9023-3c38-a5e1-c4df5064cf56, P0, 66, 2490, 8001, 24.90, [N/A], 0
2026/09/11 07:47:22.453, 0, GPU-87701dfa-9023-3c38-a5e1-c4df5064cf56, P0, 66, 2490, 8001, 24.90, [N/A], 0
2026/09/11 07:47:22.660, 0, GPU-87701dfa-9023-3c38-a5e1-c4df5064cf56, P0, 77, 2355, 8001, 117.09, [N/A], 77
2026/09/11 07:47:22.866, 0, GPU-87701dfa-9023-3c38-a5e1-c4df5064cf56, P0, 77, 2355, 8001, 117.09, [N/A], 77
2026/09/11 07:47:23.071, 0, GPU-87701dfa-9023-3c38-a5e1-c4df5064cf56, P0, 77, 2355, 8001, 117.09, [N/A], 77
2026/09/11 07:47:23.279, 0, GPU-87701dfa-9023-3c38-a5e1-c4df5064cf56, P0, 85, 2280, 8001, 114.28, [N/A], 94
2026/09/11 07:47:23.486, 0, GPU-87701dfa-9023-3c38-a5e1-c4df5064cf56, P0, 85, 2280, 8001, 114.28, [N/A], 94
2026/09/11 07:47:23.693, 0, GPU-87701dfa-9023-3c38-a5e1-c4df5064cf56, P0, 85, 2460, 8001, 113.57, [N/A], 100
2026/09/11 07:47:23.901, 0, GPU-87701dfa-9023-3c38-a5e1-c4df5064cf56, P0, 85, 2460, 8001, 113.57, [N/A], 100
2026/09/11 07:47:24.121, 0, GPU-87701dfa-9023-3c38-a5e1-c4df5064cf56, P0, 80, 1950, 8001, 83.62, [N/A], 94
2026/09/11 07:47:24.327, 0, GPU-87701dfa-9023-3c38-a5e1-c4df5064cf56, P0, 80, 1950, 8001, 83.62, [N/A], 94
2026/09/11 07:47:24.535, 0, GPU-87701dfa-9023-3c38-a5e1-c4df5064cf56, P0, 80, 1950, 8001, 83.62, [N/A], 94
2026/09/11 07:47:24.741, 0, GPU-87701dfa-9023-3c38-a5e1-c4df5064cf56, P0, 84, 2295, 8001, 103.57, [N/A], 94
2026/09/11 07:47:24.946, 0, GPU-87701dfa-9023-3c38-a5e1-c4df5064cf56, P0, 84, 2295, 8001, 103.57, [N/A], 94
2026/09/11 07:47:25.152, 0, GPU-87701dfa-9023-3c38-a5e1-c4df5064cf56, P0, 84, 2415, 8001, 125.23, [N/A], 100
2026/09/11 07:47:25.359, 0, GPU-87701dfa-9023-3c38-a5e1-c4df5064cf56, P0, 84, 2415, 8001, 125.23, [N/A], 100
2026/09/11 07:47:25.565, 0, GPU-87701dfa-9023-3c38-a5e1-c4df5064cf56, P0, 84, 2415, 8001, 125.23, [N/A], 100
2026/09/11 07:47:25.771, 0, GPU-87701dfa-9023-3c38-a5e1-c4df5064cf56, P0, 86, 2415, 8001, 121.55, [N/A], 95
2026/09/11 07:47:25.976, 0, GPU-87701dfa-9023-3c38-a5e1-c4df5064cf56, P0, 86, 2415, 8001, 121.55, [N/A], 95
2026/09/11 07:47:26.182, 0, GPU-87701dfa-9023-3c38-a5e1-c4df5064cf56, P0, 87, 2340, 8001, 118.15, [N/A], 95
2026/09/11 07:47:26.390, 0, GPU-87701dfa-9023-3c38-a5e1-c4df5064cf56, P0, 87, 2340, 8001, 118.15, [N/A], 95
2026/09/11 07:47:26.595, 0, GPU-87701dfa-9023-3c38-a5e1-c4df5064cf56, P0, 76, 2490, 8001, 109.10, [N/A], 37
2026/09/11 07:47:26.800, 0, GPU-87701dfa-9023-3c38-a5e1-c4df5064cf56, P0, 76, 2490, 8001, 109.10, [N/A], 37
2026/09/11 07:47:27.005, 0, GPU-87701dfa-9023-3c38-a5e1-c4df5064cf56, P0, 76, 2490, 8001, 109.10, [N/A], 37
2026/09/11 07:47:27.212, 0, GPU-87701dfa-9023-3c38-a5e1-c4df5064cf56, P0, 73, 2490, 8001, 54.97, [N/A], 37
2026/09/11 07:47:27.420, 0, GPU-87701dfa-9023-3c38-a5e1-c4df5064cf56, P0, 73, 2490, 8001, 54.97, [N/A], 37
2026/09/11 07:47:27.626, 0, GPU-87701dfa-9023-3c38-a5e1-c4df5064cf56, P0, 73, 2490, 8001, 55.16, [N/A], 38
2026/09/11 07:47:27.833, 0, GPU-87701dfa-9023-3c38-a5e1-c4df5064cf56, P0, 73, 2490, 8001, 55.16, [N/A], 38
2026/09/11 07:47:28.040, 0, GPU-87701dfa-9023-3c38-a5e1-c4df5064cf56, P0, 73, 2490, 8001, 55.16, [N/A], 38
2026/09/11 07:47:28.247, 0, GPU-87701dfa-9023-3c38-a5e1-c4df5064cf56, P0, 67, 2490, 8001, 29.77, [N/A], 0
2026/09/11 07:47:28.451, 0, GPU-87701dfa-9023-3c38-a5e1-c4df5064cf56, P0, 67, 2490, 8001, 29.77, [N/A], 0
2026/09/11 07:47:28.656, 0, GPU-87701dfa-9023-3c38-a5e1-c4df5064cf56, P0, 64, 1755, 8001, 14.90, [N/A], 7
2026/09/11 07:47:28.863, 0, GPU-87701dfa-9023-3c38-a5e1-c4df5064cf56, P0, 64, 1755, 8001, 14.90, [N/A], 7
2026/09/11 07:47:29.067, 0, GPU-87701dfa-9023-3c38-a5e1-c4df5064cf56, P0, 64, 1755, 8001, 14.90, [N/A], 7
2026/09/11 07:47:29.273, 0, GPU-87701dfa-9023-3c38-a5e1-c4df5064cf56, P0, 66, 1485, 8001, 31.08, [N/A], 59
2026/09/11 07:47:29.479, 0, GPU-87701dfa-9023-3c38-a5e1-c4df5064cf56, P0, 66, 1485, 8001, 31.08, [N/A], 59
2026/09/11 07:47:29.686, 0, GPU-87701dfa-9023-3c38-a5e1-c4df5064cf56, P0, 68, 2115, 8001, 40.67, [N/A], 42
2026/09/11 07:47:29.892, 0, GPU-87701dfa-9023-3c38-a5e1-c4df5064cf56, P0, 68, 2115, 8001, 40.67, [N/A], 42
2026/09/11 07:47:30.114, 0, GPU-87701dfa-9023-3c38-a5e1-c4df5064cf56, P0, 69, 2175, 8001, 38.46, [N/A], 38
2026/09/11 07:47:30.336, 0, GPU-87701dfa-9023-3c38-a5e1-c4df5064cf56, P0, 69, 2175, 8001, 38.46, [N/A], 38
2026/09/11 07:47:30.542, 0, GPU-87701dfa-9023-3c38-a5e1-c4df5064cf56, P0, 69, 2175, 8001, 38.46, [N/A], 38
2026/09/11 07:47:30.749, 0, GPU-87701dfa-9023-3c38-a5e1-c4df5064cf56, P0, 68, 2490, 8001, 22.58, [N/A], 9
2026/09/11 07:47:30.954, 0, GPU-87701dfa-9023-3c38-a5e1-c4df5064cf56, P0, 68, 2490, 8001, 22.58, [N/A], 9
2026/09/11 07:47:31.160, 0, GPU-87701dfa-9023-3c38-a5e1-c4df5064cf56, P0, 78, 2490, 8001, 145.80, [N/A], 36
2026/09/11 07:47:31.366, 0, GPU-87701dfa-9023-3c38-a5e1-c4df5064cf56, P0, 78, 2490, 8001, 145.80, [N/A], 36
2026/09/11 07:47:31.573, 0, GPU-87701dfa-9023-3c38-a5e1-c4df5064cf56, P0, 78, 2490, 8001, 145.80, [N/A], 36
2026/09/11 07:47:31.780, 0, GPU-87701dfa-9023-3c38-a5e1-c4df5064cf56, P0, 85, 2250, 8001, 117.08, [N/A], 98
2026/09/11 07:47:31.985, 0, GPU-87701dfa-9023-3c38-a5e1-c4df5064cf56, P0, 85, 2250, 8001, 117.08, [N/A], 98
2026/09/11 07:47:32.191, 0, GPU-87701dfa-9023-3c38-a5e1-c4df5064cf56, P0, 85, 2340, 8001, 111.17, [N/A], 95
2026/09/11 07:47:32.399, 0, GPU-87701dfa-9023-3c38-a5e1-c4df5064cf56, P0, 85, 2340, 8001, 111.17, [N/A], 95
2026/09/11 07:47:32.606, 0, GPU-87701dfa-9023-3c38-a5e1-c4df5064cf56, P0, 85, 2340, 8001, 114.97, [N/A], 94
2026/09/11 07:47:32.811, 0, GPU-87701dfa-9023-3c38-a5e1-c4df5064cf56, P0, 85, 2340, 8001, 114.97, [N/A], 94
2026/09/11 07:47:33.018, 0, GPU-87701dfa-9023-3c38-a5e1-c4df5064cf56, P0, 85, 2340, 8001, 114.97, [N/A], 94
2026/09/11 07:47:33.225, 0, GPU-87701dfa-9023-3c38-a5e1-c4df5064cf56, P0, 86, 2460, 8001, 112.87, [N/A], 98
2026/09/11 07:47:33.433, 0, GPU-87701dfa-9023-3c38-a5e1-c4df5064cf56, P0, 86, 2460, 8001, 112.87, [N/A], 98
2026/09/11 07:47:33.641, 0, GPU-87701dfa-9023-3c38-a5e1-c4df5064cf56, P0, 84, 2265, 8001, 103.55, [N/A], 95
2026/09/11 07:47:33.848, 0, GPU-87701dfa-9023-3c38-a5e1-c4df5064cf56, P0, 84, 2265, 8001, 103.55, [N/A], 95
2026/09/11 07:47:34.055, 0, GPU-87701dfa-9023-3c38-a5e1-c4df5064cf56, P0, 84, 2265, 8001, 103.55, [N/A], 95
2026/09/11 07:47:34.263, 0, GPU-87701dfa-9023-3c38-a5e1-c4df5064cf56, P0, 86, 2070, 8001, 122.90, [N/A], 95
2026/09/11 07:47:34.466, 0, GPU-87701dfa-9023-3c38-a5e1-c4df5064cf56, P0, 86, 2070, 8001, 122.90, [N/A], 95
2026/09/11 07:47:34.673, 0, GPU-87701dfa-9023-3c38-a5e1-c4df5064cf56, P0, 86, 2475, 8001, 123.17, [N/A], 100
2026/09/11 07:47:34.897, 0, GPU-87701dfa-9023-3c38-a5e1-c4df5064cf56, P0, 86, 2475, 8001, 123.17, [N/A], 100
2026/09/11 07:47:35.102, 0, GPU-87701dfa-9023-3c38-a5e1-c4df5064cf56, P0, 76, 2460, 8001, 87.35, [N/A], 54
2026/09/11 07:47:35.308, 0, GPU-87701dfa-9023-3c38-a5e1-c4df5064cf56, P0, 76, 2460, 8001, 87.35, [N/A], 54
2026/09/11 07:47:35.513, 0, GPU-87701dfa-9023-3c38-a5e1-c4df5064cf56, P0, 76, 2460, 8001, 87.35, [N/A], 54
2026/09/11 07:47:35.720, 0, GPU-87701dfa-9023-3c38-a5e1-c4df5064cf56, P0, 74, 2490, 8001, 54.92, [N/A], 36
2026/09/11 07:47:35.926, 0, GPU-87701dfa-9023-3c38-a5e1-c4df5064cf56, P0, 74, 2490, 8001, 54.92, [N/A], 36
2026/09/11 07:47:36.133, 0, GPU-87701dfa-9023-3c38-a5e1-c4df5064cf56, P0, 74, 2490, 8001, 54.03, [N/A], 36
2026/09/11 07:47:36.338, 0, GPU-87701dfa-9023-3c38-a5e1-c4df5064cf56, P0, 74, 2490, 8001, 54.03, [N/A], 36
2026/09/11 07:47:36.560, 0, GPU-87701dfa-9023-3c38-a5e1-c4df5064cf56, P0, 74, 2490, 8001, 54.03, [N/A], 36
2026/09/11 07:47:36.768, 0, GPU-87701dfa-9023-3c38-a5e1-c4df5064cf56, P0, 68, 2490, 8001, 22.13, [N/A], 0
2026/09/11 07:47:36.974, 0, GPU-87701dfa-9023-3c38-a5e1-c4df5064cf56, P0, 68, 2490, 8001, 22.13, [N/A], 0
2026/09/11 07:47:37.180, 0, GPU-87701dfa-9023-3c38-a5e1-c4df5064cf56, P0, 66, 1680, 8001, 15.51, [N/A], 0
2026/09/11 07:47:37.387, 0, GPU-87701dfa-9023-3c38-a5e1-c4df5064cf56, P0, 66, 1680, 8001, 15.51, [N/A], 0
2026/09/11 07:47:37.594, 0, GPU-87701dfa-9023-3c38-a5e1-c4df5064cf56, P0, 66, 1440, 8001, 19.38, [N/A], 20
2026/09/11 07:47:37.799, 0, GPU-87701dfa-9023-3c38-a5e1-c4df5064cf56, P0, 66, 1440, 8001, 19.38, [N/A], 20
2026/09/11 07:47:38.006, 0, GPU-87701dfa-9023-3c38-a5e1-c4df5064cf56, P0, 66, 1440, 8001, 19.38, [N/A], 20
2026/09/11 07:47:38.212, 0, GPU-87701dfa-9023-3c38-a5e1-c4df5064cf56, P0, 69, 2175, 8001, 38.53, [N/A], 42
2026/09/11 07:47:38.416, 0, GPU-87701dfa-9023-3c38-a5e1-c4df5064cf56, P0, 69, 2175, 8001, 38.53, [N/A], 42
2026/09/11 07:47:38.621, 0, GPU-87701dfa-9023-3c38-a5e1-c4df5064cf56, P0, 71, 2340, 8001, 42.43, [N/A], 39
2026/09/11 07:47:38.828, 0, GPU-87701dfa-9023-3c38-a5e1-c4df5064cf56, P0, 71, 2340, 8001, 42.43, [N/A], 39
2026/09/11 07:47:39.034, 0, GPU-87701dfa-9023-3c38-a5e1-c4df5064cf56, P0, 71, 2340, 8001, 42.43, [N/A], 39
2026/09/11 07:47:39.255, 0, GPU-87701dfa-9023-3c38-a5e1-c4df5064cf56, P0, 74, 2490, 8001, 114.51, [N/A], 100
2026/09/11 07:47:39.460, 0, GPU-87701dfa-9023-3c38-a5e1-c4df5064cf56, P0, 74, 2490, 8001, 114.51, [N/A], 100
2026/09/11 07:47:39.668, 0, GPU-87701dfa-9023-3c38-a5e1-c4df5064cf56, P0, 67, 2490, 8001, 21.85, [N/A], 0
2026/09/11 07:47:39.874, 0, GPU-87701dfa-9023-3c38-a5e1-c4df5064cf56, P0, 67, 2490, 8001, 21.85, [N/A], 0
2026/09/11 07:47:40.080, 0, GPU-87701dfa-9023-3c38-a5e1-c4df5064cf56, P0, 67, 2490, 8001, 21.85, [N/A], 0
2026/09/11 07:47:40.287, 0, GPU-87701dfa-9023-3c38-a5e1-c4df5064cf56, P0, 83, 2445, 8001, 119.62, [N/A], 99
2026/09/11 07:47:40.492, 0, GPU-87701dfa-9023-3c38-a5e1-c4df5064cf56, P0, 83, 2445, 8001, 119.62, [N/A], 99
2026/09/11 07:47:40.697, 0, GPU-87701dfa-9023-3c38-a5e1-c4df5064cf56, P0, 85, 2355, 8001, 114.82, [N/A], 94
2026/09/11 07:47:40.902, 0, GPU-87701dfa-9023-3c38-a5e1-c4df5064cf56, P0, 85, 2355, 8001, 114.82, [N/A], 94
2026/09/11 07:47:41.108, 0, GPU-87701dfa-9023-3c38-a5e1-c4df5064cf56, P0, 84, 2385, 8001, 125.63, [N/A], 99
2026/09/11 07:47:41.314, 0, GPU-87701dfa-9023-3c38-a5e1-c4df5064cf56, P0, 84, 2385, 8001, 125.63, [N/A], 99
2026/09/11 07:47:41.519, 0, GPU-87701dfa-9023-3c38-a5e1-c4df5064cf56, P0, 84, 2385, 8001, 125.63, [N/A], 99
2026/09/11 07:47:41.725, 0, GPU-87701dfa-9023-3c38-a5e1-c4df5064cf56, P0, 84, 2250, 8001, 101.82, [N/A], 92
2026/09/11 07:47:41.930, 0, GPU-87701dfa-9023-3c38-a5e1-c4df5064cf56, P0, 84, 2250, 8001, 101.82, [N/A], 92
2026/09/11 07:47:42.138, 0, GPU-87701dfa-9023-3c38-a5e1-c4df5064cf56, P0, 87, 2430, 8001, 110.28, [N/A], 98
2026/09/11 07:47:42.344, 0, GPU-87701dfa-9023-3c38-a5e1-c4df5064cf56, P0, 87, 2430, 8001, 110.28, [N/A], 98
2026/09/11 07:47:42.549, 0, GPU-87701dfa-9023-3c38-a5e1-c4df5064cf56, P0, 87, 2430, 8001, 110.28, [N/A], 98
2026/09/11 07:47:42.754, 0, GPU-87701dfa-9023-3c38-a5e1-c4df5064cf56, P0, 87, 2490, 8001, 113.38, [N/A], 91
2026/09/11 07:47:42.961, 0, GPU-87701dfa-9023-3c38-a5e1-c4df5064cf56, P0, 87, 2490, 8001, 113.38, [N/A], 91
2026/09/11 07:47:43.167, 0, GPU-87701dfa-9023-3c38-a5e1-c4df5064cf56, P0, 87, 2340, 8001, 107.71, [N/A], 93
2026/09/11 07:47:43.373, 0, GPU-87701dfa-9023-3c38-a5e1-c4df5064cf56, P0, 87, 2340, 8001, 107.71, [N/A], 93
2026/09/11 07:47:43.579, 0, GPU-87701dfa-9023-3c38-a5e1-c4df5064cf56, P0, 87, 2340, 8001, 107.71, [N/A], 93
2026/09/11 07:47:43.787, 0, GPU-87701dfa-9023-3c38-a5e1-c4df5064cf56, P0, 87, 2325, 8001, 110.09, [N/A], 94
2026/09/11 07:47:43.994, 0, GPU-87701dfa-9023-3c38-a5e1-c4df5064cf56, P0, 87, 2325, 8001, 110.09, [N/A], 94
2026/09/11 07:47:44.200, 0, GPU-87701dfa-9023-3c38-a5e1-c4df5064cf56, P0, 76, 2490, 8001, 75.72, [N/A], 37
2026/09/11 07:47:44.406, 0, GPU-87701dfa-9023-3c38-a5e1-c4df5064cf56, P0, 76, 2490, 8001, 75.72, [N/A], 37
2026/09/11 07:47:44.611, 0, GPU-87701dfa-9023-3c38-a5e1-c4df5064cf56, P0, 75, 2490, 8001, 56.54, [N/A], 38
2026/09/11 07:47:44.818, 0, GPU-87701dfa-9023-3c38-a5e1-c4df5064cf56, P0, 75, 2490, 8001, 56.54, [N/A], 38
2026/09/11 07:47:45.025, 0, GPU-87701dfa-9023-3c38-a5e1-c4df5064cf56, P0, 75, 2490, 8001, 56.54, [N/A], 38
2026/09/11 07:47:45.232, 0, GPU-87701dfa-9023-3c38-a5e1-c4df5064cf56, P0, 75, 2490, 8001, 56.46, [N/A], 38
2026/09/11 07:47:45.438, 0, GPU-87701dfa-9023-3c38-a5e1-c4df5064cf56, P0, 75, 2490, 8001, 56.46, [N/A], 38
2026/09/11 07:47:45.660, 0, GPU-87701dfa-9023-3c38-a5e1-c4df5064cf56, P0, 68, 2490, 8001, 22.16, [N/A], 0
2026/09/11 07:47:45.865, 0, GPU-87701dfa-9023-3c38-a5e1-c4df5064cf56, P0, 68, 2490, 8001, 22.16, [N/A], 0
2026/09/11 07:47:46.071, 0, GPU-87701dfa-9023-3c38-a5e1-c4df5064cf56, P0, 68, 2490, 8001, 22.16, [N/A], 0
2026/09/11 07:47:46.278, 0, GPU-87701dfa-9023-3c38-a5e1-c4df5064cf56, P0, 66, 1665, 8001, 16.11, [N/A], 17
2026/09/11 07:47:46.484, 0, GPU-87701dfa-9023-3c38-a5e1-c4df5064cf56, P0, 66, 1665, 8001, 16.11, [N/A], 17
2026/09/11 07:47:46.691, 0, GPU-87701dfa-9023-3c38-a5e1-c4df5064cf56, P3, 67, 1455, 7001, 26.87, [N/A], 54
2026/09/11 07:47:46.898, 0, GPU-87701dfa-9023-3c38-a5e1-c4df5064cf56, P3, 67, 1455, 7001, 26.87, [N/A], 54
2026/09/11 07:47:47.104, 0, GPU-87701dfa-9023-3c38-a5e1-c4df5064cf56, P0, 70, 2235, 8001, 39.74, [N/A], 42
2026/09/11 07:47:47.312, 0, GPU-87701dfa-9023-3c38-a5e1-c4df5064cf56, P0, 70, 2235, 8001, 39.74, [N/A], 42
2026/09/11 07:47:47.515, 0, GPU-87701dfa-9023-3c38-a5e1-c4df5064cf56, P0, 70, 2235, 8001, 39.74, [N/A], 42
2026/09/11 07:47:47.721, 0, GPU-87701dfa-9023-3c38-a5e1-c4df5064cf56, P0, 71, 2220, 8001, 44.51, [N/A], 40
2026/09/11 07:47:47.929, 0, GPU-87701dfa-9023-3c38-a5e1-c4df5064cf56, P0, 71, 2220, 8001, 44.51, [N/A], 40
2026/09/11 07:47:48.135, 0, GPU-87701dfa-9023-3c38-a5e1-c4df5064cf56, P0, 69, 2490, 8001, 23.05, [N/A], 3
2026/09/11 07:47:48.358, 0, GPU-87701dfa-9023-3c38-a5e1-c4df5064cf56, P0, 69, 2490, 8001, 23.05, [N/A], 3
2026/09/11 07:47:48.565, 0, GPU-87701dfa-9023-3c38-a5e1-c4df5064cf56, P0, 69, 2490, 8001, 23.05, [N/A], 3
2026/09/11 07:47:48.773, 0, GPU-87701dfa-9023-3c38-a5e1-c4df5064cf56, P0, 79, 2325, 8001, 96.56, [N/A], 79
2026/09/11 07:47:48.980, 0, GPU-87701dfa-9023-3c38-a5e1-c4df5064cf56, P0, 79, 2325, 8001, 96.56, [N/A], 79
2026/09/11 07:47:49.188, 0, GPU-87701dfa-9023-3c38-a5e1-c4df5064cf56, P0, 88, 2475, 8001, 145.02, [N/A], 94
2026/09/11 07:47:49.395, 0, GPU-87701dfa-9023-3c38-a5e1-c4df5064cf56, P0, 88, 2475, 8001, 145.02, [N/A], 94
2026/09/11 07:47:49.600, 0, GPU-87701dfa-9023-3c38-a5e1-c4df5064cf56, P0, 86, 2430, 8001, 120.16, [N/A], 100
2026/09/11 07:47:49.807, 0, GPU-87701dfa-9023-3c38-a5e1-c4df5064cf56, P0, 86, 2430, 8001, 120.16, [N/A], 100
2026/09/11 07:47:50.014, 0, GPU-87701dfa-9023-3c38-a5e1-c4df5064cf56, P0, 86, 2430, 8001, 120.16, [N/A], 100
2026/09/11 07:47:50.220, 0, GPU-87701dfa-9023-3c38-a5e1-c4df5064cf56, P0, 86, 2430, 8001, 107.11, [N/A], 95
2026/09/11 07:47:50.427, 0, GPU-87701dfa-9023-3c38-a5e1-c4df5064cf56, P0, 86, 2430, 8001, 107.11, [N/A], 95
2026/09/11 07:47:50.635, 0, GPU-87701dfa-9023-3c38-a5e1-c4df5064cf56, P0, 88, 2280, 8001, 112.95, [N/A], 95
2026/09/11 07:47:50.840, 0, GPU-87701dfa-9023-3c38-a5e1-c4df5064cf56, P0, 88, 2280, 8001, 112.95, [N/A], 95
2026/09/11 07:47:51.046, 0, GPU-87701dfa-9023-3c38-a5e1-c4df5064cf56, P0, 88, 2280, 8001, 112.95, [N/A], 95
2026/09/11 07:47:51.251, 0, GPU-87701dfa-9023-3c38-a5e1-c4df5064cf56, P0, 84, 2190, 8001, 116.01, [N/A], 100
2026/09/11 07:47:51.455, 0, GPU-87701dfa-9023-3c38-a5e1-c4df5064cf56, P0, 84, 2190, 8001, 116.01, [N/A], 100
2026/09/11 07:47:51.662, 0, GPU-87701dfa-9023-3c38-a5e1-c4df5064cf56, P0, 85, 2145, 8001, 109.14, [N/A], 95
2026/09/11 07:47:51.870, 0, GPU-87701dfa-9023-3c38-a5e1-c4df5064cf56, P0, 85, 2145, 8001, 109.14, [N/A], 95
2026/09/11 07:47:52.076, 0, GPU-87701dfa-9023-3c38-a5e1-c4df5064cf56, P0, 85, 2145, 8001, 109.14, [N/A], 95
2026/09/11 07:47:52.282, 0, GPU-87701dfa-9023-3c38-a5e1-c4df5064cf56, P0, 87, 2445, 8001, 111.17, [N/A], 100
2026/09/11 07:47:52.484, 0, GPU-87701dfa-9023-3c38-a5e1-c4df5064cf56, P0, 87, 2445, 8001, 111.17, [N/A], 100
2026/09/11 07:47:52.691, 0, GPU-87701dfa-9023-3c38-a5e1-c4df5064cf56, P0, 80, 2490, 8001, 67.03, [N/A], 48
2026/09/11 07:47:52.897, 0, GPU-87701dfa-9023-3c38-a5e1-c4df5064cf56, P0, 80, 2490, 8001, 67.03, [N/A], 48
2026/09/11 07:47:53.103, 0, GPU-87701dfa-9023-3c38-a5e1-c4df5064cf56, P0, 76, 2490, 8001, 55.80, [N/A], 38
2026/09/11 07:47:53.310, 0, GPU-87701dfa-9023-3c38-a5e1-c4df5064cf56, P0, 76, 2490, 8001, 55.80, [N/A], 38
2026/09/11 07:47:53.516, 0, GPU-87701dfa-9023-3c38-a5e1-c4df5064cf56, P0, 76, 2490, 8001, 55.80, [N/A], 38
2026/09/11 07:47:53.721, 0, GPU-87701dfa-9023-3c38-a5e1-c4df5064cf56, P0, 75, 2490, 8001, 55.47, [N/A], 37
2026/09/11 07:47:53.929, 0, GPU-87701dfa-9023-3c38-a5e1-c4df5064cf56, P0, 75, 2490, 8001, 55.47, [N/A], 37
2026/09/11 07:47:54.136, 0, GPU-87701dfa-9023-3c38-a5e1-c4df5064cf56, P0, 70, 2490, 8001, 24.11, [N/A], 0
2026/09/11 07:47:54.341, 0, GPU-87701dfa-9023-3c38-a5e1-c4df5064cf56, P0, 70, 2490, 8001, 24.11, [N/A], 0
2026/09/11 07:47:54.546, 0, GPU-87701dfa-9023-3c38-a5e1-c4df5064cf56, P0, 70, 2490, 8001, 24.11, [N/A], 0
2026/09/11 07:47:54.753, 0, GPU-87701dfa-9023-3c38-a5e1-c4df5064cf56, P0, 68, 1755, 8001, 15.72, [N/A], 0
2026/09/11 07:47:54.960, 0, GPU-87701dfa-9023-3c38-a5e1-c4df5064cf56, P0, 68, 1755, 8001, 15.72, [N/A], 0
2026/09/11 07:47:55.166, 0, GPU-87701dfa-9023-3c38-a5e1-c4df5064cf56, P3, 69, 1440, 7001, 17.22, [N/A], 38
2026/09/11 07:47:55.370, 0, GPU-87701dfa-9023-3c38-a5e1-c4df5064cf56, P3, 69, 1440, 7001, 17.22, [N/A], 38
2026/09/11 07:47:55.576, 0, GPU-87701dfa-9023-3c38-a5e1-c4df5064cf56, P3, 69, 1440, 7001, 17.22, [N/A], 38
2026/09/11 07:47:55.782, 0, GPU-87701dfa-9023-3c38-a5e1-c4df5064cf56, P3, 71, 2175, 7001, 38.45, [N/A], 42
2026/09/11 07:47:55.989, 0, GPU-87701dfa-9023-3c38-a5e1-c4df5064cf56, P3, 71, 2175, 7001, 38.45, [N/A], 42
2026/09/11 07:47:56.196, 0, GPU-87701dfa-9023-3c38-a5e1-c4df5064cf56, P0, 72, 2220, 8001, 44.99, [N/A], 39
2026/09/11 07:47:56.404, 0, GPU-87701dfa-9023-3c38-a5e1-c4df5064cf56, P0, 72, 2220, 8001, 44.99, [N/A], 39
2026/09/11 07:47:56.609, 0, GPU-87701dfa-9023-3c38-a5e1-c4df5064cf56, P0, 72, 2385, 8001, 59.17, [N/A], 79
2026/09/11 07:47:56.816, 0, GPU-87701dfa-9023-3c38-a5e1-c4df5064cf56, P0, 72, 2385, 8001, 59.17, [N/A], 79
2026/09/11 07:47:57.020, 0, GPU-87701dfa-9023-3c38-a5e1-c4df5064cf56, P0, 72, 2385, 8001, 59.17, [N/A], 79
2026/09/11 07:47:57.225, 0, GPU-87701dfa-9023-3c38-a5e1-c4df5064cf56, P0, 68, 2490, 8001, 22.28, [N/A], 0
2026/09/11 07:47:57.447, 0, GPU-87701dfa-9023-3c38-a5e1-c4df5064cf56, P0, 68, 2490, 8001, 22.28, [N/A], 0
2026/09/11 07:47:57.714, 0, GPU-87701dfa-9023-3c38-a5e1-c4df5064cf56, P0, 88, 2460, 8001, 100.34, [N/A], 94
2026/09/11 07:47:57.919, 0, GPU-87701dfa-9023-3c38-a5e1-c4df5064cf56, P0, 88, 2460, 8001, 100.34, [N/A], 94
2026/09/11 07:47:58.126, 0, GPU-87701dfa-9023-3c38-a5e1-c4df5064cf56, P0, 86, 2415, 8001, 105.48, [N/A], 100
2026/09/11 07:47:58.334, 0, GPU-87701dfa-9023-3c38-a5e1-c4df5064cf56, P0, 86, 2415, 8001, 105.48, [N/A], 100
2026/09/11 07:47:58.541, 0, GPU-87701dfa-9023-3c38-a5e1-c4df5064cf56, P0, 86, 2415, 8001, 105.48, [N/A], 100
2026/09/11 07:47:58.749, 0, GPU-87701dfa-9023-3c38-a5e1-c4df5064cf56, P0, 84, 2115, 8001, 103.03, [N/A], 95
2026/09/11 07:47:58.954, 0, GPU-87701dfa-9023-3c38-a5e1-c4df5064cf56, P0, 84, 2115, 8001, 103.03, [N/A], 95
2026/09/11 07:47:59.160, 0, GPU-87701dfa-9023-3c38-a5e1-c4df5064cf56, P0, 84, 2415, 8001, 96.29, [N/A], 100
2026/09/11 07:47:59.366, 0, GPU-87701dfa-9023-3c38-a5e1-c4df5064cf56, P0, 84, 2415, 8001, 96.29, [N/A], 100
2026/09/11 07:47:59.573, 0, GPU-87701dfa-9023-3c38-a5e1-c4df5064cf56, P0, 84, 2415, 8001, 96.29, [N/A], 100
2026/09/11 07:47:59.779, 0, GPU-87701dfa-9023-3c38-a5e1-c4df5064cf56, P0, 87, 2265, 8001, 114.41, [N/A], 95
2026/09/11 07:47:59.986, 0, GPU-87701dfa-9023-3c38-a5e1-c4df5064cf56, P0, 87, 2265, 8001, 114.41, [N/A], 95
2026/09/11 07:48:00.194, 0, GPU-87701dfa-9023-3c38-a5e1-c4df5064cf56, P0, 89, 2325, 8001, 99.91, [N/A], 94
2026/09/11 07:48:00.401, 0, GPU-87701dfa-9023-3c38-a5e1-c4df5064cf56, P0, 89, 2325, 8001, 99.91, [N/A], 94
2026/09/11 07:48:00.608, 0, GPU-87701dfa-9023-3c38-a5e1-c4df5064cf56, P0, 88, 2400, 8001, 110.81, [N/A], 95
2026/09/11 07:48:00.816, 0, GPU-87701dfa-9023-3c38-a5e1-c4df5064cf56, P0, 88, 2400, 8001, 110.81, [N/A], 95
2026/09/11 07:48:01.021, 0, GPU-87701dfa-9023-3c38-a5e1-c4df5064cf56, P0, 88, 2400, 8001, 110.81, [N/A], 95
2026/09/11 07:48:01.225, 0, GPU-87701dfa-9023-3c38-a5e1-c4df5064cf56, P0, 89, 2295, 8001, 99.40, [N/A], 95
2026/09/11 07:48:01.432, 0, GPU-87701dfa-9023-3c38-a5e1-c4df5064cf56, P0, 89, 2295, 8001, 99.40, [N/A], 95
2026/09/11 07:48:01.655, 0, GPU-87701dfa-9023-3c38-a5e1-c4df5064cf56, P0, 77, 2490, 8001, 57.14, [N/A], 38
2026/09/11 07:48:01.907, 0, GPU-87701dfa-9023-3c38-a5e1-c4df5064cf56, P0, 77, 2490, 8001, 57.14, [N/A], 38
2026/09/11 07:48:02.114, 0, GPU-87701dfa-9023-3c38-a5e1-c4df5064cf56, P0, 76, 2490, 8001, 54.57, [N/A], 35
2026/09/11 07:48:02.322, 0, GPU-87701dfa-9023-3c38-a5e1-c4df5064cf56, P0, 76, 2490, 8001, 54.57, [N/A], 35
2026/09/11 07:48:02.530, 0, GPU-87701dfa-9023-3c38-a5e1-c4df5064cf56, P0, 76, 2490, 8001, 54.57, [N/A], 35
2026/09/11 07:48:02.735, 0, GPU-87701dfa-9023-3c38-a5e1-c4df5064cf56, P0, 76, 2490, 8001, 56.56, [N/A], 37
2026/09/11 07:48:02.941, 0, GPU-87701dfa-9023-3c38-a5e1-c4df5064cf56, P0, 76, 2490, 8001, 56.56, [N/A], 37
2026/09/11 07:48:03.149, 0, GPU-87701dfa-9023-3c38-a5e1-c4df5064cf56, P0, 69, 1845, 8001, 22.52, [N/A], 0
2026/09/11 07:48:03.354, 0, GPU-87701dfa-9023-3c38-a5e1-c4df5064cf56, P0, 69, 1845, 8001, 22.52, [N/A], 0
2026/09/11 07:48:03.560, 0, GPU-87701dfa-9023-3c38-a5e1-c4df5064cf56, P0, 69, 1845, 8001, 22.52, [N/A], 0
2026/09/11 07:48:03.766, 0, GPU-87701dfa-9023-3c38-a5e1-c4df5064cf56, P0, 68, 1575, 8001, 14.96, [N/A], 3
2026/09/11 07:48:03.987, 0, GPU-87701dfa-9023-3c38-a5e1-c4df5064cf56, P0, 68, 1575, 8001, 14.96, [N/A], 3
2026/09/11 07:48:04.194, 0, GPU-87701dfa-9023-3c38-a5e1-c4df5064cf56, P0, 71, 1980, 8001, 33.46, [N/A], 46
2026/09/11 07:48:04.400, 0, GPU-87701dfa-9023-3c38-a5e1-c4df5064cf56, P0, 71, 1980, 8001, 33.46, [N/A], 46
2026/09/11 07:48:04.606, 0, GPU-87701dfa-9023-3c38-a5e1-c4df5064cf56, P0, 73, 2205, 8001, 44.60, [N/A], 40
2026/09/11 07:48:04.812, 0, GPU-87701dfa-9023-3c38-a5e1-c4df5064cf56, P0, 73, 2205, 8001, 44.60, [N/A], 40
2026/09/11 07:48:05.018, 0, GPU-87701dfa-9023-3c38-a5e1-c4df5064cf56, P0, 73, 2205, 8001, 44.60, [N/A], 40
2026/09/11 07:48:05.225, 0, GPU-87701dfa-9023-3c38-a5e1-c4df5064cf56, P0, 72, 2205, 8001, 44.40, [N/A], 39
2026/09/11 07:48:05.430, 0, GPU-87701dfa-9023-3c38-a5e1-c4df5064cf56, P0, 72, 2205, 8001, 44.40, [N/A], 39
2026/09/11 07:48:05.637, 0, GPU-87701dfa-9023-3c38-a5e1-c4df5064cf56, P0, 70, 2490, 8001, 23.14, [N/A], 9
2026/09/11 07:48:05.844, 0, GPU-87701dfa-9023-3c38-a5e1-c4df5064cf56, P0, 70, 2490, 8001, 23.14, [N/A], 9
2026/09/11 07:48:06.049, 0, GPU-87701dfa-9023-3c38-a5e1-c4df5064cf56, P0, 70, 2490, 8001, 23.14, [N/A], 9
2026/09/11 07:48:06.257, 0, GPU-87701dfa-9023-3c38-a5e1-c4df5064cf56, P0, 85, 2415, 8001, 114.90, [N/A], 99
2026/09/11 07:48:06.463, 0, GPU-87701dfa-9023-3c38-a5e1-c4df5064cf56, P0, 85, 2415, 8001, 114.90, [N/A], 99
2026/09/11 07:48:06.670, 0, GPU-87701dfa-9023-3c38-a5e1-c4df5064cf56, P0, 85, 2130, 8001, 94.71, [N/A], 94
2026/09/11 07:48:06.893, 0, GPU-87701dfa-9023-3c38-a5e1-c4df5064cf56, P0, 85, 2130, 8001, 94.71, [N/A], 94
2026/09/11 07:48:07.098, 0, GPU-87701dfa-9023-3c38-a5e1-c4df5064cf56, P0, 86, 2145, 8001, 112.08, [N/A], 95
2026/09/11 07:48:07.304, 0, GPU-87701dfa-9023-3c38-a5e1-c4df5064cf56, P0, 86, 2145, 8001, 112.08, [N/A], 95
2026/09/11 07:48:07.509, 0, GPU-87701dfa-9023-3c38-a5e1-c4df5064cf56, P0, 86, 2145, 8001, 112.08, [N/A], 95
2026/09/11 07:48:07.716, 0, GPU-87701dfa-9023-3c38-a5e1-c4df5064cf56, P0, 89, 2340, 8001, 99.14, [N/A], 95
2026/09/11 07:48:07.920, 0, GPU-87701dfa-9023-3c38-a5e1-c4df5064cf56, P0, 89, 2340, 8001, 99.14, [N/A], 95
2026/09/11 07:48:08.128, 0, GPU-87701dfa-9023-3c38-a5e1-c4df5064cf56, P0, 88, 2205, 8001, 112.39, [N/A], 94
2026/09/11 07:48:08.333, 0, GPU-87701dfa-9023-3c38-a5e1-c4df5064cf56, P0, 88, 2205, 8001, 112.39, [N/A], 94
2026/09/11 07:48:08.537, 0, GPU-87701dfa-9023-3c38-a5e1-c4df5064cf56, P0, 88, 2205, 8001, 112.39, [N/A], 94
2026/09/11 07:48:08.744, 0, GPU-87701dfa-9023-3c38-a5e1-c4df5064cf56, P0, 85, 2250, 8001, 109.13, [N/A], 99
2026/09/11 07:48:08.950, 0, GPU-87701dfa-9023-3c38-a5e1-c4df5064cf56, P0, 85, 2250, 8001, 109.13, [N/A], 99
2026/09/11 07:48:09.157, 0, GPU-87701dfa-9023-3c38-a5e1-c4df5064cf56, P0, 88, 2280, 8001, 107.53, [N/A], 94
2026/09/11 07:48:09.365, 0, GPU-87701dfa-9023-3c38-a5e1-c4df5064cf56, P0, 88, 2280, 8001, 107.53, [N/A], 94
2026/09/11 07:48:09.572, 0, GPU-87701dfa-9023-3c38-a5e1-c4df5064cf56, P0, 88, 2280, 8001, 107.53, [N/A], 94
2026/09/11 07:48:09.780, 0, GPU-87701dfa-9023-3c38-a5e1-c4df5064cf56, P0, 87, 2250, 8001, 99.95, [N/A], 95
2026/09/11 07:48:09.985, 0, GPU-87701dfa-9023-3c38-a5e1-c4df5064cf56, P0, 87, 2250, 8001, 99.95, [N/A], 95
2026/09/11 07:48:10.209, 0, GPU-87701dfa-9023-3c38-a5e1-c4df5064cf56, P0, 82, 2295, 8001, 79.78, [N/A], 91
2026/09/11 07:48:10.431, 0, GPU-87701dfa-9023-3c38-a5e1-c4df5064cf56, P0, 82, 2295, 8001, 79.78, [N/A], 91
2026/09/11 07:48:10.653, 0, GPU-87701dfa-9023-3c38-a5e1-c4df5064cf56, P0, 78, 2490, 8001, 57.39, [N/A], 38
2026/09/11 07:48:10.857, 0, GPU-87701dfa-9023-3c38-a5e1-c4df5064cf56, P0, 78, 2490, 8001, 57.39, [N/A], 38
2026/09/11 07:48:11.063, 0, GPU-87701dfa-9023-3c38-a5e1-c4df5064cf56, P0, 78, 2490, 8001, 57.39, [N/A], 38
2026/09/11 07:48:11.271, 0, GPU-87701dfa-9023-3c38-a5e1-c4df5064cf56, P0, 77, 2490, 8001, 57.25, [N/A], 38
2026/09/11 07:48:11.478, 0, GPU-87701dfa-9023-3c38-a5e1-c4df5064cf56, P0, 77, 2490, 8001, 57.25, [N/A], 38
2026/09/11 07:48:11.716, 0, GPU-87701dfa-9023-3c38-a5e1-c4df5064cf56, P0, 72, 2490, 8001, 27.57, [N/A], 9
2026/09/11 07:48:11.923, 0, GPU-87701dfa-9023-3c38-a5e1-c4df5064cf56, P0, 72, 2490, 8001, 27.57, [N/A], 9
2026/09/11 07:48:12.126, 0, GPU-87701dfa-9023-3c38-a5e1-c4df5064cf56, P0, 69, 1785, 8001, 16.78, [N/A], 0
2026/09/11 07:48:12.331, 0, GPU-87701dfa-9023-3c38-a5e1-c4df5064cf56, P0, 69, 1785, 8001, 16.78, [N/A], 0
2026/09/11 07:48:12.537, 0, GPU-87701dfa-9023-3c38-a5e1-c4df5064cf56, P0, 69, 1785, 8001, 16.78, [N/A], 0
2026/09/11 07:48:12.758, 0, GPU-87701dfa-9023-3c38-a5e1-c4df5064cf56, P0, 69, 1530, 8001, 15.57, [N/A], 1
2026/09/11 07:48:12.979, 0, GPU-87701dfa-9023-3c38-a5e1-c4df5064cf56, P0, 69, 1530, 8001, 15.57, [N/A], 1
2026/09/11 07:48:13.184, 0, GPU-87701dfa-9023-3c38-a5e1-c4df5064cf56, P0, 72, 2130, 8001, 38.26, [N/A], 43
2026/09/11 07:48:13.390, 0, GPU-87701dfa-9023-3c38-a5e1-c4df5064cf56, P0, 72, 2130, 8001, 38.26, [N/A], 43
2026/09/11 07:48:13.593, 0, GPU-87701dfa-9023-3c38-a5e1-c4df5064cf56, P0, 73, 2175, 8001, 43.79, [N/A], 41
2026/09/11 07:48:13.796, 0, GPU-87701dfa-9023-3c38-a5e1-c4df5064cf56, P0, 73, 2175, 8001, 43.79, [N/A], 41
2026/09/11 07:48:14.000, 0, GPU-87701dfa-9023-3c38-a5e1-c4df5064cf56, P0, 73, 2175, 8001, 43.79, [N/A], 41
2026/09/11 07:48:14.223, 0, GPU-87701dfa-9023-3c38-a5e1-c4df5064cf56, P0, 82, 2325, 8001, 61.90, [N/A], 90
2026/09/11 07:48:14.430, 0, GPU-87701dfa-9023-3c38-a5e1-c4df5064cf56, P0, 82, 2325, 8001, 61.90, [N/A], 90
2026/09/11 07:48:14.638, 0, GPU-87701dfa-9023-3c38-a5e1-c4df5064cf56, P0, 70, 2490, 8001, 22.59, [N/A], 0
2026/09/11 07:48:14.859, 0, GPU-87701dfa-9023-3c38-a5e1-c4df5064cf56, P0, 70, 2490, 8001, 22.59, [N/A], 0
2026/09/11 07:48:15.065, 0, GPU-87701dfa-9023-3c38-a5e1-c4df5064cf56, P0, 70, 2490, 8001, 22.59, [N/A], 0
2026/09/11 07:48:15.273, 0, GPU-87701dfa-9023-3c38-a5e1-c4df5064cf56, P0, 89, 2355, 8001, 107.81, [N/A], 97
2026/09/11 07:48:15.478, 0, GPU-87701dfa-9023-3c38-a5e1-c4df5064cf56, P0, 89, 2355, 8001, 107.81, [N/A], 97
2026/09/11 07:48:15.685, 0, GPU-87701dfa-9023-3c38-a5e1-c4df5064cf56, P0, 86, 2175, 8001, 105.43, [N/A], 95
2026/09/11 07:48:15.888, 0, GPU-87701dfa-9023-3c38-a5e1-c4df5064cf56, P0, 86, 2175, 8001, 105.43, [N/A], 95
2026/09/11 07:48:16.093, 0, GPU-87701dfa-9023-3c38-a5e1-c4df5064cf56, P0, 88, 2265, 8001, 93.13, [N/A], 95
2026/09/11 07:48:16.300, 0, GPU-87701dfa-9023-3c38-a5e1-c4df5064cf56, P0, 88, 2265, 8001, 93.13, [N/A], 95
2026/09/11 07:48:16.505, 0, GPU-87701dfa-9023-3c38-a5e1-c4df5064cf56, P0, 88, 2265, 8001, 93.13, [N/A], 95
2026/09/11 07:48:16.713, 0, GPU-87701dfa-9023-3c38-a5e1-c4df5064cf56, P0, 84, 2175, 8001, 99.09, [N/A], 95
2026/09/11 07:48:16.920, 0, GPU-87701dfa-9023-3c38-a5e1-c4df5064cf56, P0, 84, 2175, 8001, 99.09, [N/A], 95
2026/09/11 07:48:17.125, 0, GPU-87701dfa-9023-3c38-a5e1-c4df5064cf56, P0, 88, 1875, 8001, 100.85, [N/A], 95
2026/09/11 07:48:17.331, 0, GPU-87701dfa-9023-3c38-a5e1-c4df5064cf56, P0, 88, 1875, 8001, 100.85, [N/A], 95
2026/09/11 07:48:17.536, 0, GPU-87701dfa-9023-3c38-a5e1-c4df5064cf56, P0, 88, 1875, 8001, 100.85, [N/A], 95
2026/09/11 07:48:17.742, 0, GPU-87701dfa-9023-3c38-a5e1-c4df5064cf56, P0, 88, 2445, 8001, 121.05, [N/A], 95
2026/09/11 07:48:17.948, 0, GPU-87701dfa-9023-3c38-a5e1-c4df5064cf56, P0, 88, 2445, 8001, 121.05, [N/A], 95
2026/09/11 07:48:18.154, 0, GPU-87701dfa-9023-3c38-a5e1-c4df5064cf56, P0, 86, 2055, 8001, 86.14, [N/A], 95
2026/09/11 07:48:18.361, 0, GPU-87701dfa-9023-3c38-a5e1-c4df5064cf56, P0, 86, 2055, 8001, 86.14, [N/A], 95
2026/09/11 07:48:18.567, 0, GPU-87701dfa-9023-3c38-a5e1-c4df5064cf56, P0, 86, 2055, 8001, 86.14, [N/A], 95
2026/09/11 07:48:18.773, 0, GPU-87701dfa-9023-3c38-a5e1-c4df5064cf56, P0, 83, 1770, 8001, 95.19, [N/A], 95
2026/09/11 07:48:18.979, 0, GPU-87701dfa-9023-3c38-a5e1-c4df5064cf56, P0, 83, 1770, 8001, 95.19, [N/A], 95
2026/09/11 07:48:19.186, 0, GPU-87701dfa-9023-3c38-a5e1-c4df5064cf56, P0, 78, 2490, 8001, 56.63, [N/A], 37
2026/09/11 07:48:19.391, 0, GPU-87701dfa-9023-3c38-a5e1-c4df5064cf56, P0, 78, 2490, 8001, 56.63, [N/A], 37
2026/09/11 07:48:19.596, 0, GPU-87701dfa-9023-3c38-a5e1-c4df5064cf56, P0, 78, 2490, 8001, 56.25, [N/A], 36
2026/09/11 07:48:19.803, 0, GPU-87701dfa-9023-3c38-a5e1-c4df5064cf56, P0, 78, 2490, 8001, 56.25, [N/A], 36
2026/09/11 07:48:20.008, 0, GPU-87701dfa-9023-3c38-a5e1-c4df5064cf56, P0, 78, 2490, 8001, 56.25, [N/A], 36
2026/09/11 07:48:20.213, 0, GPU-87701dfa-9023-3c38-a5e1-c4df5064cf56, P0, 77, 2490, 8001, 56.13, [N/A], 36
2026/09/11 07:48:20.421, 0, GPU-87701dfa-9023-3c38-a5e1-c4df5064cf56, P0, 77, 2490, 8001, 56.13, [N/A], 36
2026/09/11 07:48:20.627, 0, GPU-87701dfa-9023-3c38-a5e1-c4df5064cf56, P0, 71, 2490, 8001, 22.92, [N/A], 0
2026/09/11 07:48:20.832, 0, GPU-87701dfa-9023-3c38-a5e1-c4df5064cf56, P0, 71, 2490, 8001, 22.92, [N/A], 0
2026/09/11 07:48:21.037, 0, GPU-87701dfa-9023-3c38-a5e1-c4df5064cf56, P0, 71, 2490, 8001, 22.92, [N/A], 0
2026/09/11 07:48:21.240, 0, GPU-87701dfa-9023-3c38-a5e1-c4df5064cf56, P0, 69, 1575, 8001, 16.75, [N/A], 5
2026/09/11 07:48:21.446, 0, GPU-87701dfa-9023-3c38-a5e1-c4df5064cf56, P0, 69, 1575, 8001, 16.75, [N/A], 5
2026/09/11 07:48:21.653, 0, GPU-87701dfa-9023-3c38-a5e1-c4df5064cf56, P0, 72, 2025, 8001, 33.94, [N/A], 42
2026/09/11 07:48:21.859, 0, GPU-87701dfa-9023-3c38-a5e1-c4df5064cf56, P0, 72, 2025, 8001, 33.94, [N/A], 42
2026/09/11 07:48:22.063, 0, GPU-87701dfa-9023-3c38-a5e1-c4df5064cf56, P0, 72, 2025, 8001, 33.94, [N/A], 42
2026/09/11 07:48:22.271, 0, GPU-87701dfa-9023-3c38-a5e1-c4df5064cf56, P0, 74, 2265, 8001, 43.69, [N/A], 45
2026/09/11 07:48:22.476, 0, GPU-87701dfa-9023-3c38-a5e1-c4df5064cf56, P0, 74, 2265, 8001, 43.69, [N/A], 45
2026/09/11 07:48:22.681, 0, GPU-87701dfa-9023-3c38-a5e1-c4df5064cf56, P0, 75, 2265, 8001, 46.73, [N/A], 38
2026/09/11 07:48:22.886, 0, GPU-87701dfa-9023-3c38-a5e1-c4df5064cf56, P0, 75, 2265, 8001, 46.73, [N/A], 38
2026/09/11 07:48:23.091, 0, GPU-87701dfa-9023-3c38-a5e1-c4df5064cf56, P0, 71, 2490, 8001, 23.99, [N/A], 9
2026/09/11 07:48:23.298, 0, GPU-87701dfa-9023-3c38-a5e1-c4df5064cf56, P0, 71, 2490, 8001, 23.99, [N/A], 9
2026/09/11 07:48:23.505, 0, GPU-87701dfa-9023-3c38-a5e1-c4df5064cf56, P0, 71, 2490, 8001, 23.99, [N/A], 9
2026/09/11 07:48:23.743, 0, GPU-87701dfa-9023-3c38-a5e1-c4df5064cf56, P0, 85, 2355, 8001, 103.37, [N/A], 94
2026/09/11 07:48:23.947, 0, GPU-87701dfa-9023-3c38-a5e1-c4df5064cf56, P0, 85, 2355, 8001, 103.37, [N/A], 94
2026/09/11 07:48:24.151, 0, GPU-87701dfa-9023-3c38-a5e1-c4df5064cf56, P0, 90, 2265, 8001, 111.04, [N/A], 94
2026/09/11 07:48:24.356, 0, GPU-87701dfa-9023-3c38-a5e1-c4df5064cf56, P0, 90, 2265, 8001, 111.04, [N/A], 94
2026/09/11 07:48:24.563, 0, GPU-87701dfa-9023-3c38-a5e1-c4df5064cf56, P0, 90, 2265, 8001, 111.04, [N/A], 94
2026/09/11 07:48:24.770, 0, GPU-87701dfa-9023-3c38-a5e1-c4df5064cf56, P0, 86, 2325, 8001, 92.15, [N/A], 100
2026/09/11 07:48:24.975, 0, GPU-87701dfa-9023-3c38-a5e1-c4df5064cf56, P0, 86, 2325, 8001, 92.15, [N/A], 100
2026/09/11 07:48:25.180, 0, GPU-87701dfa-9023-3c38-a5e1-c4df5064cf56, P0, 87, 2190, 8001, 91.75, [N/A], 94
2026/09/11 07:48:25.387, 0, GPU-87701dfa-9023-3c38-a5e1-c4df5064cf56, P0, 87, 2190, 8001, 91.75, [N/A], 94
2026/09/11 07:48:25.594, 0, GPU-87701dfa-9023-3c38-a5e1-c4df5064cf56, P0, 87, 2235, 8001, 102.09, [N/A], 99
2026/09/11 07:48:25.800, 0, GPU-87701dfa-9023-3c38-a5e1-c4df5064cf56, P0, 87, 2235, 8001, 102.09, [N/A], 99
2026/09/11 07:48:26.005, 0, GPU-87701dfa-9023-3c38-a5e1-c4df5064cf56, P0, 87, 2235, 8001, 102.09, [N/A], 99
2026/09/11 07:48:26.211, 0, GPU-87701dfa-9023-3c38-a5e1-c4df5064cf56, P0, 89, 2220, 8001, 107.03, [N/A], 95
2026/09/11 07:48:26.418, 0, GPU-87701dfa-9023-3c38-a5e1-c4df5064cf56, P0, 89, 2220, 8001, 107.03, [N/A], 95
2026/09/11 07:48:26.624, 0, GPU-87701dfa-9023-3c38-a5e1-c4df5064cf56, P0, 86, 2310, 8001, 104.04, [N/A], 100
2026/09/11 07:48:26.830, 0, GPU-87701dfa-9023-3c38-a5e1-c4df5064cf56, P0, 86, 2310, 8001, 104.04, [N/A], 100
2026/09/11 07:48:27.115, 0, GPU-87701dfa-9023-3c38-a5e1-c4df5064cf56, P0, 86, 1995, 8001, 83.60, [N/A], 95
2026/09/11 07:48:27.323, 0, GPU-87701dfa-9023-3c38-a5e1-c4df5064cf56, P0, 86, 1995, 8001, 83.60, [N/A], 95
2026/09/11 07:48:27.530, 0, GPU-87701dfa-9023-3c38-a5e1-c4df5064cf56, P0, 86, 1995, 8001, 83.60, [N/A], 95
2026/09/11 07:48:27.739, 0, GPU-87701dfa-9023-3c38-a5e1-c4df5064cf56, P0, 80, 2490, 8001, 54.75, [N/A], 39
2026/09/11 07:48:27.944, 0, GPU-87701dfa-9023-3c38-a5e1-c4df5064cf56, P0, 80, 2490, 8001, 54.75, [N/A], 39
2026/09/11 07:48:28.150, 0, GPU-87701dfa-9023-3c38-a5e1-c4df5064cf56, P0, 79, 2490, 8001, 57.37, [N/A], 37
2026/09/11 07:48:28.355, 0, GPU-87701dfa-9023-3c38-a5e1-c4df5064cf56, P0, 79, 2490, 8001, 57.37, [N/A], 37
2026/09/11 07:48:28.561, 0, GPU-87701dfa-9023-3c38-a5e1-c4df5064cf56, P0, 79, 2490, 8001, 57.37, [N/A], 37
2026/09/11 07:48:28.769, 0, GPU-87701dfa-9023-3c38-a5e1-c4df5064cf56, P0, 78, 2490, 8001, 57.23, [N/A], 38
2026/09/11 07:48:28.975, 0, GPU-87701dfa-9023-3c38-a5e1-c4df5064cf56, P0, 78, 2490, 8001, 57.23, [N/A], 38
2026/09/11 07:48:29.183, 0, GPU-87701dfa-9023-3c38-a5e1-c4df5064cf56, P0, 72, 2490, 8001, 23.22, [N/A], 0
2026/09/11 07:48:29.390, 0, GPU-87701dfa-9023-3c38-a5e1-c4df5064cf56, P0, 72, 2490, 8001, 23.22, [N/A], 0
2026/09/11 07:48:29.597, 0, GPU-87701dfa-9023-3c38-a5e1-c4df5064cf56, P0, 70, 1770, 8001, 15.83, [N/A], 0
2026/09/11 07:48:29.804, 0, GPU-87701dfa-9023-3c38-a5e1-c4df5064cf56, P0, 70, 1770, 8001, 15.83, [N/A], 0
2026/09/11 07:48:30.009, 0, GPU-87701dfa-9023-3c38-a5e1-c4df5064cf56, P0, 70, 1770, 8001, 15.83, [N/A], 0
2026/09/11 07:48:30.215, 0, GPU-87701dfa-9023-3c38-a5e1-c4df5064cf56, P3, 71, 1440, 7001, 23.49, [N/A], 35
2026/09/11 07:48:30.422, 0, GPU-87701dfa-9023-3c38-a5e1-c4df5064cf56, P3, 71, 1440, 7001, 23.49, [N/A], 35
2026/09/11 07:48:30.625, 0, GPU-87701dfa-9023-3c38-a5e1-c4df5064cf56, P3, 73, 2055, 7001, 38.18, [N/A], 43
2026/09/11 07:48:30.831, 0, GPU-87701dfa-9023-3c38-a5e1-c4df5064cf56, P3, 73, 2055, 7001, 38.18, [N/A], 43
2026/09/11 07:48:31.035, 0, GPU-87701dfa-9023-3c38-a5e1-c4df5064cf56, P3, 73, 2055, 7001, 38.18, [N/A], 43
2026/09/11 07:48:31.241, 0, GPU-87701dfa-9023-3c38-a5e1-c4df5064cf56, P0, 74, 2160, 8001, 42.99, [N/A], 41
2026/09/11 07:48:31.447, 0, GPU-87701dfa-9023-3c38-a5e1-c4df5064cf56, P0, 74, 2160, 8001, 42.99, [N/A], 41
2026/09/11 07:48:31.654, 0, GPU-87701dfa-9023-3c38-a5e1-c4df5064cf56, P0, 76, 2475, 8001, 89.04, [N/A], 98
2026/09/11 07:48:31.861, 0, GPU-87701dfa-9023-3c38-a5e1-c4df5064cf56, P0, 76, 2475, 8001, 89.04, [N/A], 98
2026/09/11 07:48:32.068, 0, GPU-87701dfa-9023-3c38-a5e1-c4df5064cf56, P0, 76, 2475, 8001, 89.04, [N/A], 98
2026/09/11 07:48:32.274, 0, GPU-87701dfa-9023-3c38-a5e1-c4df5064cf56, P0, 71, 2490, 8001, 22.73, [N/A], 0
2026/09/11 07:48:32.481, 0, GPU-87701dfa-9023-3c38-a5e1-c4df5064cf56, P0, 71, 2490, 8001, 22.73, [N/A], 0
2026/09/11 07:48:32.688, 0, GPU-87701dfa-9023-3c38-a5e1-c4df5064cf56, P0, 88, 2430, 8001, 118.84, [N/A], 99
2026/09/11 07:48:32.894, 0, GPU-87701dfa-9023-3c38-a5e1-c4df5064cf56, P0, 88, 2430, 8001, 118.84, [N/A], 99
2026/09/11 07:48:33.098, 0, GPU-87701dfa-9023-3c38-a5e1-c4df5064cf56, P0, 85, 2340, 8001, 102.23, [N/A], 94
2026/09/11 07:48:33.303, 0, GPU-87701dfa-9023-3c38-a5e1-c4df5064cf56, P0, 85, 2340, 8001, 102.23, [N/A], 94
2026/09/11 07:48:33.509, 0, GPU-87701dfa-9023-3c38-a5e1-c4df5064cf56, P0, 85, 2340, 8001, 102.23, [N/A], 94
2026/09/11 07:48:33.718, 0, GPU-87701dfa-9023-3c38-a5e1-c4df5064cf56, P0, 87, 2265, 8001, 104.42, [N/A], 99
2026/09/11 07:48:33.923, 0, GPU-87701dfa-9023-3c38-a5e1-c4df5064cf56, P0, 87, 2265, 8001, 104.42, [N/A], 99
2026/09/11 07:48:34.130, 0, GPU-87701dfa-9023-3c38-a5e1-c4df5064cf56, P0, 88, 2190, 8001, 88.95, [N/A], 95
2026/09/11 07:48:34.333, 0, GPU-87701dfa-9023-3c38-a5e1-c4df5064cf56, P0, 88, 2190, 8001, 88.95, [N/A], 95
2026/09/11 07:48:34.540, 0, GPU-87701dfa-9023-3c38-a5e1-c4df5064cf56, P0, 88, 2190, 8001, 88.95, [N/A], 95
2026/09/11 07:48:34.748, 0, GPU-87701dfa-9023-3c38-a5e1-c4df5064cf56, P0, 87, 2250, 8001, 98.27, [N/A], 94
2026/09/11 07:48:34.954, 0, GPU-87701dfa-9023-3c38-a5e1-c4df5064cf56, P0, 87, 2250, 8001, 98.27, [N/A], 94
2026/09/11 07:48:35.159, 0, GPU-87701dfa-9023-3c38-a5e1-c4df5064cf56, P0, 83, 2340, 8001, 88.95, [N/A], 99
2026/09/11 07:48:35.366, 0, GPU-87701dfa-9023-3c38-a5e1-c4df5064cf56, P0, 83, 2340, 8001, 88.95, [N/A], 99
2026/09/11 07:48:35.571, 0, GPU-87701dfa-9023-3c38-a5e1-c4df5064cf56, P0, 83, 2340, 8001, 88.95, [N/A], 99
2026/09/11 07:48:35.778, 0, GPU-87701dfa-9023-3c38-a5e1-c4df5064cf56, P0, 90, 2280, 8001, 137.29, [N/A], 95
2026/09/11 07:48:35.985, 0, GPU-87701dfa-9023-3c38-a5e1-c4df5064cf56, P0, 90, 2280, 8001, 137.29, [N/A], 95
2026/09/11 07:48:36.190, 0, GPU-87701dfa-9023-3c38-a5e1-c4df5064cf56, P0, 87, 2175, 8001, 96.79, [N/A], 94
2026/09/11 07:48:36.397, 0, GPU-87701dfa-9023-3c38-a5e1-c4df5064cf56, P0, 87, 2175, 8001, 96.79, [N/A], 94
2026/09/11 07:48:36.603, 0, GPU-87701dfa-9023-3c38-a5e1-c4df5064cf56, P0, 81, 2490, 8001, 56.94, [N/A], 38
2026/09/11 07:48:36.840, 0, GPU-87701dfa-9023-3c38-a5e1-c4df5064cf56, P0, 81, 2490, 8001, 56.94, [N/A], 38
2026/09/11 07:48:37.047, 0, GPU-87701dfa-9023-3c38-a5e1-c4df5064cf56, P0, 81, 2490, 8001, 56.94, [N/A], 38
2026/09/11 07:48:37.285, 0, GPU-87701dfa-9023-3c38-a5e1-c4df5064cf56, P0, 79, 2490, 8001, 59.69, [N/A], 38
2026/09/11 07:48:37.491, 0, GPU-87701dfa-9023-3c38-a5e1-c4df5064cf56, P0, 79, 2490, 8001, 59.69, [N/A], 38
2026/09/11 07:48:37.712, 0, GPU-87701dfa-9023-3c38-a5e1-c4df5064cf56, P0, 79, 2490, 8001, 59.04, [N/A], 38
2026/09/11 07:48:37.932, 0, GPU-87701dfa-9023-3c38-a5e1-c4df5064cf56, P0, 79, 2490, 8001, 59.04, [N/A], 38
2026/09/11 07:48:38.139, 0, GPU-87701dfa-9023-3c38-a5e1-c4df5064cf56, P0, 73, 2490, 8001, 23.70, [N/A], 0
2026/09/11 07:48:38.345, 0, GPU-87701dfa-9023-3c38-a5e1-c4df5064cf56, P0, 73, 2490, 8001, 23.70, [N/A], 0
2026/09/11 07:48:38.551, 0, GPU-87701dfa-9023-3c38-a5e1-c4df5064cf56, P0, 73, 2490, 8001, 23.70, [N/A], 0
2026/09/11 07:48:38.757, 0, GPU-87701dfa-9023-3c38-a5e1-c4df5064cf56, P0, 70, 1785, 8001, 15.98, [N/A], 0
2026/09/11 07:48:38.962, 0, GPU-87701dfa-9023-3c38-a5e1-c4df5064cf56, P0, 70, 1785, 8001, 15.98, [N/A], 0
2026/09/11 07:48:39.167, 0, GPU-87701dfa-9023-3c38-a5e1-c4df5064cf56, P3, 71, 1470, 7001, 27.48, [N/A], 42
2026/09/11 07:48:39.373, 0, GPU-87701dfa-9023-3c38-a5e1-c4df5064cf56, P3, 71, 1470, 7001, 27.48, [N/A], 42
2026/09/11 07:48:39.579, 0, GPU-87701dfa-9023-3c38-a5e1-c4df5064cf56, P3, 71, 1470, 7001, 27.48, [N/A], 42
2026/09/11 07:48:39.787, 0, GPU-87701dfa-9023-3c38-a5e1-c4df5064cf56, P3, 73, 2070, 7001, 32.47, [N/A], 38
2026/09/11 07:48:39.993, 0, GPU-87701dfa-9023-3c38-a5e1-c4df5064cf56, P3, 73, 2070, 7001, 32.47, [N/A], 38
2026/09/11 07:48:40.200, 0, GPU-87701dfa-9023-3c38-a5e1-c4df5064cf56, P0, 74, 2130, 8001, 39.83, [N/A], 42
2026/09/11 07:48:40.408, 0, GPU-87701dfa-9023-3c38-a5e1-c4df5064cf56, P0, 74, 2130, 8001, 39.83, [N/A], 42
2026/09/11 07:48:40.613, 0, GPU-87701dfa-9023-3c38-a5e1-c4df5064cf56, P0, 82, 2130, 8001, 96.58, [N/A], 100
2026/09/11 07:48:40.818, 0, GPU-87701dfa-9023-3c38-a5e1-c4df5064cf56, P0, 82, 2130, 8001, 96.58, [N/A], 100
2026/09/11 07:48:41.039, 0, GPU-87701dfa-9023-3c38-a5e1-c4df5064cf56, P0, 82, 2130, 8001, 96.58, [N/A], 100
2026/09/11 07:48:41.246, 0, GPU-87701dfa-9023-3c38-a5e1-c4df5064cf56, P0, 71, 2490, 8001, 22.82, [N/A], 0
2026/09/11 07:48:41.451, 0, GPU-87701dfa-9023-3c38-a5e1-c4df5064cf56, P0, 71, 2490, 8001, 22.82, [N/A], 0
2026/09/11 07:48:41.657, 0, GPU-87701dfa-9023-3c38-a5e1-c4df5064cf56, P0, 82, 1890, 8001, 104.39, [N/A], 100
2026/09/11 07:48:41.865, 0, GPU-87701dfa-9023-3c38-a5e1-c4df5064cf56, P0, 82, 1890, 8001, 104.39, [N/A], 100
2026/09/11 07:48:42.070, 0, GPU-87701dfa-9023-3c38-a5e1-c4df5064cf56, P0, 82, 1890, 8001, 104.39, [N/A], 100
2026/09/11 07:48:42.277, 0, GPU-87701dfa-9023-3c38-a5e1-c4df5064cf56, P0, 88, 2085, 8001, 111.77, [N/A], 95
2026/09/11 07:48:42.483, 0, GPU-87701dfa-9023-3c38-a5e1-c4df5064cf56, P0, 88, 2085, 8001, 111.77, [N/A], 95
2026/09/11 07:48:42.704, 0, GPU-87701dfa-9023-3c38-a5e1-c4df5064cf56, P0, 84, 2355, 8001, 90.52, [N/A], 96
2026/09/11 07:48:42.926, 0, GPU-87701dfa-9023-3c38-a5e1-c4df5064cf56, P0, 84, 2355, 8001, 90.52, [N/A], 96
2026/09/11 07:48:43.134, 0, GPU-87701dfa-9023-3c38-a5e1-c4df5064cf56, P0, 89, 2220, 8001, 92.32, [N/A], 91
2026/09/11 07:48:43.339, 0, GPU-87701dfa-9023-3c38-a5e1-c4df5064cf56, P0, 89, 2220, 8001, 92.32, [N/A], 91
2026/09/11 07:48:43.546, 0, GPU-87701dfa-9023-3c38-a5e1-c4df5064cf56, P0, 89, 2220, 8001, 92.32, [N/A], 91
2026/09/11 07:48:43.753, 0, GPU-87701dfa-9023-3c38-a5e1-c4df5064cf56, P0, 85, 2085, 8001, 88.78, [N/A], 93
2026/09/11 07:48:43.961, 0, GPU-87701dfa-9023-3c38-a5e1-c4df5064cf56, P0, 85, 2085, 8001, 88.78, [N/A], 93
2026/09/11 07:48:44.168, 0, GPU-87701dfa-9023-3c38-a5e1-c4df5064cf56, P0, 87, 2025, 8001, 87.40, [N/A], 95
2026/09/11 07:48:44.376, 0, GPU-87701dfa-9023-3c38-a5e1-c4df5064cf56, P0, 87, 2025, 8001, 87.40, [N/A], 95
2026/09/11 07:48:44.581, 0, GPU-87701dfa-9023-3c38-a5e1-c4df5064cf56, P0, 87, 2025, 8001, 87.40, [N/A], 95
2026/09/11 07:48:44.787, 0, GPU-87701dfa-9023-3c38-a5e1-c4df5064cf56, P0, 86, 2115, 8001, 99.83, [N/A], 94
2026/09/11 07:48:44.992, 0, GPU-87701dfa-9023-3c38-a5e1-c4df5064cf56, P0, 86, 2115, 8001, 99.83, [N/A], 94
2026/09/11 07:48:45.198, 0, GPU-87701dfa-9023-3c38-a5e1-c4df5064cf56, P0, 83, 1635, 8001, 67.11, [N/A], 100
2026/09/11 07:48:45.405, 0, GPU-87701dfa-9023-3c38-a5e1-c4df5064cf56, P0, 83, 1635, 8001, 67.11, [N/A], 100
2026/09/11 07:48:45.612, 0, GPU-87701dfa-9023-3c38-a5e1-c4df5064cf56, P0, 80, 2490, 8001, 57.18, [N/A], 36
2026/09/11 07:48:45.818, 0, GPU-87701dfa-9023-3c38-a5e1-c4df5064cf56, P0, 80, 2490, 8001, 57.18, [N/A], 36
2026/09/11 07:48:46.057, 0, GPU-87701dfa-9023-3c38-a5e1-c4df5064cf56, P0, 80, 2490, 8001, 57.18, [N/A], 36
2026/09/11 07:48:46.263, 0, GPU-87701dfa-9023-3c38-a5e1-c4df5064cf56, P0, 79, 2490, 8001, 56.59, [N/A], 36
2026/09/11 07:48:46.486, 0, GPU-87701dfa-9023-3c38-a5e1-c4df5064cf56, P0, 79, 2490, 8001, 56.59, [N/A], 36
2026/09/11 07:48:46.691, 0, GPU-87701dfa-9023-3c38-a5e1-c4df5064cf56, P0, 79, 2490, 8001, 56.64, [N/A], 36
2026/09/11 07:48:46.899, 0, GPU-87701dfa-9023-3c38-a5e1-c4df5064cf56, P0, 79, 2490, 8001, 56.64, [N/A], 36
2026/09/11 07:48:47.107, 0, GPU-87701dfa-9023-3c38-a5e1-c4df5064cf56, P0, 72, 2490, 8001, 23.43, [N/A], 0
2026/09/11 07:48:47.312, 0, GPU-87701dfa-9023-3c38-a5e1-c4df5064cf56, P0, 72, 2490, 8001, 23.43, [N/A], 0
2026/09/11 07:48:47.519, 0, GPU-87701dfa-9023-3c38-a5e1-c4df5064cf56, P0, 72, 2490, 8001, 23.43, [N/A], 0
2026/09/11 07:48:47.725, 0, GPU-87701dfa-9023-3c38-a5e1-c4df5064cf56, P0, 70, 1680, 8001, 15.93, [N/A], 10
2026/09/11 07:48:47.930, 0, GPU-87701dfa-9023-3c38-a5e1-c4df5064cf56, P0, 70, 1680, 8001, 15.93, [N/A], 10
2026/09/11 07:48:48.135, 0, GPU-87701dfa-9023-3c38-a5e1-c4df5064cf56, P0, 72, 1860, 8001, 32.17, [N/A], 64
2026/09/11 07:48:48.341, 0, GPU-87701dfa-9023-3c38-a5e1-c4df5064cf56, P0, 72, 1860, 8001, 32.17, [N/A], 64
2026/09/11 07:48:48.548, 0, GPU-87701dfa-9023-3c38-a5e1-c4df5064cf56, P0, 72, 1860, 8001, 32.17, [N/A], 64
2026/09/11 07:48:48.756, 0, GPU-87701dfa-9023-3c38-a5e1-c4df5064cf56, P0, 75, 2115, 8001, 43.58, [N/A], 42
2026/09/11 07:48:48.960, 0, GPU-87701dfa-9023-3c38-a5e1-c4df5064cf56, P0, 75, 2115, 8001, 43.58, [N/A], 42
2026/09/11 07:48:49.167, 0, GPU-87701dfa-9023-3c38-a5e1-c4df5064cf56, P0, 75, 2190, 8001, 33.39, [N/A], 26
2026/09/11 07:48:49.373, 0, GPU-87701dfa-9023-3c38-a5e1-c4df5064cf56, P0, 75, 2190, 8001, 33.39, [N/A], 26
2026/09/11 07:48:49.578, 0, GPU-87701dfa-9023-3c38-a5e1-c4df5064cf56, P0, 75, 2190, 8001, 33.39, [N/A], 26
2026/09/11 07:48:49.785, 0, GPU-87701dfa-9023-3c38-a5e1-c4df5064cf56, P0, 74, 2490, 8001, 61.96, [N/A], 7
2026/09/11 07:48:49.991, 0, GPU-87701dfa-9023-3c38-a5e1-c4df5064cf56, P0, 74, 2490, 8001, 61.96, [N/A], 7
2026/09/11 07:48:50.199, 0, GPU-87701dfa-9023-3c38-a5e1-c4df5064cf56, P0, 83, 2250, 8001, 91.06, [N/A], 47
2026/09/11 07:48:50.407, 0, GPU-87701dfa-9023-3c38-a5e1-c4df5064cf56, P0, 83, 2250, 8001, 91.06, [N/A], 47
2026/09/11 07:48:50.613, 0, GPU-87701dfa-9023-3c38-a5e1-c4df5064cf56, P0, 88, 2070, 8001, 100.26, [N/A], 98
2026/09/11 07:48:50.819, 0, GPU-87701dfa-9023-3c38-a5e1-c4df5064cf56, P0, 88, 2070, 8001, 100.26, [N/A], 98
2026/09/11 07:48:51.058, 0, GPU-87701dfa-9023-3c38-a5e1-c4df5064cf56, P0, 88, 2070, 8001, 100.26, [N/A], 98
2026/09/11 07:48:51.262, 0, GPU-87701dfa-9023-3c38-a5e1-c4df5064cf56, P0, 87, 2100, 8001, 106.29, [N/A], 95
2026/09/11 07:48:51.468, 0, GPU-87701dfa-9023-3c38-a5e1-c4df5064cf56, P0, 87, 2100, 8001, 106.29, [N/A], 95
2026/09/11 07:48:51.674, 0, GPU-87701dfa-9023-3c38-a5e1-c4df5064cf56, P0, 92, 2070, 8001, 111.07, [N/A], 94
2026/09/11 07:48:51.879, 0, GPU-87701dfa-9023-3c38-a5e1-c4df5064cf56, P0, 92, 2070, 8001, 111.07, [N/A], 94
2026/09/11 07:48:52.086, 0, GPU-87701dfa-9023-3c38-a5e1-c4df5064cf56, P0, 92, 2070, 8001, 111.07, [N/A], 94
2026/09/11 07:48:52.293, 0, GPU-87701dfa-9023-3c38-a5e1-c4df5064cf56, P0, 83, 2190, 8001, 78.37, [N/A], 95
2026/09/11 07:48:52.498, 0, GPU-87701dfa-9023-3c38-a5e1-c4df5064cf56, P0, 83, 2190, 8001, 78.37, [N/A], 95
2026/09/11 07:48:52.705, 0, GPU-87701dfa-9023-3c38-a5e1-c4df5064cf56, P0, 85, 2010, 8001, 83.29, [N/A], 100
2026/09/11 07:48:52.926, 0, GPU-87701dfa-9023-3c38-a5e1-c4df5064cf56, P0, 85, 2010, 8001, 83.29, [N/A], 100
2026/09/11 07:48:53.133, 0, GPU-87701dfa-9023-3c38-a5e1-c4df5064cf56, P0, 86, 1995, 8001, 86.03, [N/A], 95
2026/09/11 07:48:53.337, 0, GPU-87701dfa-9023-3c38-a5e1-c4df5064cf56, P0, 86, 1995, 8001, 86.03, [N/A], 95
2026/09/11 07:48:53.542, 0, GPU-87701dfa-9023-3c38-a5e1-c4df5064cf56, P0, 86, 1995, 8001, 86.03, [N/A], 95
2026/09/11 07:48:53.749, 0, GPU-87701dfa-9023-3c38-a5e1-c4df5064cf56, P0, 86, 2325, 8001, 93.07, [N/A], 95
2026/09/11 07:48:53.955, 0, GPU-87701dfa-9023-3c38-a5e1-c4df5064cf56, P0, 86, 2325, 8001, 93.07, [N/A], 95
2026/09/11 07:48:54.162, 0, GPU-87701dfa-9023-3c38-a5e1-c4df5064cf56, P0, 89, 2115, 8001, 89.45, [N/A], 95
2026/09/11 07:48:54.368, 0, GPU-87701dfa-9023-3c38-a5e1-c4df5064cf56, P0, 89, 2115, 8001, 89.45, [N/A], 95
2026/09/11 07:48:54.589, 0, GPU-87701dfa-9023-3c38-a5e1-c4df5064cf56, P0, 89, 2115, 8001, 89.45, [N/A], 95
2026/09/11 07:48:54.810, 0, GPU-87701dfa-9023-3c38-a5e1-c4df5064cf56, P0, 80, 2490, 8001, 57.18, [N/A], 37
2026/09/11 07:48:55.033, 0, GPU-87701dfa-9023-3c38-a5e1-c4df5064cf56, P0, 80, 2490, 8001, 57.18, [N/A], 37
2026/09/11 07:48:55.256, 0, GPU-87701dfa-9023-3c38-a5e1-c4df5064cf56, P0, 79, 2490, 8001, 56.60, [N/A], 36
2026/09/11 07:48:55.478, 0, GPU-87701dfa-9023-3c38-a5e1-c4df5064cf56, P0, 79, 2490, 8001, 56.60, [N/A], 36
2026/09/11 07:48:55.685, 0, GPU-87701dfa-9023-3c38-a5e1-c4df5064cf56, P0, 76, 2490, 8001, 56.10, [N/A], 36
2026/09/11 07:48:55.890, 0, GPU-87701dfa-9023-3c38-a5e1-c4df5064cf56, P0, 76, 2490, 8001, 56.10, [N/A], 36
2026/09/11 07:48:56.094, 0, GPU-87701dfa-9023-3c38-a5e1-c4df5064cf56, P0, 72, 1845, 8001, 23.41, [N/A], 0
2026/09/11 07:48:56.301, 0, GPU-87701dfa-9023-3c38-a5e1-c4df5064cf56, P0, 72, 1845, 8001, 23.41, [N/A], 0
2026/09/11 07:48:56.508, 0, GPU-87701dfa-9023-3c38-a5e1-c4df5064cf56, P0, 72, 1845, 8001, 23.41, [N/A], 0
2026/09/11 07:48:56.714, 0, GPU-87701dfa-9023-3c38-a5e1-c4df5064cf56, P0, 70, 1575, 8001, 15.19, [N/A], 4
2026/09/11 07:48:56.921, 0, GPU-87701dfa-9023-3c38-a5e1-c4df5064cf56, P0, 70, 1575, 8001, 15.19, [N/A], 4
2026/09/11 07:48:57.128, 0, GPU-87701dfa-9023-3c38-a5e1-c4df5064cf56, P0, 74, 2070, 8001, 39.44, [N/A], 43
2026/09/11 07:48:57.335, 0, GPU-87701dfa-9023-3c38-a5e1-c4df5064cf56, P0, 74, 2070, 8001, 39.44, [N/A], 43
2026/09/11 07:48:57.542, 0, GPU-87701dfa-9023-3c38-a5e1-c4df5064cf56, P0, 74, 2070, 8001, 39.44, [N/A], 43
2026/09/11 07:48:57.748, 0, GPU-87701dfa-9023-3c38-a5e1-c4df5064cf56, P0, 75, 2175, 8001, 44.60, [N/A], 41
2026/09/11 07:48:57.954, 0, GPU-87701dfa-9023-3c38-a5e1-c4df5064cf56, P0, 75, 2175, 8001, 44.60, [N/A], 41
2026/09/11 07:48:58.161, 0, GPU-87701dfa-9023-3c38-a5e1-c4df5064cf56, P0, 79, 2205, 8001, 45.76, [N/A], 40
2026/09/11 07:48:58.384, 0, GPU-87701dfa-9023-3c38-a5e1-c4df5064cf56, P0, 79, 2205, 8001, 45.76, [N/A], 40
2026/09/11 07:48:58.590, 0, GPU-87701dfa-9023-3c38-a5e1-c4df5064cf56, P0, 79, 2205, 8001, 45.76, [N/A], 40
2026/09/11 07:48:58.798, 0, GPU-87701dfa-9023-3c38-a5e1-c4df5064cf56, P0, 72, 2490, 8001, 23.25, [N/A], 9
2026/09/11 07:48:59.004, 0, GPU-87701dfa-9023-3c38-a5e1-c4df5064cf56, P0, 72, 2490, 8001, 23.25, [N/A], 9
2026/09/11 07:48:59.211, 0, GPU-87701dfa-9023-3c38-a5e1-c4df5064cf56, P0, 84, 2370, 8001, 101.05, [N/A], 99
2026/09/11 07:48:59.417, 0, GPU-87701dfa-9023-3c38-a5e1-c4df5064cf56, P0, 84, 2370, 8001, 101.05, [N/A], 99
2026/09/11 07:48:59.623, 0, GPU-87701dfa-9023-3c38-a5e1-c4df5064cf56, P0, 86, 2190, 8001, 107.26, [N/A], 94
2026/09/11 07:48:59.830, 0, GPU-87701dfa-9023-3c38-a5e1-c4df5064cf56, P0, 86, 2190, 8001, 107.26, [N/A], 94
2026/09/11 07:49:00.036, 0, GPU-87701dfa-9023-3c38-a5e1-c4df5064cf56, P0, 86, 2190, 8001, 107.26, [N/A], 94
2026/09/11 07:49:00.239, 0, GPU-87701dfa-9023-3c38-a5e1-c4df5064cf56, P0, 90, 2235, 8001, 110.82, [N/A], 94
2026/09/11 07:49:00.444, 0, GPU-87701dfa-9023-3c38-a5e1-c4df5064cf56, P0, 90, 2235, 8001, 110.82, [N/A], 94
2026/09/11 07:49:00.650, 0, GPU-87701dfa-9023-3c38-a5e1-c4df5064cf56, P0, 86, 2010, 8001, 96.09, [N/A], 100
2026/09/11 07:49:00.858, 0, GPU-87701dfa-9023-3c38-a5e1-c4df5064cf56, P0, 86, 2010, 8001, 96.09, [N/A], 100
2026/09/11 07:49:01.063, 0, GPU-87701dfa-9023-3c38-a5e1-c4df5064cf56, P0, 86, 2010, 8001, 96.09, [N/A], 100
2026/09/11 07:49:01.271, 0, GPU-87701dfa-9023-3c38-a5e1-c4df5064cf56, P0, 88, 2160, 8001, 93.30, [N/A], 94
2026/09/11 07:49:01.477, 0, GPU-87701dfa-9023-3c38-a5e1-c4df5064cf56, P0, 88, 2160, 8001, 93.30, [N/A], 94
2026/09/11 07:49:01.699, 0, GPU-87701dfa-9023-3c38-a5e1-c4df5064cf56, P0, 87, 2100, 8001, 104.52, [N/A], 94
2026/09/11 07:49:01.906, 0, GPU-87701dfa-9023-3c38-a5e1-c4df5064cf56, P0, 87, 2100, 8001, 104.52, [N/A], 94
2026/09/11 07:49:02.112, 0, GPU-87701dfa-9023-3c38-a5e1-c4df5064cf56, P0, 85, 2160, 8001, 101.53, [N/A], 99
2026/09/11 07:49:02.319, 0, GPU-87701dfa-9023-3c38-a5e1-c4df5064cf56, P0, 85, 2160, 8001, 101.53, [N/A], 99
2026/09/11 07:49:02.525, 0, GPU-87701dfa-9023-3c38-a5e1-c4df5064cf56, P0, 85, 2160, 8001, 101.53, [N/A], 99
2026/09/11 07:49:02.728, 0, GPU-87701dfa-9023-3c38-a5e1-c4df5064cf56, P0, 88, 2460, 8001, 80.51, [N/A], 94
2026/09/11 07:49:02.933, 0, GPU-87701dfa-9023-3c38-a5e1-c4df5064cf56, P0, 88, 2460, 8001, 80.51, [N/A], 94
2026/09/11 07:49:03.139, 0, GPU-87701dfa-9023-3c38-a5e1-c4df5064cf56, P0, 84, 1740, 8001, 98.34, [N/A], 94
2026/09/11 07:49:03.361, 0, GPU-87701dfa-9023-3c38-a5e1-c4df5064cf56, P0, 84, 1740, 8001, 98.34, [N/A], 94
2026/09/11 07:49:03.566, 0, GPU-87701dfa-9023-3c38-a5e1-c4df5064cf56, P0, 84, 1740, 8001, 98.34, [N/A], 94
2026/09/11 07:49:03.774, 0, GPU-87701dfa-9023-3c38-a5e1-c4df5064cf56, P0, 80, 2490, 8001, 58.44, [N/A], 38
2026/09/11 07:49:03.982, 0, GPU-87701dfa-9023-3c38-a5e1-c4df5064cf56, P0, 80, 2490, 8001, 58.44, [N/A], 38
2026/09/11 07:49:04.190, 0, GPU-87701dfa-9023-3c38-a5e1-c4df5064cf56, P0, 80, 2490, 8001, 58.14, [N/A], 38
2026/09/11 07:49:04.396, 0, GPU-87701dfa-9023-3c38-a5e1-c4df5064cf56, P0, 80, 2490, 8001, 58.14, [N/A], 38
2026/09/11 07:49:04.602, 0, GPU-87701dfa-9023-3c38-a5e1-c4df5064cf56, P0, 76, 2490, 8001, 48.46, [N/A], 28
2026/09/11 07:49:04.809, 0, GPU-87701dfa-9023-3c38-a5e1-c4df5064cf56, P0, 76, 2490, 8001, 48.46, [N/A], 28
2026/09/11 07:49:05.031, 0, GPU-87701dfa-9023-3c38-a5e1-c4df5064cf56, P0, 76, 2490, 8001, 48.46, [N/A], 28
2026/09/11 07:49:05.253, 0, GPU-87701dfa-9023-3c38-a5e1-c4df5064cf56, P0, 72, 1905, 8001, 23.62, [N/A], 0
2026/09/11 07:49:05.458, 0, GPU-87701dfa-9023-3c38-a5e1-c4df5064cf56, P0, 72, 1905, 8001, 23.62, [N/A], 0
2026/09/11 07:49:05.665, 0, GPU-87701dfa-9023-3c38-a5e1-c4df5064cf56, P0, 71, 1620, 8001, 15.77, [N/A], 6
2026/09/11 07:49:05.869, 0, GPU-87701dfa-9023-3c38-a5e1-c4df5064cf56, P0, 71, 1620, 8001, 15.77, [N/A], 6
2026/09/11 07:49:06.074, 0, GPU-87701dfa-9023-3c38-a5e1-c4df5064cf56, P0, 71, 1620, 8001, 15.77, [N/A], 6
2026/09/11 07:49:06.279, 0, GPU-87701dfa-9023-3c38-a5e1-c4df5064cf56, P3, 74, 2100, 7001, 36.03, [N/A], 37
2026/09/11 07:49:06.483, 0, GPU-87701dfa-9023-3c38-a5e1-c4df5064cf56, P3, 74, 2100, 7001, 36.03, [N/A], 37
2026/09/11 07:49:06.690, 0, GPU-87701dfa-9023-3c38-a5e1-c4df5064cf56, P0, 76, 2190, 8001, 45.54, [N/A], 40
2026/09/11 07:49:06.898, 0, GPU-87701dfa-9023-3c38-a5e1-c4df5064cf56, P0, 76, 2190, 8001, 45.54, [N/A], 40
2026/09/11 07:49:07.103, 0, GPU-87701dfa-9023-3c38-a5e1-c4df5064cf56, P0, 78, 2190, 8001, 42.61, [N/A], 35
2026/09/11 07:49:07.310, 0, GPU-87701dfa-9023-3c38-a5e1-c4df5064cf56, P0, 78, 2190, 8001, 42.61, [N/A], 35
2026/09/11 07:49:07.517, 0, GPU-87701dfa-9023-3c38-a5e1-c4df5064cf56, P0, 78, 2190, 8001, 42.61, [N/A], 35
2026/09/11 07:49:07.724, 0, GPU-87701dfa-9023-3c38-a5e1-c4df5064cf56, P0, 73, 2490, 8001, 23.91, [N/A], 4
2026/09/11 07:49:07.931, 0, GPU-87701dfa-9023-3c38-a5e1-c4df5064cf56, P0, 73, 2490, 8001, 23.91, [N/A], 4
2026/09/11 07:49:08.139, 0, GPU-87701dfa-9023-3c38-a5e1-c4df5064cf56, P0, 90, 2280, 8001, 109.52, [N/A], 100
2026/09/11 07:49:08.347, 0, GPU-87701dfa-9023-3c38-a5e1-c4df5064cf56, P0, 90, 2280, 8001, 109.52, [N/A], 100
2026/09/11 07:49:08.553, 0, GPU-87701dfa-9023-3c38-a5e1-c4df5064cf56, P0, 90, 2280, 8001, 109.52, [N/A], 100
2026/09/11 07:49:08.760, 0, GPU-87701dfa-9023-3c38-a5e1-c4df5064cf56, P0, 85, 2040, 8001, 83.49, [N/A], 94
2026/09/11 07:49:08.968, 0, GPU-87701dfa-9023-3c38-a5e1-c4df5064cf56, P0, 85, 2040, 8001, 83.49, [N/A], 94
2026/09/11 07:49:09.173, 0, GPU-87701dfa-9023-3c38-a5e1-c4df5064cf56, P0, 86, 2055, 8001, 91.37, [N/A], 100
2026/09/11 07:49:09.380, 0, GPU-87701dfa-9023-3c38-a5e1-c4df5064cf56, P0, 86, 2055, 8001, 91.37, [N/A], 100
2026/09/11 07:49:09.586, 0, GPU-87701dfa-9023-3c38-a5e1-c4df5064cf56, P0, 86, 2055, 8001, 91.37, [N/A], 100
2026/09/11 07:49:09.793, 0, GPU-87701dfa-9023-3c38-a5e1-c4df5064cf56, P0, 84, 1650, 8001, 96.57, [N/A], 95
2026/09/11 07:49:09.999, 0, GPU-87701dfa-9023-3c38-a5e1-c4df5064cf56, P0, 84, 1650, 8001, 96.57, [N/A], 95
2026/09/11 07:49:10.205, 0, GPU-87701dfa-9023-3c38-a5e1-c4df5064cf56, P0, 89, 2160, 8001, 109.89, [N/A], 100
2026/09/11 07:49:10.410, 0, GPU-87701dfa-9023-3c38-a5e1-c4df5064cf56, P0, 89, 2160, 8001, 109.89, [N/A], 100
2026/09/11 07:49:10.617, 0, GPU-87701dfa-9023-3c38-a5e1-c4df5064cf56, P0, 87, 1965, 8001, 87.44, [N/A], 95
2026/09/11 07:49:10.824, 0, GPU-87701dfa-9023-3c38-a5e1-c4df5064cf56, P0, 87, 1965, 8001, 87.44, [N/A], 95
2026/09/11 07:49:11.031, 0, GPU-87701dfa-9023-3c38-a5e1-c4df5064cf56, P0, 87, 1965, 8001, 87.44, [N/A], 95
2026/09/11 07:49:11.239, 0, GPU-87701dfa-9023-3c38-a5e1-c4df5064cf56, P0, 86, 2280, 8001, 95.60, [N/A], 95
2026/09/11 07:49:11.445, 0, GPU-87701dfa-9023-3c38-a5e1-c4df5064cf56, P0, 86, 2280, 8001, 95.60, [N/A], 95
2026/09/11 07:49:11.652, 0, GPU-87701dfa-9023-3c38-a5e1-c4df5064cf56, P0, 88, 2040, 8001, 91.69, [N/A], 95
2026/09/11 07:49:11.859, 0, GPU-87701dfa-9023-3c38-a5e1-c4df5064cf56, P0, 88, 2040, 8001, 91.69, [N/A], 95
2026/09/11 07:49:12.065, 0, GPU-87701dfa-9023-3c38-a5e1-c4df5064cf56, P0, 88, 2040, 8001, 91.69, [N/A], 95
2026/09/11 07:49:12.302, 0, GPU-87701dfa-9023-3c38-a5e1-c4df5064cf56, P0, 82, 2490, 8001, 53.56, [N/A], 56
2026/09/11 07:49:12.508, 0, GPU-87701dfa-9023-3c38-a5e1-c4df5064cf56, P0, 82, 2490, 8001, 53.56, [N/A], 56
2026/09/11 07:49:12.715, 0, GPU-87701dfa-9023-3c38-a5e1-c4df5064cf56, P0, 80, 2490, 8001, 57.94, [N/A], 38
2026/09/11 07:49:12.921, 0, GPU-87701dfa-9023-3c38-a5e1-c4df5064cf56, P0, 80, 2490, 8001, 57.94, [N/A], 38
2026/09/11 07:49:13.128, 0, GPU-87701dfa-9023-3c38-a5e1-c4df5064cf56, P0, 80, 2490, 8001, 57.32, [N/A], 37
2026/09/11 07:49:13.335, 0, GPU-87701dfa-9023-3c38-a5e1-c4df5064cf56, P0, 80, 2490, 8001, 57.32, [N/A], 37
2026/09/11 07:49:13.542, 0, GPU-87701dfa-9023-3c38-a5e1-c4df5064cf56, P0, 80, 2490, 8001, 57.32, [N/A], 37
2026/09/11 07:49:13.748, 0, GPU-87701dfa-9023-3c38-a5e1-c4df5064cf56, P0, 74, 2490, 8001, 24.82, [N/A], 0
2026/09/11 07:49:13.953, 0, GPU-87701dfa-9023-3c38-a5e1-c4df5064cf56, P0, 74, 2490, 8001, 24.82, [N/A], 0
2026/09/11 07:49:14.160, 0, GPU-87701dfa-9023-3c38-a5e1-c4df5064cf56, P0, 72, 1710, 8001, 16.85, [N/A], 0
2026/09/11 07:49:14.416, 0, GPU-87701dfa-9023-3c38-a5e1-c4df5064cf56, P0, 72, 1710, 8001, 16.85, [N/A], 0
2026/09/11 07:49:14.622, 0, GPU-87701dfa-9023-3c38-a5e1-c4df5064cf56, P0, 73, 1470, 8001, 18.22, [N/A], 38
2026/09/11 07:49:14.827, 0, GPU-87701dfa-9023-3c38-a5e1-c4df5064cf56, P0, 73, 1470, 8001, 18.22, [N/A], 38
2026/09/11 07:49:15.032, 0, GPU-87701dfa-9023-3c38-a5e1-c4df5064cf56, P0, 73, 1470, 8001, 18.22, [N/A], 38
2026/09/11 07:49:15.239, 0, GPU-87701dfa-9023-3c38-a5e1-c4df5064cf56, P0, 75, 2055, 8001, 28.47, [N/A], 46
2026/09/11 07:49:15.445, 0, GPU-87701dfa-9023-3c38-a5e1-c4df5064cf56, P0, 75, 2055, 8001, 28.47, [N/A], 46
2026/09/11 07:49:15.652, 0, GPU-87701dfa-9023-3c38-a5e1-c4df5064cf56, P0, 76, 2490, 8001, 29.00, [N/A], 0
2026/09/11 07:49:15.855, 0, GPU-87701dfa-9023-3c38-a5e1-c4df5064cf56, P0, 76, 2490, 8001, 29.00, [N/A], 0
2026/09/11 07:49:16.061, 0, GPU-87701dfa-9023-3c38-a5e1-c4df5064cf56, P0, 76, 2490, 8001, 29.00, [N/A], 0
2026/09/11 07:49:16.268, 0, GPU-87701dfa-9023-3c38-a5e1-c4df5064cf56, P0, 72, 2490, 8001, 23.25, [N/A], 0
2026/09/11 07:49:16.506, 0, GPU-87701dfa-9023-3c38-a5e1-c4df5064cf56, P0, 72, 2490, 8001, 23.25, [N/A], 0
2026/09/11 07:49:16.714, 0, GPU-87701dfa-9023-3c38-a5e1-c4df5064cf56, P0, 85, 2100, 8001, 98.91, [N/A], 100
2026/09/11 07:49:16.922, 0, GPU-87701dfa-9023-3c38-a5e1-c4df5064cf56, P0, 85, 2100, 8001, 98.91, [N/A], 100
2026/09/11 07:49:17.130, 0, GPU-87701dfa-9023-3c38-a5e1-c4df5064cf56, P0, 85, 2190, 8001, 94.67, [N/A], 100
2026/09/11 07:49:17.338, 0, GPU-87701dfa-9023-3c38-a5e1-c4df5064cf56, P0, 85, 2190, 8001, 94.67, [N/A], 100
2026/09/11 07:49:17.544, 0, GPU-87701dfa-9023-3c38-a5e1-c4df5064cf56, P0, 85, 2190, 8001, 94.67, [N/A], 100
2026/09/11 07:49:17.751, 0, GPU-87701dfa-9023-3c38-a5e1-c4df5064cf56, P0, 88, 2040, 8001, 105.32, [N/A], 94
2026/09/11 07:49:17.959, 0, GPU-87701dfa-9023-3c38-a5e1-c4df5064cf56, P0, 88, 2040, 8001, 105.32, [N/A], 94
2026/09/11 07:49:18.181, 0, GPU-87701dfa-9023-3c38-a5e1-c4df5064cf56, P0, 87, 2145, 8001, 97.68, [N/A], 94
2026/09/11 07:49:18.389, 0, GPU-87701dfa-9023-3c38-a5e1-c4df5064cf56, P0, 87, 2145, 8001, 97.68, [N/A], 94
2026/09/11 07:49:18.596, 0, GPU-87701dfa-9023-3c38-a5e1-c4df5064cf56, P0, 87, 1890, 8001, 89.72, [N/A], 95
2026/09/11 07:49:18.803, 0, GPU-87701dfa-9023-3c38-a5e1-c4df5064cf56, P0, 87, 1890, 8001, 89.72, [N/A], 95
2026/09/11 07:49:19.009, 0, GPU-87701dfa-9023-3c38-a5e1-c4df5064cf56, P0, 87, 1890, 8001, 89.72, [N/A], 95
2026/09/11 07:49:19.215, 0, GPU-87701dfa-9023-3c38-a5e1-c4df5064cf56, P0, 86, 2115, 8001, 99.52, [N/A], 95
2026/09/11 07:49:19.422, 0, GPU-87701dfa-9023-3c38-a5e1-c4df5064cf56, P0, 86, 2115, 8001, 99.52, [N/A], 95
2026/09/11 07:49:19.630, 0, GPU-87701dfa-9023-3c38-a5e1-c4df5064cf56, P0, 82, 2130, 8001, 75.41, [N/A], 100
2026/09/11 07:49:19.836, 0, GPU-87701dfa-9023-3c38-a5e1-c4df5064cf56, P0, 82, 2130, 8001, 75.41, [N/A], 100
2026/09/11 07:49:20.042, 0, GPU-87701dfa-9023-3c38-a5e1-c4df5064cf56, P0, 82, 2130, 8001, 75.41, [N/A], 100
2026/09/11 07:49:20.250, 0, GPU-87701dfa-9023-3c38-a5e1-c4df5064cf56, P0, 87, 1920, 8001, 83.54, [N/A], 95
2026/09/11 07:49:20.455, 0, GPU-87701dfa-9023-3c38-a5e1-c4df5064cf56, P0, 87, 1920, 8001, 83.54, [N/A], 95
2026/09/11 07:49:20.663, 0, GPU-87701dfa-9023-3c38-a5e1-c4df5064cf56, P0, 81, 2490, 8001, 57.53, [N/A], 36
2026/09/11 07:49:20.870, 0, GPU-87701dfa-9023-3c38-a5e1-c4df5064cf56, P0, 81, 2490, 8001, 57.53, [N/A], 36
2026/09/11 07:49:21.075, 0, GPU-87701dfa-9023-3c38-a5e1-c4df5064cf56, P0, 81, 2490, 8001, 57.53, [N/A], 36
2026/09/11 07:49:21.283, 0, GPU-87701dfa-9023-3c38-a5e1-c4df5064cf56, P0, 80, 2490, 8001, 56.91, [N/A], 36
2026/09/11 07:49:21.489, 0, GPU-87701dfa-9023-3c38-a5e1-c4df5064cf56, P0, 80, 2490, 8001, 56.91, [N/A], 36
2026/09/11 07:49:21.696, 0, GPU-87701dfa-9023-3c38-a5e1-c4df5064cf56, P0, 74, 2490, 8001, 27.43, [N/A], 0
2026/09/11 07:49:21.902, 0, GPU-87701dfa-9023-3c38-a5e1-c4df5064cf56, P0, 74, 2490, 8001, 27.43, [N/A], 0
2026/09/11 07:49:22.110, 0, GPU-87701dfa-9023-3c38-a5e1-c4df5064cf56, P0, 73, 2490, 8001, 24.11, [N/A], 13
2026/09/11 07:49:22.315, 0, GPU-87701dfa-9023-3c38-a5e1-c4df5064cf56, P0, 73, 2490, 8001, 24.11, [N/A], 13
2026/09/11 07:49:22.523, 0, GPU-87701dfa-9023-3c38-a5e1-c4df5064cf56, P0, 73, 2490, 8001, 24.11, [N/A], 13
2026/09/11 07:49:22.729, 0, GPU-87701dfa-9023-3c38-a5e1-c4df5064cf56, P0, 74, 1635, 8001, 27.75, [N/A], 55
2026/09/11 07:49:22.935, 0, GPU-87701dfa-9023-3c38-a5e1-c4df5064cf56, P0, 74, 1635, 8001, 27.75, [N/A], 55
2026/09/11 07:49:23.155, 0, GPU-87701dfa-9023-3c38-a5e1-c4df5064cf56, P0, 76, 2190, 8001, 44.57, [N/A], 41
2026/09/11 07:49:23.361, 0, GPU-87701dfa-9023-3c38-a5e1-c4df5064cf56, P0, 76, 2190, 8001, 44.57, [N/A], 41
2026/09/11 07:49:23.567, 0, GPU-87701dfa-9023-3c38-a5e1-c4df5064cf56, P0, 76, 2190, 8001, 44.57, [N/A], 41
2026/09/11 07:49:23.775, 0, GPU-87701dfa-9023-3c38-a5e1-c4df5064cf56, P0, 73, 2490, 8001, 50.10, [N/A], 0
2026/09/11 07:49:23.981, 0, GPU-87701dfa-9023-3c38-a5e1-c4df5064cf56, P0, 73, 2490, 8001, 50.10, [N/A], 0
2026/09/11 07:49:24.185, 0, GPU-87701dfa-9023-3c38-a5e1-c4df5064cf56, P0, 87, 2415, 8001, 110.82, [N/A], 94
2026/09/11 07:49:24.391, 0, GPU-87701dfa-9023-3c38-a5e1-c4df5064cf56, P0, 87, 2415, 8001, 110.82, [N/A], 94
2026/09/11 07:49:24.596, 0, GPU-87701dfa-9023-3c38-a5e1-c4df5064cf56, P0, 89, 2415, 8001, 109.23, [N/A], 94
2026/09/11 07:49:24.863, 0, GPU-87701dfa-9023-3c38-a5e1-c4df5064cf56, P0, 89, 2415, 8001, 109.23, [N/A], 94
2026/09/11 07:49:25.071, 0, GPU-87701dfa-9023-3c38-a5e1-c4df5064cf56, P0, 89, 2415, 8001, 109.23, [N/A], 94
2026/09/11 07:49:25.278, 0, GPU-87701dfa-9023-3c38-a5e1-c4df5064cf56, P0, 86, 1965, 8001, 85.60, [N/A], 100
2026/09/11 07:49:25.484, 0, GPU-87701dfa-9023-3c38-a5e1-c4df5064cf56, P0, 86, 1965, 8001, 85.60, [N/A], 100
2026/09/11 07:49:25.689, 0, GPU-87701dfa-9023-3c38-a5e1-c4df5064cf56, P0, 88, 2190, 8001, 90.31, [N/A], 94
2026/09/11 07:49:25.893, 0, GPU-87701dfa-9023-3c38-a5e1-c4df5064cf56, P0, 88, 2190, 8001, 90.31, [N/A], 94
2026/09/11 07:49:26.099, 0, GPU-87701dfa-9023-3c38-a5e1-c4df5064cf56, P0, 88, 2250, 8001, 93.36, [N/A], 94
2026/09/11 07:49:26.305, 0, GPU-87701dfa-9023-3c38-a5e1-c4df5064cf56, P0, 88, 2250, 8001, 93.36, [N/A], 94
2026/09/11 07:49:26.511, 0, GPU-87701dfa-9023-3c38-a5e1-c4df5064cf56, P0, 88, 2250, 8001, 93.36, [N/A], 94
2026/09/11 07:49:26.716, 0, GPU-87701dfa-9023-3c38-a5e1-c4df5064cf56, P0, 84, 2100, 8001, 88.90, [N/A], 99
2026/09/11 07:49:26.923, 0, GPU-87701dfa-9023-3c38-a5e1-c4df5064cf56, P0, 84, 2100, 8001, 88.90, [N/A], 99
2026/09/11 07:49:27.129, 0, GPU-87701dfa-9023-3c38-a5e1-c4df5064cf56, P0, 89, 2115, 8001, 87.39, [N/A], 95
2026/09/11 07:49:27.336, 0, GPU-87701dfa-9023-3c38-a5e1-c4df5064cf56, P0, 89, 2115, 8001, 87.39, [N/A], 95
2026/09/11 07:49:27.541, 0, GPU-87701dfa-9023-3c38-a5e1-c4df5064cf56, P0, 89, 2115, 8001, 87.39, [N/A], 95
2026/09/11 07:49:27.749, 0, GPU-87701dfa-9023-3c38-a5e1-c4df5064cf56, P0, 87, 2100, 8001, 88.17, [N/A], 95
2026/09/11 07:49:27.957, 0, GPU-87701dfa-9023-3c38-a5e1-c4df5064cf56, P0, 87, 2100, 8001, 88.17, [N/A], 95
2026/09/11 07:49:28.164, 0, GPU-87701dfa-9023-3c38-a5e1-c4df5064cf56, P0, 87, 2130, 8001, 91.38, [N/A], 99
2026/09/11 07:49:28.370, 0, GPU-87701dfa-9023-3c38-a5e1-c4df5064cf56, P0, 87, 2130, 8001, 91.38, [N/A], 99
2026/09/11 07:49:28.591, 0, GPU-87701dfa-9023-3c38-a5e1-c4df5064cf56, P0, 87, 2130, 8001, 91.38, [N/A], 99
2026/09/11 07:49:28.799, 0, GPU-87701dfa-9023-3c38-a5e1-c4df5064cf56, P0, 80, 2295, 8001, 51.22, [N/A], 40
2026/09/11 07:49:29.004, 0, GPU-87701dfa-9023-3c38-a5e1-c4df5064cf56, P0, 80, 2295, 8001, 51.22, [N/A], 40
2026/09/11 07:49:29.210, 0, GPU-87701dfa-9023-3c38-a5e1-c4df5064cf56, P0, 79, 2370, 8001, 51.87, [N/A], 40
2026/09/11 07:49:29.413, 0, GPU-87701dfa-9023-3c38-a5e1-c4df5064cf56, P0, 79, 2370, 8001, 51.87, [N/A], 40
2026/09/11 07:49:29.621, 0, GPU-87701dfa-9023-3c38-a5e1-c4df5064cf56, P0, 73, 2370, 8001, 25.09, [N/A], 0
2026/09/11 07:49:29.828, 0, GPU-87701dfa-9023-3c38-a5e1-c4df5064cf56, P0, 73, 2370, 8001, 25.09, [N/A], 0
2026/09/11 07:49:30.035, 0, GPU-87701dfa-9023-3c38-a5e1-c4df5064cf56, P0, 73, 2370, 8001, 25.09, [N/A], 0
2026/09/11 07:49:30.241, 0, GPU-87701dfa-9023-3c38-a5e1-c4df5064cf56, P0, 73, 2370, 8001, 22.20, [N/A], 5
2026/09/11 07:49:30.446, 0, GPU-87701dfa-9023-3c38-a5e1-c4df5064cf56, P0, 73, 2370, 8001, 22.20, [N/A], 5
2026/09/11 07:49:30.654, 0, GPU-87701dfa-9023-3c38-a5e1-c4df5064cf56, P0, 77, 2370, 8001, 50.88, [N/A], 30
2026/09/11 07:49:30.862, 0, GPU-87701dfa-9023-3c38-a5e1-c4df5064cf56, P0, 77, 2370, 8001, 50.88, [N/A], 30
2026/09/11 07:49:31.069, 0, GPU-87701dfa-9023-3c38-a5e1-c4df5064cf56, P0, 77, 2370, 8001, 50.88, [N/A], 30
2026/09/11 07:49:31.276, 0, GPU-87701dfa-9023-3c38-a5e1-c4df5064cf56, P0, 77, 2205, 8001, 46.56, [N/A], 39
2026/09/11 07:49:31.482, 0, GPU-87701dfa-9023-3c38-a5e1-c4df5064cf56, P0, 77, 2205, 8001, 46.56, [N/A], 39
2026/09/11 07:49:31.688, 0, GPU-87701dfa-9023-3c38-a5e1-c4df5064cf56, P0, 74, 2490, 8001, 33.67, [N/A], 5
2026/09/11 07:49:31.895, 0, GPU-87701dfa-9023-3c38-a5e1-c4df5064cf56, P0, 74, 2490, 8001, 33.67, [N/A], 5
2026/09/11 07:49:32.102, 0, GPU-87701dfa-9023-3c38-a5e1-c4df5064cf56, P0, 88, 2265, 8001, 94.89, [N/A], 95
2026/09/11 07:49:32.310, 0, GPU-87701dfa-9023-3c38-a5e1-c4df5064cf56, P0, 88, 2265, 8001, 94.89, [N/A], 95
2026/09/11 07:49:32.517, 0, GPU-87701dfa-9023-3c38-a5e1-c4df5064cf56, P0, 88, 2265, 8001, 94.89, [N/A], 95
2026/09/11 07:49:32.724, 0, GPU-87701dfa-9023-3c38-a5e1-c4df5064cf56, P0, 85, 1905, 8001, 98.26, [N/A], 100
2026/09/11 07:49:32.930, 0, GPU-87701dfa-9023-3c38-a5e1-c4df5064cf56, P0, 85, 1905, 8001, 98.26, [N/A], 100
2026/09/11 07:49:33.138, 0, GPU-87701dfa-9023-3c38-a5e1-c4df5064cf56, P0, 89, 2190, 8001, 102.53, [N/A], 94
2026/09/11 07:49:33.344, 0, GPU-87701dfa-9023-3c38-a5e1-c4df5064cf56, P0, 89, 2190, 8001, 102.53, [N/A], 94
2026/09/11 07:49:33.550, 0, GPU-87701dfa-9023-3c38-a5e1-c4df5064cf56, P0, 89, 2190, 8001, 102.53, [N/A], 94
2026/09/11 07:49:33.757, 0, GPU-87701dfa-9023-3c38-a5e1-c4df5064cf56, P0, 84, 1980, 8001, 71.37, [N/A], 99
2026/09/11 07:49:33.964, 0, GPU-87701dfa-9023-3c38-a5e1-c4df5064cf56, P0, 84, 1980, 8001, 71.37, [N/A], 99
2026/09/11 07:49:34.171, 0, GPU-87701dfa-9023-3c38-a5e1-c4df5064cf56, P0, 87, 1935, 8001, 88.63, [N/A], 99
2026/09/11 07:49:34.379, 0, GPU-87701dfa-9023-3c38-a5e1-c4df5064cf56, P0, 87, 1935, 8001, 88.63, [N/A], 99
2026/09/11 07:49:34.602, 0, GPU-87701dfa-9023-3c38-a5e1-c4df5064cf56, P0, 87, 2160, 8001, 89.90, [N/A], 94
2026/09/11 07:49:34.825, 0, GPU-87701dfa-9023-3c38-a5e1-c4df5064cf56, P0, 87, 2160, 8001, 89.90, [N/A], 94
2026/09/11 07:49:35.032, 0, GPU-87701dfa-9023-3c38-a5e1-c4df5064cf56, P0, 87, 2160, 8001, 89.90, [N/A], 94
2026/09/11 07:49:35.240, 0, GPU-87701dfa-9023-3c38-a5e1-c4df5064cf56, P0, 85, 2085, 8001, 91.57, [N/A], 100
2026/09/11 07:49:35.448, 0, GPU-87701dfa-9023-3c38-a5e1-c4df5064cf56, P0, 85, 2085, 8001, 91.57, [N/A], 100
2026/09/11 07:49:35.654, 0, GPU-87701dfa-9023-3c38-a5e1-c4df5064cf56, P0, 92, 2130, 8001, 116.09, [N/A], 95
2026/09/11 07:49:35.862, 0, GPU-87701dfa-9023-3c38-a5e1-c4df5064cf56, P0, 92, 2130, 8001, 116.09, [N/A], 95
2026/09/11 07:49:36.068, 0, GPU-87701dfa-9023-3c38-a5e1-c4df5064cf56, P0, 92, 2130, 8001, 116.09, [N/A], 95
2026/09/11 07:49:36.324, 0, GPU-87701dfa-9023-3c38-a5e1-c4df5064cf56, P0, 85, 1830, 8001, 59.06, [N/A], 92
2026/09/11 07:49:36.530, 0, GPU-87701dfa-9023-3c38-a5e1-c4df5064cf56, P0, 85, 1830, 8001, 59.06, [N/A], 92
2026/09/11 07:49:36.737, 0, GPU-87701dfa-9023-3c38-a5e1-c4df5064cf56, P0, 81, 2490, 8001, 57.96, [N/A], 36
2026/09/11 07:49:36.945, 0, GPU-87701dfa-9023-3c38-a5e1-c4df5064cf56, P0, 81, 2490, 8001, 57.96, [N/A], 36
2026/09/11 07:49:37.153, 0, GPU-87701dfa-9023-3c38-a5e1-c4df5064cf56, P0, 77, 2490, 8001, 27.37, [N/A], 24
2026/09/11 07:49:37.360, 0, GPU-87701dfa-9023-3c38-a5e1-c4df5064cf56, P0, 77, 2490, 8001, 27.37, [N/A], 24
2026/09/11 07:49:37.566, 0, GPU-87701dfa-9023-3c38-a5e1-c4df5064cf56, P0, 77, 2490, 8001, 27.37, [N/A], 24
2026/09/11 07:49:37.773, 0, GPU-87701dfa-9023-3c38-a5e1-c4df5064cf56, P0, 74, 2490, 8001, 24.08, [N/A], 0
2026/09/11 07:49:37.978, 0, GPU-87701dfa-9023-3c38-a5e1-c4df5064cf56, P0, 74, 2490, 8001, 24.08, [N/A], 0
2026/09/11 07:49:38.186, 0, GPU-87701dfa-9023-3c38-a5e1-c4df5064cf56, P0, 73, 1365, 8001, 15.30, [N/A], 3
2026/09/11 07:49:38.394, 0, GPU-87701dfa-9023-3c38-a5e1-c4df5064cf56, P0, 73, 1365, 8001, 15.30, [N/A], 3
2026/09/11 07:49:38.600, 0, GPU-87701dfa-9023-3c38-a5e1-c4df5064cf56, P3, 75, 1815, 7001, 33.67, [N/A], 49
2026/09/11 07:49:38.808, 0, GPU-87701dfa-9023-3c38-a5e1-c4df5064cf56, P3, 75, 1815, 7001, 33.67, [N/A], 49
2026/09/11 07:49:39.014, 0, GPU-87701dfa-9023-3c38-a5e1-c4df5064cf56, P3, 75, 1815, 7001, 33.67, [N/A], 49
2026/09/11 07:49:39.219, 0, GPU-87701dfa-9023-3c38-a5e1-c4df5064cf56, P0, 82, 2190, 8001, 46.11, [N/A], 40
2026/09/11 07:49:39.426, 0, GPU-87701dfa-9023-3c38-a5e1-c4df5064cf56, P0, 82, 2190, 8001, 46.11, [N/A], 40
2026/09/11 07:49:39.633, 0, GPU-87701dfa-9023-3c38-a5e1-c4df5064cf56, P0, 73, 2490, 8001, 23.22, [N/A], 0
2026/09/11 07:49:39.838, 0, GPU-87701dfa-9023-3c38-a5e1-c4df5064cf56, P0, 73, 2490, 8001, 23.22, [N/A], 0
2026/09/11 07:49:40.044, 0, GPU-87701dfa-9023-3c38-a5e1-c4df5064cf56, P0, 73, 2490, 8001, 23.22, [N/A], 0
2026/09/11 07:49:40.251, 0, GPU-87701dfa-9023-3c38-a5e1-c4df5064cf56, P0, 91, 2130, 8001, 101.26, [N/A], 98
2026/09/11 07:49:40.456, 0, GPU-87701dfa-9023-3c38-a5e1-c4df5064cf56, P0, 91, 2130, 8001, 101.26, [N/A], 98
2026/09/11 07:49:40.661, 0, GPU-87701dfa-9023-3c38-a5e1-c4df5064cf56, P0, 86, 1860, 8001, 92.98, [N/A], 94
2026/09/11 07:49:40.868, 0, GPU-87701dfa-9023-3c38-a5e1-c4df5064cf56, P0, 86, 1860, 8001, 92.98, [N/A], 94
2026/09/11 07:49:41.074, 0, GPU-87701dfa-9023-3c38-a5e1-c4df5064cf56, P0, 86, 1860, 8001, 92.98, [N/A], 94
2026/09/11 07:49:41.281, 0, GPU-87701dfa-9023-3c38-a5e1-c4df5064cf56, P0, 86, 1995, 8001, 95.29, [N/A], 100
2026/09/11 07:49:41.486, 0, GPU-87701dfa-9023-3c38-a5e1-c4df5064cf56, P0, 86, 1995, 8001, 95.29, [N/A], 100
2026/09/11 07:49:41.691, 0, GPU-87701dfa-9023-3c38-a5e1-c4df5064cf56, P0, 87, 2025, 8001, 89.98, [N/A], 95
2026/09/11 07:49:41.899, 0, GPU-87701dfa-9023-3c38-a5e1-c4df5064cf56, P0, 87, 2025, 8001, 89.98, [N/A], 95
2026/09/11 07:49:42.106, 0, GPU-87701dfa-9023-3c38-a5e1-c4df5064cf56, P0, 90, 2040, 8001, 103.49, [N/A], 95
2026/09/11 07:49:42.312, 0, GPU-87701dfa-9023-3c38-a5e1-c4df5064cf56, P0, 90, 2040, 8001, 103.49, [N/A], 95
2026/09/11 07:49:42.516, 0, GPU-87701dfa-9023-3c38-a5e1-c4df5064cf56, P0, 90, 2040, 8001, 103.49, [N/A], 95
2026/09/11 07:49:42.722, 0, GPU-87701dfa-9023-3c38-a5e1-c4df5064cf56, P0, 86, 1875, 8001, 87.44, [N/A], 100
2026/09/11 07:49:42.945, 0, GPU-87701dfa-9023-3c38-a5e1-c4df5064cf56, P0, 86, 1875, 8001, 87.44, [N/A], 100
2026/09/11 07:49:43.152, 0, GPU-87701dfa-9023-3c38-a5e1-c4df5064cf56, P0, 89, 1905, 8001, 103.30, [N/A], 99
2026/09/11 07:49:43.359, 0, GPU-87701dfa-9023-3c38-a5e1-c4df5064cf56, P0, 89, 1905, 8001, 103.30, [N/A], 99
2026/09/11 07:49:43.567, 0, GPU-87701dfa-9023-3c38-a5e1-c4df5064cf56, P0, 89, 1905, 8001, 103.30, [N/A], 99
2026/09/11 07:49:43.774, 0, GPU-87701dfa-9023-3c38-a5e1-c4df5064cf56, P0, 89, 2355, 8001, 112.39, [N/A], 94
2026/09/11 07:49:43.979, 0, GPU-87701dfa-9023-3c38-a5e1-c4df5064cf56, P0, 89, 2355, 8001, 112.39, [N/A], 94
2026/09/11 07:49:44.185, 0, GPU-87701dfa-9023-3c38-a5e1-c4df5064cf56, P0, 82, 2475, 8001, 50.65, [N/A], 42
2026/09/11 07:49:44.391, 0, GPU-87701dfa-9023-3c38-a5e1-c4df5064cf56, P0, 82, 2475, 8001, 50.65, [N/A], 42
2026/09/11 07:49:44.597, 0, GPU-87701dfa-9023-3c38-a5e1-c4df5064cf56, P0, 81, 2490, 8001, 58.50, [N/A], 37
2026/09/11 07:49:44.801, 0, GPU-87701dfa-9023-3c38-a5e1-c4df5064cf56, P0, 81, 2490, 8001, 58.50, [N/A], 37
2026/09/11 07:49:45.008, 0, GPU-87701dfa-9023-3c38-a5e1-c4df5064cf56, P0, 81, 2490, 8001, 58.50, [N/A], 37
2026/09/11 07:49:45.216, 0, GPU-87701dfa-9023-3c38-a5e1-c4df5064cf56, P0, 76, 2490, 8001, 24.01, [N/A], 0
2026/09/11 07:49:45.419, 0, GPU-87701dfa-9023-3c38-a5e1-c4df5064cf56, P0, 76, 2490, 8001, 24.01, [N/A], 0
2026/09/11 07:49:45.625, 0, GPU-87701dfa-9023-3c38-a5e1-c4df5064cf56, P0, 74, 2490, 8001, 23.81, [N/A], 2
2026/09/11 07:49:45.833, 0, GPU-87701dfa-9023-3c38-a5e1-c4df5064cf56, P0, 74, 2490, 8001, 23.81, [N/A], 2
2026/09/11 07:49:46.038, 0, GPU-87701dfa-9023-3c38-a5e1-c4df5064cf56, P0, 74, 2490, 8001, 23.81, [N/A], 2
2026/09/11 07:49:46.242, 0, GPU-87701dfa-9023-3c38-a5e1-c4df5064cf56, P3, 73, 1380, 7001, 26.39, [N/A], 57
2026/09/11 07:49:46.446, 0, GPU-87701dfa-9023-3c38-a5e1-c4df5064cf56, P3, 73, 1380, 7001, 26.39, [N/A], 57
2026/09/11 07:49:46.652, 0, GPU-87701dfa-9023-3c38-a5e1-c4df5064cf56, P3, 76, 2055, 7001, 39.49, [N/A], 45
2026/09/11 07:49:46.859, 0, GPU-87701dfa-9023-3c38-a5e1-c4df5064cf56, P3, 76, 2055, 7001, 39.49, [N/A], 45
2026/09/11 07:49:47.064, 0, GPU-87701dfa-9023-3c38-a5e1-c4df5064cf56, P3, 76, 2055, 7001, 39.49, [N/A], 45
2026/09/11 07:49:47.288, 0, GPU-87701dfa-9023-3c38-a5e1-c4df5064cf56, P0, 79, 2475, 8001, 29.40, [N/A], 7
2026/09/11 07:49:47.495, 0, GPU-87701dfa-9023-3c38-a5e1-c4df5064cf56, P0, 79, 2475, 8001, 29.40, [N/A], 7
2026/09/11 07:49:47.700, 0, GPU-87701dfa-9023-3c38-a5e1-c4df5064cf56, P0, 73, 2370, 8001, 82.40, [N/A], 55
2026/09/11 07:49:47.905, 0, GPU-87701dfa-9023-3c38-a5e1-c4df5064cf56, P0, 73, 2370, 8001, 82.40, [N/A], 55
2026/09/11 07:49:48.112, 0, GPU-87701dfa-9023-3c38-a5e1-c4df5064cf56, P0, 90, 2130, 8001, 92.49, [N/A], 99
2026/09/11 07:49:48.317, 0, GPU-87701dfa-9023-3c38-a5e1-c4df5064cf56, P0, 90, 2130, 8001, 92.49, [N/A], 99
2026/09/11 07:49:48.524, 0, GPU-87701dfa-9023-3c38-a5e1-c4df5064cf56, P0, 90, 2130, 8001, 92.49, [N/A], 99
2026/09/11 07:49:48.731, 0, GPU-87701dfa-9023-3c38-a5e1-c4df5064cf56, P0, 87, 2220, 8001, 92.24, [N/A], 95
2026/09/11 07:49:48.936, 0, GPU-87701dfa-9023-3c38-a5e1-c4df5064cf56, P0, 87, 2220, 8001, 92.24, [N/A], 95
2026/09/11 07:49:49.144, 0, GPU-87701dfa-9023-3c38-a5e1-c4df5064cf56, P0, 88, 2025, 8001, 95.11, [N/A], 94
2026/09/11 07:49:49.349, 0, GPU-87701dfa-9023-3c38-a5e1-c4df5064cf56, P0, 88, 2025, 8001, 95.11, [N/A], 94
2026/09/11 07:49:49.555, 0, GPU-87701dfa-9023-3c38-a5e1-c4df5064cf56, P0, 88, 2025, 8001, 95.11, [N/A], 94
2026/09/11 07:49:49.762, 0, GPU-87701dfa-9023-3c38-a5e1-c4df5064cf56, P0, 88, 2040, 8001, 89.77, [N/A], 99
2026/09/11 07:49:49.968, 0, GPU-87701dfa-9023-3c38-a5e1-c4df5064cf56, P0, 88, 2040, 8001, 89.77, [N/A], 99
2026/09/11 07:49:50.174, 0, GPU-87701dfa-9023-3c38-a5e1-c4df5064cf56, P0, 86, 2010, 8001, 86.99, [N/A], 100
2026/09/11 07:49:50.382, 0, GPU-87701dfa-9023-3c38-a5e1-c4df5064cf56, P0, 86, 2010, 8001, 86.99, [N/A], 100
2026/09/11 07:49:50.605, 0, GPU-87701dfa-9023-3c38-a5e1-c4df5064cf56, P0, 87, 2100, 8001, 84.99, [N/A], 95
2026/09/11 07:49:50.824, 0, GPU-87701dfa-9023-3c38-a5e1-c4df5064cf56, P0, 87, 2100, 8001, 84.99, [N/A], 95
2026/09/11 07:49:51.032, 0, GPU-87701dfa-9023-3c38-a5e1-c4df5064cf56, P0, 87, 2100, 8001, 84.99, [N/A], 95
2026/09/11 07:49:51.239, 0, GPU-87701dfa-9023-3c38-a5e1-c4df5064cf56, P0, 92, 2205, 8001, 114.30, [N/A], 95
2026/09/11 07:49:51.443, 0, GPU-87701dfa-9023-3c38-a5e1-c4df5064cf56, P0, 92, 2205, 8001, 114.30, [N/A], 95
2026/09/11 07:49:51.649, 0, GPU-87701dfa-9023-3c38-a5e1-c4df5064cf56, P0, 88, 2040, 8001, 83.56, [N/A], 94
2026/09/11 07:49:51.856, 0, GPU-87701dfa-9023-3c38-a5e1-c4df5064cf56, P0, 88, 2040, 8001, 83.56, [N/A], 94
2026/09/11 07:49:52.062, 0, GPU-87701dfa-9023-3c38-a5e1-c4df5064cf56, P0, 88, 2040, 8001, 83.56, [N/A], 94
2026/09/11 07:49:52.269, 0, GPU-87701dfa-9023-3c38-a5e1-c4df5064cf56, P0, 83, 2490, 8001, 54.71, [N/A], 42
2026/09/11 07:49:52.475, 0, GPU-87701dfa-9023-3c38-a5e1-c4df5064cf56, P0, 83, 2490, 8001, 54.71, [N/A], 42
2026/09/11 07:49:52.683, 0, GPU-87701dfa-9023-3c38-a5e1-c4df5064cf56, P0, 81, 2490, 8001, 59.13, [N/A], 38
2026/09/11 07:49:52.890, 0, GPU-87701dfa-9023-3c38-a5e1-c4df5064cf56, P0, 81, 2490, 8001, 59.13, [N/A], 38
2026/09/11 07:49:53.096, 0, GPU-87701dfa-9023-3c38-a5e1-c4df5064cf56, P0, 76, 2490, 8001, 24.05, [N/A], 0
2026/09/11 07:49:53.303, 0, GPU-87701dfa-9023-3c38-a5e1-c4df5064cf56, P0, 76, 2490, 8001, 24.05, [N/A], 0
2026/09/11 07:49:53.510, 0, GPU-87701dfa-9023-3c38-a5e1-c4df5064cf56, P0, 76, 2490, 8001, 24.05, [N/A], 0
2026/09/11 07:49:53.716, 0, GPU-87701dfa-9023-3c38-a5e1-c4df5064cf56, P0, 74, 2490, 8001, 24.48, [N/A], 7
2026/09/11 07:49:53.923, 0, GPU-87701dfa-9023-3c38-a5e1-c4df5064cf56, P0, 74, 2490, 8001, 24.48, [N/A], 7
2026/09/11 07:49:54.128, 0, GPU-87701dfa-9023-3c38-a5e1-c4df5064cf56, P3, 74, 1380, 7001, 26.54, [N/A], 57
2026/09/11 07:49:54.334, 0, GPU-87701dfa-9023-3c38-a5e1-c4df5064cf56, P3, 74, 1380, 7001, 26.54, [N/A], 57
2026/09/11 07:49:54.540, 0, GPU-87701dfa-9023-3c38-a5e1-c4df5064cf56, P3, 74, 1380, 7001, 26.54, [N/A], 57
2026/09/11 07:49:54.744, 0, GPU-87701dfa-9023-3c38-a5e1-c4df5064cf56, P0, 76, 2010, 8001, 38.75, [N/A], 44
2026/09/11 07:49:54.948, 0, GPU-87701dfa-9023-3c38-a5e1-c4df5064cf56, P0, 76, 2010, 8001, 38.75, [N/A], 44
2026/09/11 07:49:55.155, 0, GPU-87701dfa-9023-3c38-a5e1-c4df5064cf56, P0, 77, 2490, 8001, 27.29, [N/A], 0
2026/09/11 07:49:55.378, 0, GPU-87701dfa-9023-3c38-a5e1-c4df5064cf56, P0, 77, 2490, 8001, 27.29, [N/A], 0
2026/09/11 07:49:55.582, 0, GPU-87701dfa-9023-3c38-a5e1-c4df5064cf56, P0, 77, 2490, 8001, 27.29, [N/A], 0
2026/09/11 07:49:55.789, 0, GPU-87701dfa-9023-3c38-a5e1-c4df5064cf56, P0, 74, 2250, 8001, 96.99, [N/A], 68
2026/09/11 07:49:55.994, 0, GPU-87701dfa-9023-3c38-a5e1-c4df5064cf56, P0, 74, 2250, 8001, 96.99, [N/A], 68
2026/09/11 07:49:56.197, 0, GPU-87701dfa-9023-3c38-a5e1-c4df5064cf56, P0, 88, 2145, 8001, 83.05, [N/A], 93
2026/09/11 07:49:56.404, 0, GPU-87701dfa-9023-3c38-a5e1-c4df5064cf56, P0, 88, 2145, 8001, 83.05, [N/A], 93
2026/09/11 07:49:56.609, 0, GPU-87701dfa-9023-3c38-a5e1-c4df5064cf56, P0, 88, 2145, 8001, 83.05, [N/A], 93
2026/09/11 07:49:56.832, 0, GPU-87701dfa-9023-3c38-a5e1-c4df5064cf56, P0, 86, 1860, 8001, 87.63, [N/A], 94
2026/09/11 07:49:57.036, 0, GPU-87701dfa-9023-3c38-a5e1-c4df5064cf56, P0, 86, 1860, 8001, 87.63, [N/A], 94
2026/09/11 07:49:57.244, 0, GPU-87701dfa-9023-3c38-a5e1-c4df5064cf56, P0, 88, 2070, 8001, 94.57, [N/A], 100
2026/09/11 07:49:57.450, 0, GPU-87701dfa-9023-3c38-a5e1-c4df5064cf56, P0, 88, 2070, 8001, 94.57, [N/A], 100
2026/09/11 07:49:57.654, 0, GPU-87701dfa-9023-3c38-a5e1-c4df5064cf56, P0, 86, 2085, 8001, 76.39, [N/A], 94
2026/09/11 07:49:57.861, 0, GPU-87701dfa-9023-3c38-a5e1-c4df5064cf56, P0, 86, 2085, 8001, 76.39, [N/A], 94
2026/09/11 07:49:58.068, 0, GPU-87701dfa-9023-3c38-a5e1-c4df5064cf56, P0, 86, 2085, 8001, 76.39, [N/A], 94
2026/09/11 07:49:58.275, 0, GPU-87701dfa-9023-3c38-a5e1-c4df5064cf56, P0, 84, 1935, 8001, 89.45, [N/A], 94
2026/09/11 07:49:58.481, 0, GPU-87701dfa-9023-3c38-a5e1-c4df5064cf56, P0, 84, 1935, 8001, 89.45, [N/A], 94
2026/09/11 07:49:58.688, 0, GPU-87701dfa-9023-3c38-a5e1-c4df5064cf56, P0, 91, 2295, 8001, 118.86, [N/A], 100
2026/09/11 07:49:58.895, 0, GPU-87701dfa-9023-3c38-a5e1-c4df5064cf56, P0, 91, 2295, 8001, 118.86, [N/A], 100
2026/09/11 07:49:59.100, 0, GPU-87701dfa-9023-3c38-a5e1-c4df5064cf56, P0, 89, 1950, 8001, 94.85, [N/A], 94
2026/09/11 07:49:59.307, 0, GPU-87701dfa-9023-3c38-a5e1-c4df5064cf56, P0, 89, 1950, 8001, 94.85, [N/A], 94
2026/09/11 07:49:59.513, 0, GPU-87701dfa-9023-3c38-a5e1-c4df5064cf56, P0, 89, 1950, 8001, 94.85, [N/A], 94
2026/09/11 07:49:59.720, 0, GPU-87701dfa-9023-3c38-a5e1-c4df5064cf56, P0, 85, 1890, 8001, 86.68, [N/A], 94
2026/09/11 07:49:59.926, 0, GPU-87701dfa-9023-3c38-a5e1-c4df5064cf56, P0, 85, 1890, 8001, 86.68, [N/A], 94
2026/09/11 07:50:00.146, 0, GPU-87701dfa-9023-3c38-a5e1-c4df5064cf56, P0, 82, 2490, 8001, 57.53, [N/A], 36
2026/09/11 07:50:00.352, 0, GPU-87701dfa-9023-3c38-a5e1-c4df5064cf56, P0, 82, 2490, 8001, 57.53, [N/A], 36
2026/09/11 07:50:00.557, 0, GPU-87701dfa-9023-3c38-a5e1-c4df5064cf56, P0, 82, 2490, 8001, 57.53, [N/A], 36
2026/09/11 07:50:00.764, 0, GPU-87701dfa-9023-3c38-a5e1-c4df5064cf56, P0, 81, 2490, 8001, 57.30, [N/A], 36
2026/09/11 07:50:00.971, 0, GPU-87701dfa-9023-3c38-a5e1-c4df5064cf56, P0, 81, 2490, 8001, 57.30, [N/A], 36
2026/09/11 07:50:01.176, 0, GPU-87701dfa-9023-3c38-a5e1-c4df5064cf56, P0, 75, 2490, 8001, 24.33, [N/A], 0
2026/09/11 07:50:01.383, 0, GPU-87701dfa-9023-3c38-a5e1-c4df5064cf56, P0, 75, 2490, 8001, 24.33, [N/A], 0
2026/09/11 07:50:01.588, 0, GPU-87701dfa-9023-3c38-a5e1-c4df5064cf56, P0, 75, 2490, 8001, 24.33, [N/A], 0
2026/09/11 07:50:01.795, 0, GPU-87701dfa-9023-3c38-a5e1-c4df5064cf56, P0, 74, 2490, 8001, 24.78, [N/A], 6
2026/09/11 07:50:02.000, 0, GPU-87701dfa-9023-3c38-a5e1-c4df5064cf56, P0, 74, 2490, 8001, 24.78, [N/A], 6
2026/09/11 07:50:02.203, 0, GPU-87701dfa-9023-3c38-a5e1-c4df5064cf56, P0, 75, 1905, 8001, 31.66, [N/A], 37
2026/09/11 07:50:02.411, 0, GPU-87701dfa-9023-3c38-a5e1-c4df5064cf56, P0, 75, 1905, 8001, 31.66, [N/A], 37
2026/09/11 07:50:02.617, 0, GPU-87701dfa-9023-3c38-a5e1-c4df5064cf56, P0, 77, 2055, 8001, 38.98, [N/A], 42
2026/09/11 07:50:02.823, 0, GPU-87701dfa-9023-3c38-a5e1-c4df5064cf56, P0, 77, 2055, 8001, 38.98, [N/A], 42
2026/09/11 07:50:03.028, 0, GPU-87701dfa-9023-3c38-a5e1-c4df5064cf56, P0, 77, 2055, 8001, 38.98, [N/A], 42
2026/09/11 07:50:03.233, 0, GPU-87701dfa-9023-3c38-a5e1-c4df5064cf56, P0, 75, 2490, 8001, 50.35, [N/A], 0
2026/09/11 07:50:03.438, 0, GPU-87701dfa-9023-3c38-a5e1-c4df5064cf56, P0, 75, 2490, 8001, 50.35, [N/A], 0
2026/09/11 07:50:03.645, 0, GPU-87701dfa-9023-3c38-a5e1-c4df5064cf56, P0, 84, 2445, 8001, 159.73, [N/A], 95
2026/09/11 07:50:03.853, 0, GPU-87701dfa-9023-3c38-a5e1-c4df5064cf56, P0, 84, 2445, 8001, 159.73, [N/A], 95
2026/09/11 07:50:04.060, 0, GPU-87701dfa-9023-3c38-a5e1-c4df5064cf56, P0, 84, 2445, 8001, 159.73, [N/A], 95
2026/09/11 07:50:04.264, 0, GPU-87701dfa-9023-3c38-a5e1-c4df5064cf56, P0, 89, 2085, 8001, 85.52, [N/A], 100
2026/09/11 07:50:04.519, 0, GPU-87701dfa-9023-3c38-a5e1-c4df5064cf56, P0, 89, 2085, 8001, 85.52, [N/A], 100
2026/09/11 07:50:04.725, 0, GPU-87701dfa-9023-3c38-a5e1-c4df5064cf56, P0, 91, 2355, 8001, 110.70, [N/A], 97
2026/09/11 07:50:04.931, 0, GPU-87701dfa-9023-3c38-a5e1-c4df5064cf56, P0, 91, 2355, 8001, 110.70, [N/A], 97
2026/09/11 07:50:05.138, 0, GPU-87701dfa-9023-3c38-a5e1-c4df5064cf56, P0, 82, 2475, 8001, 102.90, [N/A], 95
2026/09/11 07:50:05.344, 0, GPU-87701dfa-9023-3c38-a5e1-c4df5064cf56, P0, 82, 2475, 8001, 102.90, [N/A], 95
2026/09/11 07:50:05.549, 0, GPU-87701dfa-9023-3c38-a5e1-c4df5064cf56, P0, 82, 2475, 8001, 102.90, [N/A], 95
2026/09/11 07:50:05.754, 0, GPU-87701dfa-9023-3c38-a5e1-c4df5064cf56, P0, 84, 1605, 8001, 65.23, [N/A], 95
2026/09/11 07:50:05.961, 0, GPU-87701dfa-9023-3c38-a5e1-c4df5064cf56, P0, 84, 1605, 8001, 65.23, [N/A], 95
2026/09/11 07:50:06.167, 0, GPU-87701dfa-9023-3c38-a5e1-c4df5064cf56, P0, 92, 1950, 8001, 84.78, [N/A], 100
2026/09/11 07:50:06.373, 0, GPU-87701dfa-9023-3c38-a5e1-c4df5064cf56, P0, 92, 1950, 8001, 84.78, [N/A], 100
2026/09/11 07:50:06.579, 0, GPU-87701dfa-9023-3c38-a5e1-c4df5064cf56, P0, 92, 1950, 8001, 84.78, [N/A], 100
2026/09/11 07:50:06.800, 0, GPU-87701dfa-9023-3c38-a5e1-c4df5064cf56, P0, 87, 1980, 8001, 94.79, [N/A], 95
2026/09/11 07:50:07.006, 0, GPU-87701dfa-9023-3c38-a5e1-c4df5064cf56, P0, 87, 1980, 8001, 94.79, [N/A], 95
2026/09/11 07:50:07.213, 0, GPU-87701dfa-9023-3c38-a5e1-c4df5064cf56, P0, 86, 1875, 8001, 85.17, [N/A], 94
2026/09/11 07:50:07.419, 0, GPU-87701dfa-9023-3c38-a5e1-c4df5064cf56, P0, 86, 1875, 8001, 85.17, [N/A], 94
2026/09/11 07:50:07.626, 0, GPU-87701dfa-9023-3c38-a5e1-c4df5064cf56, P0, 89, 1950, 8001, 84.92, [N/A], 99
2026/09/11 07:50:07.833, 0, GPU-87701dfa-9023-3c38-a5e1-c4df5064cf56, P0, 89, 1950, 8001, 84.92, [N/A], 99
2026/09/11 07:50:08.040, 0, GPU-87701dfa-9023-3c38-a5e1-c4df5064cf56, P0, 89, 1950, 8001, 84.92, [N/A], 99
2026/09/11 07:50:08.248, 0, GPU-87701dfa-9023-3c38-a5e1-c4df5064cf56, P0, 82, 2490, 8001, 59.14, [N/A], 37
2026/09/11 07:50:08.469, 0, GPU-87701dfa-9023-3c38-a5e1-c4df5064cf56, P0, 82, 2490, 8001, 59.14, [N/A], 37
2026/09/11 07:50:08.676, 0, GPU-87701dfa-9023-3c38-a5e1-c4df5064cf56, P0, 82, 2490, 8001, 58.58, [N/A], 37
2026/09/11 07:50:08.883, 0, GPU-87701dfa-9023-3c38-a5e1-c4df5064cf56, P0, 82, 2490, 8001, 58.58, [N/A], 37
2026/09/11 07:50:09.089, 0, GPU-87701dfa-9023-3c38-a5e1-c4df5064cf56, P0, 82, 2490, 8001, 58.58, [N/A], 37
2026/09/11 07:50:09.295, 0, GPU-87701dfa-9023-3c38-a5e1-c4df5064cf56, P0, 75, 2490, 8001, 23.98, [N/A], 0
2026/09/11 07:50:09.499, 0, GPU-87701dfa-9023-3c38-a5e1-c4df5064cf56, P0, 75, 2490, 8001, 23.98, [N/A], 0
2026/09/11 07:50:09.705, 0, GPU-87701dfa-9023-3c38-a5e1-c4df5064cf56, P0, 74, 2490, 8001, 29.31, [N/A], 2
2026/09/11 07:50:09.911, 0, GPU-87701dfa-9023-3c38-a5e1-c4df5064cf56, P0, 74, 2490, 8001, 29.31, [N/A], 2
2026/09/11 07:50:10.116, 0, GPU-87701dfa-9023-3c38-a5e1-c4df5064cf56, P3, 75, 2040, 7001, 35.23, [N/A], 37
2026/09/11 07:50:10.322, 0, GPU-87701dfa-9023-3c38-a5e1-c4df5064cf56, P3, 75, 2040, 7001, 35.23, [N/A], 37
2026/09/11 07:50:10.531, 0, GPU-87701dfa-9023-3c38-a5e1-c4df5064cf56, P3, 75, 2040, 7001, 35.23, [N/A], 37
2026/09/11 07:50:10.738, 0, GPU-87701dfa-9023-3c38-a5e1-c4df5064cf56, P0, 77, 2070, 8001, 42.38, [N/A], 42
2026/09/11 07:50:10.945, 0, GPU-87701dfa-9023-3c38-a5e1-c4df5064cf56, P0, 77, 2070, 8001, 42.38, [N/A], 42
2026/09/11 07:50:11.151, 0, GPU-87701dfa-9023-3c38-a5e1-c4df5064cf56, P0, 75, 2490, 8001, 24.17, [N/A], 9
2026/09/11 07:50:11.359, 0, GPU-87701dfa-9023-3c38-a5e1-c4df5064cf56, P0, 75, 2490, 8001, 24.17, [N/A], 9
2026/09/11 07:50:11.564, 0, GPU-87701dfa-9023-3c38-a5e1-c4df5064cf56, P0, 75, 2490, 8001, 24.17, [N/A], 9
2026/09/11 07:50:11.769, 0, GPU-87701dfa-9023-3c38-a5e1-c4df5064cf56, P3, 86, 2385, 7001, 110.84, [N/A], 95
2026/09/11 07:50:11.976, 0, GPU-87701dfa-9023-3c38-a5e1-c4df5064cf56, P3, 86, 2385, 7001, 110.84, [N/A], 95
2026/09/11 07:50:12.184, 0, GPU-87701dfa-9023-3c38-a5e1-c4df5064cf56, P0, 89, 2100, 8001, 93.66, [N/A], 99
2026/09/11 07:50:12.389, 0, GPU-87701dfa-9023-3c38-a5e1-c4df5064cf56, P0, 89, 2100, 8001, 93.66, [N/A], 99
2026/09/11 07:50:12.596, 0, GPU-87701dfa-9023-3c38-a5e1-c4df5064cf56, P0, 89, 2100, 8001, 93.66, [N/A], 99
2026/09/11 07:50:12.800, 0, GPU-87701dfa-9023-3c38-a5e1-c4df5064cf56, P0, 86, 2025, 8001, 43.41, [N/A], 100
2026/09/11 07:50:13.022, 0, GPU-87701dfa-9023-3c38-a5e1-c4df5064cf56, P0, 86, 2025, 8001, 43.41, [N/A], 100
2026/09/11 07:50:13.244, 0, GPU-87701dfa-9023-3c38-a5e1-c4df5064cf56, P0, 87, 1980, 8001, 76.17, [N/A], 95
2026/09/11 07:50:13.466, 0, GPU-87701dfa-9023-3c38-a5e1-c4df5064cf56, P0, 87, 1980, 8001, 76.17, [N/A], 95
2026/09/11 07:50:13.688, 0, GPU-87701dfa-9023-3c38-a5e1-c4df5064cf56, P0, 86, 2055, 8001, 84.48, [N/A], 94
2026/09/11 07:50:13.895, 0, GPU-87701dfa-9023-3c38-a5e1-c4df5064cf56, P0, 86, 2055, 8001, 84.48, [N/A], 94
2026/09/11 07:50:14.101, 0, GPU-87701dfa-9023-3c38-a5e1-c4df5064cf56, P0, 87, 2040, 8001, 86.46, [N/A], 94
2026/09/11 07:50:14.308, 0, GPU-87701dfa-9023-3c38-a5e1-c4df5064cf56, P0, 87, 2040, 8001, 86.46, [N/A], 94
2026/09/11 07:50:14.515, 0, GPU-87701dfa-9023-3c38-a5e1-c4df5064cf56, P0, 87, 2040, 8001, 86.46, [N/A], 94
2026/09/11 07:50:14.721, 0, GPU-87701dfa-9023-3c38-a5e1-c4df5064cf56, P0, 86, 1860, 8001, 81.31, [N/A], 99
2026/09/11 07:50:14.928, 0, GPU-87701dfa-9023-3c38-a5e1-c4df5064cf56, P0, 86, 1860, 8001, 81.31, [N/A], 99
2026/09/11 07:50:15.135, 0, GPU-87701dfa-9023-3c38-a5e1-c4df5064cf56, P0, 86, 2130, 8001, 86.16, [N/A], 99
2026/09/11 07:50:15.356, 0, GPU-87701dfa-9023-3c38-a5e1-c4df5064cf56, P0, 86, 2130, 8001, 86.16, [N/A], 99
2026/09/11 07:50:15.561, 0, GPU-87701dfa-9023-3c38-a5e1-c4df5064cf56, P0, 86, 2130, 8001, 86.16, [N/A], 99
2026/09/11 07:50:15.769, 0, GPU-87701dfa-9023-3c38-a5e1-c4df5064cf56, P0, 86, 1980, 8001, 81.00, [N/A], 94
2026/09/11 07:50:15.977, 0, GPU-87701dfa-9023-3c38-a5e1-c4df5064cf56, P0, 86, 1980, 8001, 81.00, [N/A], 94
2026/09/11 07:50:16.179, 0, GPU-87701dfa-9023-3c38-a5e1-c4df5064cf56, P0, 83, 2490, 8001, 59.80, [N/A], 38
2026/09/11 07:50:16.385, 0, GPU-87701dfa-9023-3c38-a5e1-c4df5064cf56, P0, 83, 2490, 8001, 59.80, [N/A], 38
2026/09/11 07:50:16.591, 0, GPU-87701dfa-9023-3c38-a5e1-c4df5064cf56, P0, 83, 2490, 8001, 59.80, [N/A], 38
2026/09/11 07:50:16.797, 0, GPU-87701dfa-9023-3c38-a5e1-c4df5064cf56, P0, 81, 2490, 8001, 60.16, [N/A], 36
2026/09/11 07:50:17.050, 0, GPU-87701dfa-9023-3c38-a5e1-c4df5064cf56, P0, 81, 2490, 8001, 60.16, [N/A], 36
2026/09/11 07:50:17.258, 0, GPU-87701dfa-9023-3c38-a5e1-c4df5064cf56, P0, 76, 2490, 8001, 24.48, [N/A], 0
2026/09/11 07:50:17.463, 0, GPU-87701dfa-9023-3c38-a5e1-c4df5064cf56, P0, 76, 2490, 8001, 24.48, [N/A], 0
2026/09/11 07:50:17.669, 0, GPU-87701dfa-9023-3c38-a5e1-c4df5064cf56, P0, 74, 2490, 8001, 29.21, [N/A], 14
2026/09/11 07:50:17.877, 0, GPU-87701dfa-9023-3c38-a5e1-c4df5064cf56, P0, 74, 2490, 8001, 29.21, [N/A], 14
2026/09/11 07:50:18.083, 0, GPU-87701dfa-9023-3c38-a5e1-c4df5064cf56, P0, 74, 2490, 8001, 29.21, [N/A], 14
2026/09/11 07:50:18.289, 0, GPU-87701dfa-9023-3c38-a5e1-c4df5064cf56, P3, 74, 1320, 7001, 27.79, [N/A], 63
2026/09/11 07:50:18.494, 0, GPU-87701dfa-9023-3c38-a5e1-c4df5064cf56, P3, 74, 1320, 7001, 27.79, [N/A], 63
2026/09/11 07:50:18.700, 0, GPU-87701dfa-9023-3c38-a5e1-c4df5064cf56, P3, 76, 1980, 7001, 37.52, [N/A], 44
2026/09/11 07:50:18.905, 0, GPU-87701dfa-9023-3c38-a5e1-c4df5064cf56, P3, 76, 1980, 7001, 37.52, [N/A], 44
2026/09/11 07:50:19.142, 0, GPU-87701dfa-9023-3c38-a5e1-c4df5064cf56, P0, 78, 2490, 8001, 23.33, [N/A], 0
2026/09/11 07:50:19.349, 0, GPU-87701dfa-9023-3c38-a5e1-c4df5064cf56, P0, 78, 2490, 8001, 23.33, [N/A], 0
2026/09/11 07:50:19.555, 0, GPU-87701dfa-9023-3c38-a5e1-c4df5064cf56, P0, 78, 2490, 8001, 23.33, [N/A], 0
2026/09/11 07:50:19.761, 0, GPU-87701dfa-9023-3c38-a5e1-c4df5064cf56, P0, 74, 2490, 8001, 26.52, [N/A], 0
2026/09/11 07:50:19.968, 0, GPU-87701dfa-9023-3c38-a5e1-c4df5064cf56, P0, 74, 2490, 8001, 26.52, [N/A], 0
2026/09/11 07:50:20.172, 0, GPU-87701dfa-9023-3c38-a5e1-c4df5064cf56, P0, 90, 2175, 8001, 112.14, [N/A], 95
2026/09/11 07:50:20.379, 0, GPU-87701dfa-9023-3c38-a5e1-c4df5064cf56, P0, 90, 2175, 8001, 112.14, [N/A], 95
2026/09/11 07:50:20.586, 0, GPU-87701dfa-9023-3c38-a5e1-c4df5064cf56, P0, 90, 2175, 8001, 112.14, [N/A], 95
2026/09/11 07:50:20.793, 0, GPU-87701dfa-9023-3c38-a5e1-c4df5064cf56, P0, 88, 1830, 8001, 81.71, [N/A], 100
2026/09/11 07:50:21.015, 0, GPU-87701dfa-9023-3c38-a5e1-c4df5064cf56, P0, 88, 1830, 8001, 81.71, [N/A], 100
2026/09/11 07:50:21.237, 0, GPU-87701dfa-9023-3c38-a5e1-c4df5064cf56, P0, 85, 2040, 8001, 72.36, [N/A], 95
2026/09/11 07:50:21.443, 0, GPU-87701dfa-9023-3c38-a5e1-c4df5064cf56, P0, 85, 2040, 8001, 72.36, [N/A], 95
2026/09/11 07:50:21.649, 0, GPU-87701dfa-9023-3c38-a5e1-c4df5064cf56, P0, 85, 2010, 8001, 91.28, [N/A], 95
2026/09/11 07:50:21.856, 0, GPU-87701dfa-9023-3c38-a5e1-c4df5064cf56, P0, 85, 2010, 8001, 91.28, [N/A], 95
2026/09/11 07:50:22.061, 0, GPU-87701dfa-9023-3c38-a5e1-c4df5064cf56, P0, 85, 2010, 8001, 91.28, [N/A], 95
2026/09/11 07:50:22.267, 0, GPU-87701dfa-9023-3c38-a5e1-c4df5064cf56, P0, 87, 2430, 8001, 111.93, [N/A], 100
2026/09/11 07:50:22.474, 0, GPU-87701dfa-9023-3c38-a5e1-c4df5064cf56, P0, 87, 2430, 8001, 111.93, [N/A], 100
2026/09/11 07:50:22.682, 0, GPU-87701dfa-9023-3c38-a5e1-c4df5064cf56, P0, 87, 1995, 8001, 78.46, [N/A], 95
2026/09/11 07:50:22.889, 0, GPU-87701dfa-9023-3c38-a5e1-c4df5064cf56, P0, 87, 1995, 8001, 78.46, [N/A], 95
2026/09/11 07:50:23.096, 0, GPU-87701dfa-9023-3c38-a5e1-c4df5064cf56, P0, 87, 1995, 8001, 78.46, [N/A], 95
2026/09/11 07:50:23.304, 0, GPU-87701dfa-9023-3c38-a5e1-c4df5064cf56, P0, 87, 1785, 8001, 87.45, [N/A], 95
2026/09/11 07:50:23.509, 0, GPU-87701dfa-9023-3c38-a5e1-c4df5064cf56, P0, 87, 1785, 8001, 87.45, [N/A], 95
2026/09/11 07:50:23.716, 0, GPU-87701dfa-9023-3c38-a5e1-c4df5064cf56, P0, 88, 1995, 8001, 90.10, [N/A], 100
2026/09/11 07:50:23.923, 0, GPU-87701dfa-9023-3c38-a5e1-c4df5064cf56, P0, 88, 1995, 8001, 90.10, [N/A], 100
2026/09/11 07:50:24.130, 0, GPU-87701dfa-9023-3c38-a5e1-c4df5064cf56, P0, 83, 2490, 8001, 77.31, [N/A], 37
2026/09/11 07:50:24.338, 0, GPU-87701dfa-9023-3c38-a5e1-c4df5064cf56, P0, 83, 2490, 8001, 77.31, [N/A], 37
2026/09/11 07:50:24.544, 0, GPU-87701dfa-9023-3c38-a5e1-c4df5064cf56, P0, 83, 2490, 8001, 77.31, [N/A], 37
2026/09/11 07:50:24.750, 0, GPU-87701dfa-9023-3c38-a5e1-c4df5064cf56, P0, 82, 2490, 8001, 57.26, [N/A], 36
2026/09/11 07:50:24.958, 0, GPU-87701dfa-9023-3c38-a5e1-c4df5064cf56, P0, 82, 2490, 8001, 57.26, [N/A], 36
2026/09/11 07:50:25.165, 0, GPU-87701dfa-9023-3c38-a5e1-c4df5064cf56, P0, 76, 2490, 8001, 24.49, [N/A], 0
2026/09/11 07:50:25.372, 0, GPU-87701dfa-9023-3c38-a5e1-c4df5064cf56, P0, 76, 2490, 8001, 24.49, [N/A], 0
2026/09/11 07:50:25.578, 0, GPU-87701dfa-9023-3c38-a5e1-c4df5064cf56, P0, 76, 2490, 8001, 24.49, [N/A], 0
2026/09/11 07:50:25.800, 0, GPU-87701dfa-9023-3c38-a5e1-c4df5064cf56, P0, 75, 2490, 8001, 25.35, [N/A], 14
2026/09/11 07:50:26.006, 0, GPU-87701dfa-9023-3c38-a5e1-c4df5064cf56, P0, 75, 2490, 8001, 25.35, [N/A], 14
2026/09/11 07:50:26.211, 0, GPU-87701dfa-9023-3c38-a5e1-c4df5064cf56, P0, 75, 1380, 8001, 32.16, [N/A], 66
2026/09/11 07:50:26.419, 0, GPU-87701dfa-9023-3c38-a5e1-c4df5064cf56, P0, 75, 1380, 8001, 32.16, [N/A], 66
2026/09/11 07:50:26.624, 0, GPU-87701dfa-9023-3c38-a5e1-c4df5064cf56, P0, 77, 2040, 8001, 42.45, [N/A], 43
2026/09/11 07:50:26.831, 0, GPU-87701dfa-9023-3c38-a5e1-c4df5064cf56, P0, 77, 2040, 8001, 42.45, [N/A], 43
2026/09/11 07:50:27.037, 0, GPU-87701dfa-9023-3c38-a5e1-c4df5064cf56, P0, 77, 2040, 8001, 42.45, [N/A], 43
2026/09/11 07:50:27.244, 0, GPU-87701dfa-9023-3c38-a5e1-c4df5064cf56, P0, 76, 2490, 8001, 24.73, [N/A], 0
2026/09/11 07:50:27.451, 0, GPU-87701dfa-9023-3c38-a5e1-c4df5064cf56, P0, 76, 2490, 8001, 24.73, [N/A], 0
2026/09/11 07:50:27.657, 0, GPU-87701dfa-9023-3c38-a5e1-c4df5064cf56, P0, 86, 2430, 8001, 90.04, [N/A], 95
2026/09/11 07:50:27.863, 0, GPU-87701dfa-9023-3c38-a5e1-c4df5064cf56, P0, 86, 2430, 8001, 90.04, [N/A], 95
2026/09/11 07:50:28.067, 0, GPU-87701dfa-9023-3c38-a5e1-c4df5064cf56, P0, 86, 2430, 8001, 90.04, [N/A], 95
2026/09/11 07:50:28.275, 0, GPU-87701dfa-9023-3c38-a5e1-c4df5064cf56, P0, 86, 1965, 8001, 90.37, [N/A], 95
2026/09/11 07:50:28.482, 0, GPU-87701dfa-9023-3c38-a5e1-c4df5064cf56, P0, 86, 1965, 8001, 90.37, [N/A], 95
2026/09/11 07:50:28.690, 0, GPU-87701dfa-9023-3c38-a5e1-c4df5064cf56, P0, 84, 2235, 8001, 75.13, [N/A], 100
2026/09/11 07:50:28.944, 0, GPU-87701dfa-9023-3c38-a5e1-c4df5064cf56, P0, 84, 2235, 8001, 75.13, [N/A], 100
2026/09/11 07:50:29.151, 0, GPU-87701dfa-9023-3c38-a5e1-c4df5064cf56, P0, 85, 1785, 8001, 78.62, [N/A], 95
2026/09/11 07:50:29.359, 0, GPU-87701dfa-9023-3c38-a5e1-c4df5064cf56, P0, 85, 1785, 8001, 78.62, [N/A], 95
2026/09/11 07:50:29.565, 0, GPU-87701dfa-9023-3c38-a5e1-c4df5064cf56, P0, 85, 1785, 8001, 78.62, [N/A], 95
2026/09/11 07:50:29.771, 0, GPU-87701dfa-9023-3c38-a5e1-c4df5064cf56, P0, 84, 1830, 8001, 82.93, [N/A], 95
2026/09/11 07:50:29.978, 0, GPU-87701dfa-9023-3c38-a5e1-c4df5064cf56, P0, 84, 1830, 8001, 82.93, [N/A], 95
2026/09/11 07:50:30.184, 0, GPU-87701dfa-9023-3c38-a5e1-c4df5064cf56, P0, 88, 2025, 8001, 84.76, [N/A], 100
2026/09/11 07:50:30.391, 0, GPU-87701dfa-9023-3c38-a5e1-c4df5064cf56, P0, 88, 2025, 8001, 84.76, [N/A], 100
2026/09/11 07:50:30.597, 0, GPU-87701dfa-9023-3c38-a5e1-c4df5064cf56, P0, 88, 2025, 8001, 84.76, [N/A], 100
2026/09/11 07:50:30.818, 0, GPU-87701dfa-9023-3c38-a5e1-c4df5064cf56, P0, 85, 1665, 8001, 80.05, [N/A], 95
2026/09/11 07:50:31.025, 0, GPU-87701dfa-9023-3c38-a5e1-c4df5064cf56, P0, 85, 1665, 8001, 80.05, [N/A], 95
2026/09/11 07:50:31.232, 0, GPU-87701dfa-9023-3c38-a5e1-c4df5064cf56, P0, 85, 2085, 8001, 78.82, [N/A], 95
2026/09/11 07:50:31.439, 0, GPU-87701dfa-9023-3c38-a5e1-c4df5064cf56, P0, 85, 2085, 8001, 78.82, [N/A], 95
2026/09/11 07:50:31.645, 0, GPU-87701dfa-9023-3c38-a5e1-c4df5064cf56, P0, 87, 1980, 8001, 94.56, [N/A], 92
2026/09/11 07:50:31.853, 0, GPU-87701dfa-9023-3c38-a5e1-c4df5064cf56, P0, 87, 1980, 8001, 94.56, [N/A], 92
2026/09/11 07:50:32.060, 0, GPU-87701dfa-9023-3c38-a5e1-c4df5064cf56, P0, 87, 1980, 8001, 94.56, [N/A], 92
2026/09/11 07:50:32.266, 0, GPU-87701dfa-9023-3c38-a5e1-c4df5064cf56, P0, 82, 2370, 8001, 53.78, [N/A], 38
2026/09/11 07:50:32.473, 0, GPU-87701dfa-9023-3c38-a5e1-c4df5064cf56, P0, 82, 2370, 8001, 53.78, [N/A], 38
2026/09/11 07:50:32.695, 0, GPU-87701dfa-9023-3c38-a5e1-c4df5064cf56, P0, 81, 2370, 8001, 53.35, [N/A], 38
2026/09/11 07:50:32.902, 0, GPU-87701dfa-9023-3c38-a5e1-c4df5064cf56, P0, 81, 2370, 8001, 53.35, [N/A], 38
2026/09/11 07:50:33.109, 0, GPU-87701dfa-9023-3c38-a5e1-c4df5064cf56, P0, 75, 2370, 8001, 22.86, [N/A], 0
2026/09/11 07:50:33.316, 0, GPU-87701dfa-9023-3c38-a5e1-c4df5064cf56, P0, 75, 2370, 8001, 22.86, [N/A], 0
2026/09/11 07:50:33.522, 0, GPU-87701dfa-9023-3c38-a5e1-c4df5064cf56, P0, 75, 2370, 8001, 22.86, [N/A], 0
2026/09/11 07:50:33.729, 0, GPU-87701dfa-9023-3c38-a5e1-c4df5064cf56, P0, 74, 2370, 8001, 22.72, [N/A], 4
2026/09/11 07:50:33.934, 0, GPU-87701dfa-9023-3c38-a5e1-c4df5064cf56, P0, 74, 2370, 8001, 22.72, [N/A], 4
2026/09/11 07:50:34.142, 0, GPU-87701dfa-9023-3c38-a5e1-c4df5064cf56, P3, 75, 2040, 7001, 31.06, [N/A], 46
2026/09/11 07:50:34.363, 0, GPU-87701dfa-9023-3c38-a5e1-c4df5064cf56, P3, 75, 2040, 7001, 31.06, [N/A], 46
2026/09/11 07:50:34.570, 0, GPU-87701dfa-9023-3c38-a5e1-c4df5064cf56, P3, 75, 2040, 7001, 31.06, [N/A], 46
2026/09/11 07:50:34.774, 0, GPU-87701dfa-9023-3c38-a5e1-c4df5064cf56, P0, 78, 2220, 8001, 47.34, [N/A], 40
2026/09/11 07:50:34.980, 0, GPU-87701dfa-9023-3c38-a5e1-c4df5064cf56, P0, 78, 2220, 8001, 47.34, [N/A], 40
2026/09/11 07:50:35.188, 0, GPU-87701dfa-9023-3c38-a5e1-c4df5064cf56, P0, 75, 2490, 8001, 24.50, [N/A], 9
2026/09/11 07:50:35.392, 0, GPU-87701dfa-9023-3c38-a5e1-c4df5064cf56, P0, 75, 2490, 8001, 24.50, [N/A], 9
2026/09/11 07:50:35.597, 0, GPU-87701dfa-9023-3c38-a5e1-c4df5064cf56, P0, 75, 2490, 8001, 24.50, [N/A], 9
2026/09/11 07:50:35.804, 0, GPU-87701dfa-9023-3c38-a5e1-c4df5064cf56, P0, 88, 2265, 8001, 118.69, [N/A], 94
2026/09/11 07:50:36.010, 0, GPU-87701dfa-9023-3c38-a5e1-c4df5064cf56, P0, 88, 2265, 8001, 118.69, [N/A], 94
2026/09/11 07:50:36.215, 0, GPU-87701dfa-9023-3c38-a5e1-c4df5064cf56, P0, 88, 1830, 8001, 78.56, [N/A], 100
2026/09/11 07:50:36.421, 0, GPU-87701dfa-9023-3c38-a5e1-c4df5064cf56, P0, 88, 1830, 8001, 78.56, [N/A], 100
2026/09/11 07:50:36.628, 0, GPU-87701dfa-9023-3c38-a5e1-c4df5064cf56, P0, 86, 2025, 8001, 83.17, [N/A], 99
2026/09/11 07:50:36.834, 0, GPU-87701dfa-9023-3c38-a5e1-c4df5064cf56, P0, 86, 2025, 8001, 83.17, [N/A], 99
2026/09/11 07:50:37.041, 0, GPU-87701dfa-9023-3c38-a5e1-c4df5064cf56, P0, 86, 2025, 8001, 83.17, [N/A], 99
2026/09/11 07:50:37.245, 0, GPU-87701dfa-9023-3c38-a5e1-c4df5064cf56, P0, 85, 1605, 8001, 60.06, [N/A], 94
2026/09/11 07:50:37.483, 0, GPU-87701dfa-9023-3c38-a5e1-c4df5064cf56, P0, 85, 1605, 8001, 60.06, [N/A], 94
2026/09/11 07:50:37.690, 0, GPU-87701dfa-9023-3c38-a5e1-c4df5064cf56, P0, 90, 1605, 8001, 95.85, [N/A], 94
2026/09/11 07:50:37.896, 0, GPU-87701dfa-9023-3c38-a5e1-c4df5064cf56, P0, 90, 1605, 8001, 95.85, [N/A], 94
2026/09/11 07:50:38.104, 0, GPU-87701dfa-9023-3c38-a5e1-c4df5064cf56, P0, 88, 2490, 8001, 97.27, [N/A], 94
2026/09/11 07:50:38.310, 0, GPU-87701dfa-9023-3c38-a5e1-c4df5064cf56, P0, 88, 2490, 8001, 97.27, [N/A], 94
2026/09/11 07:50:38.514, 0, GPU-87701dfa-9023-3c38-a5e1-c4df5064cf56, P0, 88, 2490, 8001, 97.27, [N/A], 94
2026/09/11 07:50:38.722, 0, GPU-87701dfa-9023-3c38-a5e1-c4df5064cf56, P0, 85, 1605, 8001, 70.76, [N/A], 94
2026/09/11 07:50:38.929, 0, GPU-87701dfa-9023-3c38-a5e1-c4df5064cf56, P0, 85, 1605, 8001, 70.76, [N/A], 94
2026/09/11 07:50:39.136, 0, GPU-87701dfa-9023-3c38-a5e1-c4df5064cf56, P0, 90, 2160, 8001, 103.76, [N/A], 99
2026/09/11 07:50:39.344, 0, GPU-87701dfa-9023-3c38-a5e1-c4df5064cf56, P0, 90, 2160, 8001, 103.76, [N/A], 99
2026/09/11 07:50:39.549, 0, GPU-87701dfa-9023-3c38-a5e1-c4df5064cf56, P0, 90, 2160, 8001, 103.76, [N/A], 99
2026/09/11 07:50:39.756, 0, GPU-87701dfa-9023-3c38-a5e1-c4df5064cf56, P0, 85, 1605, 8001, 77.32, [N/A], 100
2026/09/11 07:50:39.962, 0, GPU-87701dfa-9023-3c38-a5e1-c4df5064cf56, P0, 85, 1605, 8001, 77.32, [N/A], 100
2026/09/11 07:50:40.169, 0, GPU-87701dfa-9023-3c38-a5e1-c4df5064cf56, P0, 84, 2490, 8001, 60.00, [N/A], 38
2026/09/11 07:50:40.374, 0, GPU-87701dfa-9023-3c38-a5e1-c4df5064cf56, P0, 84, 2490, 8001, 60.00, [N/A], 38
2026/09/11 07:50:40.577, 0, GPU-87701dfa-9023-3c38-a5e1-c4df5064cf56, P0, 84, 2490, 8001, 60.00, [N/A], 38
2026/09/11 07:50:40.800, 0, GPU-87701dfa-9023-3c38-a5e1-c4df5064cf56, P0, 82, 2490, 8001, 57.93, [N/A], 38
2026/09/11 07:50:41.006, 0, GPU-87701dfa-9023-3c38-a5e1-c4df5064cf56, P0, 82, 2490, 8001, 57.93, [N/A], 38
2026/09/11 07:50:41.212, 0, GPU-87701dfa-9023-3c38-a5e1-c4df5064cf56, P0, 76, 2490, 8001, 24.54, [N/A], 0
2026/09/11 07:50:41.419, 0, GPU-87701dfa-9023-3c38-a5e1-c4df5064cf56, P0, 76, 2490, 8001, 24.54, [N/A], 0
2026/09/11 07:50:41.627, 0, GPU-87701dfa-9023-3c38-a5e1-c4df5064cf56, P0, 75, 2490, 8001, 25.06, [N/A], 13
2026/09/11 07:50:41.834, 0, GPU-87701dfa-9023-3c38-a5e1-c4df5064cf56, P0, 75, 2490, 8001, 25.06, [N/A], 13
2026/09/11 07:50:42.037, 0, GPU-87701dfa-9023-3c38-a5e1-c4df5064cf56, P0, 75, 2490, 8001, 25.06, [N/A], 13
2026/09/11 07:50:42.243, 0, GPU-87701dfa-9023-3c38-a5e1-c4df5064cf56, P0, 75, 1410, 8001, 27.45, [N/A], 46
2026/09/11 07:50:42.448, 0, GPU-87701dfa-9023-3c38-a5e1-c4df5064cf56, P0, 75, 1410, 8001, 27.45, [N/A], 46
2026/09/11 07:50:42.655, 0, GPU-87701dfa-9023-3c38-a5e1-c4df5064cf56, P0, 76, 2175, 8001, 37.39, [N/A], 48
2026/09/11 07:50:42.863, 0, GPU-87701dfa-9023-3c38-a5e1-c4df5064cf56, P0, 76, 2175, 8001, 37.39, [N/A], 48
2026/09/11 07:50:43.070, 0, GPU-87701dfa-9023-3c38-a5e1-c4df5064cf56, P0, 76, 2175, 8001, 37.39, [N/A], 48
2026/09/11 07:50:43.277, 0, GPU-87701dfa-9023-3c38-a5e1-c4df5064cf56, P0, 78, 2490, 8001, 28.14, [N/A], 0
2026/09/11 07:50:43.485, 0, GPU-87701dfa-9023-3c38-a5e1-c4df5064cf56, P0, 78, 2490, 8001, 28.14, [N/A], 0
2026/09/11 07:50:43.693, 0, GPU-87701dfa-9023-3c38-a5e1-c4df5064cf56, P0, 88, 2325, 8001, 70.90, [N/A], 88
2026/09/11 07:50:43.900, 0, GPU-87701dfa-9023-3c38-a5e1-c4df5064cf56, P0, 88, 2325, 8001, 70.90, [N/A], 88
2026/09/11 07:50:44.108, 0, GPU-87701dfa-9023-3c38-a5e1-c4df5064cf56, P0, 87, 1605, 8001, 95.18, [N/A], 94
2026/09/11 07:50:44.314, 0, GPU-87701dfa-9023-3c38-a5e1-c4df5064cf56, P0, 87, 1605, 8001, 95.18, [N/A], 94
2026/09/11 07:50:44.519, 0, GPU-87701dfa-9023-3c38-a5e1-c4df5064cf56, P0, 87, 1605, 8001, 95.18, [N/A], 94
2026/09/11 07:50:44.726, 0, GPU-87701dfa-9023-3c38-a5e1-c4df5064cf56, P0, 89, 1800, 8001, 89.71, [N/A], 95
2026/09/11 07:50:44.932, 0, GPU-87701dfa-9023-3c38-a5e1-c4df5064cf56, P0, 89, 1800, 8001, 89.71, [N/A], 95
2026/09/11 07:50:45.139, 0, GPU-87701dfa-9023-3c38-a5e1-c4df5064cf56, P0, 88, 1860, 8001, 83.15, [N/A], 100
2026/09/11 07:50:45.346, 0, GPU-87701dfa-9023-3c38-a5e1-c4df5064cf56, P0, 88, 1860, 8001, 83.15, [N/A], 100
2026/09/11 07:50:45.553, 0, GPU-87701dfa-9023-3c38-a5e1-c4df5064cf56, P0, 88, 1860, 8001, 83.15, [N/A], 100
2026/09/11 07:50:45.761, 0, GPU-87701dfa-9023-3c38-a5e1-c4df5064cf56, P0, 87, 2025, 8001, 85.14, [N/A], 95
2026/09/11 07:50:45.967, 0, GPU-87701dfa-9023-3c38-a5e1-c4df5064cf56, P0, 87, 2025, 8001, 85.14, [N/A], 95
2026/09/11 07:50:46.174, 0, GPU-87701dfa-9023-3c38-a5e1-c4df5064cf56, P0, 86, 1875, 8001, 87.47, [N/A], 95
2026/09/11 07:50:46.382, 0, GPU-87701dfa-9023-3c38-a5e1-c4df5064cf56, P0, 86, 1875, 8001, 87.47, [N/A], 95
2026/09/11 07:50:46.604, 0, GPU-87701dfa-9023-3c38-a5e1-c4df5064cf56, P0, 86, 1875, 8001, 87.47, [N/A], 95
2026/09/11 07:50:46.812, 0, GPU-87701dfa-9023-3c38-a5e1-c4df5064cf56, P0, 88, 2055, 8001, 92.82, [N/A], 99
2026/09/11 07:50:47.018, 0, GPU-87701dfa-9023-3c38-a5e1-c4df5064cf56, P0, 88, 2055, 8001, 92.82, [N/A], 99
2026/09/11 07:50:47.224, 0, GPU-87701dfa-9023-3c38-a5e1-c4df5064cf56, P0, 85, 1785, 8001, 71.36, [N/A], 100
2026/09/11 07:50:47.430, 0, GPU-87701dfa-9023-3c38-a5e1-c4df5064cf56, P0, 85, 1785, 8001, 71.36, [N/A], 100
2026/09/11 07:50:47.637, 0, GPU-87701dfa-9023-3c38-a5e1-c4df5064cf56, P0, 85, 1950, 8001, 77.59, [N/A], 95
2026/09/11 07:50:47.845, 0, GPU-87701dfa-9023-3c38-a5e1-c4df5064cf56, P0, 85, 1950, 8001, 77.59, [N/A], 95
2026/09/11 07:50:48.051, 0, GPU-87701dfa-9023-3c38-a5e1-c4df5064cf56, P0, 85, 1950, 8001, 77.59, [N/A], 95
2026/09/11 07:50:48.256, 0, GPU-87701dfa-9023-3c38-a5e1-c4df5064cf56, P0, 83, 2490, 8001, 58.91, [N/A], 37
2026/09/11 07:50:48.476, 0, GPU-87701dfa-9023-3c38-a5e1-c4df5064cf56, P0, 83, 2490, 8001, 58.91, [N/A], 37
2026/09/11 07:50:48.700, 0, GPU-87701dfa-9023-3c38-a5e1-c4df5064cf56, P0, 82, 2490, 8001, 59.01, [N/A], 37
2026/09/11 07:50:48.908, 0, GPU-87701dfa-9023-3c38-a5e1-c4df5064cf56, P0, 82, 2490, 8001, 59.01, [N/A], 37
2026/09/11 07:50:49.114, 0, GPU-87701dfa-9023-3c38-a5e1-c4df5064cf56, P0, 76, 2490, 8001, 24.67, [N/A], 0
2026/09/11 07:50:49.322, 0, GPU-87701dfa-9023-3c38-a5e1-c4df5064cf56, P0, 76, 2490, 8001, 24.67, [N/A], 0
2026/09/11 07:50:49.528, 0, GPU-87701dfa-9023-3c38-a5e1-c4df5064cf56, P0, 76, 2490, 8001, 24.67, [N/A], 0
2026/09/11 07:50:49.735, 0, GPU-87701dfa-9023-3c38-a5e1-c4df5064cf56, P0, 75, 2490, 8001, 24.29, [N/A], 12
2026/09/11 07:50:49.941, 0, GPU-87701dfa-9023-3c38-a5e1-c4df5064cf56, P0, 75, 2490, 8001, 24.29, [N/A], 12
2026/09/11 07:50:50.148, 0, GPU-87701dfa-9023-3c38-a5e1-c4df5064cf56, P0, 75, 1545, 8001, 31.67, [N/A], 57
2026/09/11 07:50:50.351, 0, GPU-87701dfa-9023-3c38-a5e1-c4df5064cf56, P0, 75, 1545, 8001, 31.67, [N/A], 57
2026/09/11 07:50:50.558, 0, GPU-87701dfa-9023-3c38-a5e1-c4df5064cf56, P0, 75, 1545, 8001, 31.67, [N/A], 57
2026/09/11 07:50:50.765, 0, GPU-87701dfa-9023-3c38-a5e1-c4df5064cf56, P0, 77, 2190, 8001, 43.56, [N/A], 43
2026/09/11 07:50:50.968, 0, GPU-87701dfa-9023-3c38-a5e1-c4df5064cf56, P0, 77, 2190, 8001, 43.56, [N/A], 43
2026/09/11 07:50:51.176, 0, GPU-87701dfa-9023-3c38-a5e1-c4df5064cf56, P0, 76, 2490, 8001, 24.67, [N/A], 0
2026/09/11 07:50:51.382, 0, GPU-87701dfa-9023-3c38-a5e1-c4df5064cf56, P0, 76, 2490, 8001, 24.67, [N/A], 0
2026/09/11 07:50:51.588, 0, GPU-87701dfa-9023-3c38-a5e1-c4df5064cf56, P0, 76, 2490, 8001, 24.67, [N/A], 0
2026/09/11 07:50:51.796, 0, GPU-87701dfa-9023-3c38-a5e1-c4df5064cf56, P0, 86, 2445, 8001, 96.75, [N/A], 95
2026/09/11 07:50:52.003, 0, GPU-87701dfa-9023-3c38-a5e1-c4df5064cf56, P0, 86, 2445, 8001, 96.75, [N/A], 95
2026/09/11 07:50:52.210, 0, GPU-87701dfa-9023-3c38-a5e1-c4df5064cf56, P0, 87, 1950, 8001, 79.38, [N/A], 97
2026/09/11 07:50:52.417, 0, GPU-87701dfa-9023-3c38-a5e1-c4df5064cf56, P0, 87, 1950, 8001, 79.38, [N/A], 97
2026/09/11 07:50:52.622, 0, GPU-87701dfa-9023-3c38-a5e1-c4df5064cf56, P0, 89, 2250, 8001, 86.34, [N/A], 95
2026/09/11 07:50:52.827, 0, GPU-87701dfa-9023-3c38-a5e1-c4df5064cf56, P0, 89, 2250, 8001, 86.34, [N/A], 95
2026/09/11 07:50:53.034, 0, GPU-87701dfa-9023-3c38-a5e1-c4df5064cf56, P0, 89, 2250, 8001, 86.34, [N/A], 95
2026/09/11 07:50:53.255, 0, GPU-87701dfa-9023-3c38-a5e1-c4df5064cf56, P0, 85, 1680, 8001, 91.32, [N/A], 95
2026/09/11 07:50:53.477, 0, GPU-87701dfa-9023-3c38-a5e1-c4df5064cf56, P0, 85, 1680, 8001, 91.32, [N/A], 95
2026/09/11 07:50:53.685, 0, GPU-87701dfa-9023-3c38-a5e1-c4df5064cf56, P0, 87, 1950, 8001, 89.01, [N/A], 95
2026/09/11 07:50:53.893, 0, GPU-87701dfa-9023-3c38-a5e1-c4df5064cf56, P0, 87, 1950, 8001, 89.01, [N/A], 95
2026/09/11 07:50:54.100, 0, GPU-87701dfa-9023-3c38-a5e1-c4df5064cf56, P0, 87, 1950, 8001, 89.01, [N/A], 95
2026/09/11 07:50:54.306, 0, GPU-87701dfa-9023-3c38-a5e1-c4df5064cf56, P0, 88, 1815, 8001, 86.25, [N/A], 100
2026/09/11 07:50:54.514, 0, GPU-87701dfa-9023-3c38-a5e1-c4df5064cf56, P0, 88, 1815, 8001, 86.25, [N/A], 100
2026/09/11 07:50:54.722, 0, GPU-87701dfa-9023-3c38-a5e1-c4df5064cf56, P0, 86, 1965, 8001, 80.12, [N/A], 95
2026/09/11 07:50:54.929, 0, GPU-87701dfa-9023-3c38-a5e1-c4df5064cf56, P0, 86, 1965, 8001, 80.12, [N/A], 95
2026/09/11 07:50:55.137, 0, GPU-87701dfa-9023-3c38-a5e1-c4df5064cf56, P0, 84, 1740, 8001, 79.20, [N/A], 94
2026/09/11 07:50:55.345, 0, GPU-87701dfa-9023-3c38-a5e1-c4df5064cf56, P0, 84, 1740, 8001, 79.20, [N/A], 94
2026/09/11 07:50:55.553, 0, GPU-87701dfa-9023-3c38-a5e1-c4df5064cf56, P0, 84, 1740, 8001, 79.20, [N/A], 94
2026/09/11 07:50:55.761, 0, GPU-87701dfa-9023-3c38-a5e1-c4df5064cf56, P0, 93, 2295, 8001, 98.25, [N/A], 95
2026/09/11 07:50:55.967, 0, GPU-87701dfa-9023-3c38-a5e1-c4df5064cf56, P0, 93, 2295, 8001, 98.25, [N/A], 95
2026/09/11 07:50:56.172, 0, GPU-87701dfa-9023-3c38-a5e1-c4df5064cf56, P0, 83, 2490, 8001, 67.88, [N/A], 35
2026/09/11 07:50:56.377, 0, GPU-87701dfa-9023-3c38-a5e1-c4df5064cf56, P0, 83, 2490, 8001, 67.88, [N/A], 35
2026/09/11 07:50:56.614, 0, GPU-87701dfa-9023-3c38-a5e1-c4df5064cf56, P0, 82, 2490, 8001, 58.50, [N/A], 37
2026/09/11 07:50:56.821, 0, GPU-87701dfa-9023-3c38-a5e1-c4df5064cf56, P0, 82, 2490, 8001, 58.50, [N/A], 37
2026/09/11 07:50:57.028, 0, GPU-87701dfa-9023-3c38-a5e1-c4df5064cf56, P0, 82, 2490, 8001, 58.50, [N/A], 37
2026/09/11 07:50:57.234, 0, GPU-87701dfa-9023-3c38-a5e1-c4df5064cf56, P0, 76, 2490, 8001, 24.21, [N/A], 0
2026/09/11 07:50:57.440, 0, GPU-87701dfa-9023-3c38-a5e1-c4df5064cf56, P0, 76, 2490, 8001, 24.21, [N/A], 0
2026/09/11 07:50:57.647, 0, GPU-87701dfa-9023-3c38-a5e1-c4df5064cf56, P0, 74, 1455, 8001, 24.44, [N/A], 3
2026/09/11 07:50:57.852, 0, GPU-87701dfa-9023-3c38-a5e1-c4df5064cf56, P0, 74, 1455, 8001, 24.44, [N/A], 3
2026/09/11 07:50:58.059, 0, GPU-87701dfa-9023-3c38-a5e1-c4df5064cf56, P0, 74, 1455, 8001, 24.44, [N/A], 3
2026/09/11 07:50:58.266, 0, GPU-87701dfa-9023-3c38-a5e1-c4df5064cf56, P3, 77, 2025, 7001, 31.06, [N/A], 41
2026/09/11 07:50:58.474, 0, GPU-87701dfa-9023-3c38-a5e1-c4df5064cf56, P3, 77, 2025, 7001, 31.06, [N/A], 41
2026/09/11 07:50:58.677, 0, GPU-87701dfa-9023-3c38-a5e1-c4df5064cf56, P0, 78, 2205, 8001, 45.78, [N/A], 41
2026/09/11 07:50:58.883, 0, GPU-87701dfa-9023-3c38-a5e1-c4df5064cf56, P0, 78, 2205, 8001, 45.78, [N/A], 41
2026/09/11 07:50:59.091, 0, GPU-87701dfa-9023-3c38-a5e1-c4df5064cf56, P0, 78, 2205, 8001, 45.78, [N/A], 41
2026/09/11 07:50:59.299, 0, GPU-87701dfa-9023-3c38-a5e1-c4df5064cf56, P0, 75, 2490, 8001, 48.84, [N/A], 9
2026/09/11 07:50:59.505, 0, GPU-87701dfa-9023-3c38-a5e1-c4df5064cf56, P0, 75, 2490, 8001, 48.84, [N/A], 9
2026/09/11 07:50:59.711, 0, GPU-87701dfa-9023-3c38-a5e1-c4df5064cf56, P0, 89, 2250, 8001, 115.17, [N/A], 95
2026/09/11 07:50:59.947, 0, GPU-87701dfa-9023-3c38-a5e1-c4df5064cf56, P0, 89, 2250, 8001, 115.17, [N/A], 95
2026/09/11 07:51:00.153, 0, GPU-87701dfa-9023-3c38-a5e1-c4df5064cf56, P0, 85, 1815, 8001, 83.72, [N/A], 100
2026/09/11 07:51:00.358, 0, GPU-87701dfa-9023-3c38-a5e1-c4df5064cf56, P0, 85, 1815, 8001, 83.72, [N/A], 100
2026/09/11 07:51:00.562, 0, GPU-87701dfa-9023-3c38-a5e1-c4df5064cf56, P0, 85, 1815, 8001, 83.72, [N/A], 100
2026/09/11 07:51:00.769, 0, GPU-87701dfa-9023-3c38-a5e1-c4df5064cf56, P0, 87, 2040, 8001, 81.30, [N/A], 94
2026/09/11 07:51:00.976, 0, GPU-87701dfa-9023-3c38-a5e1-c4df5064cf56, P0, 87, 2040, 8001, 81.30, [N/A], 94
2026/09/11 07:51:01.183, 0, GPU-87701dfa-9023-3c38-a5e1-c4df5064cf56, P0, 89, 2010, 8001, 96.81, [N/A], 94
2026/09/11 07:51:01.389, 0, GPU-87701dfa-9023-3c38-a5e1-c4df5064cf56, P0, 89, 2010, 8001, 96.81, [N/A], 94
2026/09/11 07:51:01.594, 0, GPU-87701dfa-9023-3c38-a5e1-c4df5064cf56, P0, 89, 2010, 8001, 96.81, [N/A], 94
2026/09/11 07:51:01.818, 0, GPU-87701dfa-9023-3c38-a5e1-c4df5064cf56, P0, 86, 1965, 8001, 78.17, [N/A], 94
2026/09/11 07:51:02.042, 0, GPU-87701dfa-9023-3c38-a5e1-c4df5064cf56, P0, 86, 1965, 8001, 78.17, [N/A], 94
2026/09/11 07:51:02.263, 0, GPU-87701dfa-9023-3c38-a5e1-c4df5064cf56, P0, 86, 1860, 8001, 79.48, [N/A], 99
2026/09/11 07:51:02.469, 0, GPU-87701dfa-9023-3c38-a5e1-c4df5064cf56, P0, 86, 1860, 8001, 79.48, [N/A], 99
2026/09/11 07:51:02.677, 0, GPU-87701dfa-9023-3c38-a5e1-c4df5064cf56, P0, 85, 1995, 8001, 84.40, [N/A], 100
2026/09/11 07:51:02.881, 0, GPU-87701dfa-9023-3c38-a5e1-c4df5064cf56, P0, 85, 1995, 8001, 84.40, [N/A], 100
2026/09/11 07:51:03.085, 0, GPU-87701dfa-9023-3c38-a5e1-c4df5064cf56, P0, 85, 1995, 8001, 84.40, [N/A], 100
2026/09/11 07:51:03.293, 0, GPU-87701dfa-9023-3c38-a5e1-c4df5064cf56, P0, 92, 2445, 8001, 113.26, [N/A], 95
2026/09/11 07:51:03.497, 0, GPU-87701dfa-9023-3c38-a5e1-c4df5064cf56, P0, 92, 2445, 8001, 113.26, [N/A], 95
2026/09/11 07:51:03.703, 0, GPU-87701dfa-9023-3c38-a5e1-c4df5064cf56, P0, 87, 1935, 8001, 77.39, [N/A], 94
2026/09/11 07:51:03.925, 0, GPU-87701dfa-9023-3c38-a5e1-c4df5064cf56, P0, 87, 1935, 8001, 77.39, [N/A], 94
2026/09/11 07:51:04.132, 0, GPU-87701dfa-9023-3c38-a5e1-c4df5064cf56, P0, 83, 2490, 8001, 59.87, [N/A], 38
2026/09/11 07:51:04.338, 0, GPU-87701dfa-9023-3c38-a5e1-c4df5064cf56, P0, 83, 2490, 8001, 59.87, [N/A], 38
2026/09/11 07:51:04.541, 0, GPU-87701dfa-9023-3c38-a5e1-c4df5064cf56, P0, 83, 2490, 8001, 59.87, [N/A], 38
2026/09/11 07:51:04.746, 0, GPU-87701dfa-9023-3c38-a5e1-c4df5064cf56, P0, 82, 2490, 8001, 59.50, [N/A], 38
2026/09/11 07:51:04.954, 0, GPU-87701dfa-9023-3c38-a5e1-c4df5064cf56, P0, 82, 2490, 8001, 59.50, [N/A], 38
2026/09/11 07:51:05.161, 0, GPU-87701dfa-9023-3c38-a5e1-c4df5064cf56, P0, 76, 2490, 8001, 24.60, [N/A], 0
2026/09/11 07:51:05.368, 0, GPU-87701dfa-9023-3c38-a5e1-c4df5064cf56, P0, 76, 2490, 8001, 24.60, [N/A], 0
2026/09/11 07:51:05.590, 0, GPU-87701dfa-9023-3c38-a5e1-c4df5064cf56, P0, 76, 2490, 8001, 24.60, [N/A], 0
2026/09/11 07:51:05.797, 0, GPU-87701dfa-9023-3c38-a5e1-c4df5064cf56, P0, 75, 2490, 8001, 24.67, [N/A], 5
2026/09/11 07:51:06.004, 0, GPU-87701dfa-9023-3c38-a5e1-c4df5064cf56, P0, 75, 2490, 8001, 24.67, [N/A], 5
2026/09/11 07:51:06.209, 0, GPU-87701dfa-9023-3c38-a5e1-c4df5064cf56, P0, 77, 1845, 8001, 28.85, [N/A], 49
2026/09/11 07:51:06.414, 0, GPU-87701dfa-9023-3c38-a5e1-c4df5064cf56, P0, 77, 1845, 8001, 28.85, [N/A], 49
2026/09/11 07:51:06.619, 0, GPU-87701dfa-9023-3c38-a5e1-c4df5064cf56, P0, 78, 2040, 8001, 40.57, [N/A], 42
2026/09/11 07:51:06.826, 0, GPU-87701dfa-9023-3c38-a5e1-c4df5064cf56, P0, 78, 2040, 8001, 40.57, [N/A], 42
2026/09/11 07:51:07.032, 0, GPU-87701dfa-9023-3c38-a5e1-c4df5064cf56, P0, 78, 2040, 8001, 40.57, [N/A], 42
2026/09/11 07:51:07.239, 0, GPU-87701dfa-9023-3c38-a5e1-c4df5064cf56, P0, 76, 2490, 8001, 24.42, [N/A], 2
2026/09/11 07:51:07.445, 0, GPU-87701dfa-9023-3c38-a5e1-c4df5064cf56, P0, 76, 2490, 8001, 24.42, [N/A], 2
2026/09/11 07:51:07.652, 0, GPU-87701dfa-9023-3c38-a5e1-c4df5064cf56, P0, 89, 2190, 8001, 117.84, [N/A], 94
2026/09/11 07:51:07.857, 0, GPU-87701dfa-9023-3c38-a5e1-c4df5064cf56, P0, 89, 2190, 8001, 117.84, [N/A], 94
2026/09/11 07:51:08.063, 0, GPU-87701dfa-9023-3c38-a5e1-c4df5064cf56, P0, 89, 2190, 8001, 117.84, [N/A], 94
2026/09/11 07:51:08.271, 0, GPU-87701dfa-9023-3c38-a5e1-c4df5064cf56, P0, 86, 1860, 8001, 84.39, [N/A], 100
2026/09/11 07:51:08.478, 0, GPU-87701dfa-9023-3c38-a5e1-c4df5064cf56, P0, 86, 1860, 8001, 84.39, [N/A], 100
2026/09/11 07:51:08.686, 0, GPU-87701dfa-9023-3c38-a5e1-c4df5064cf56, P0, 83, 1620, 8001, 76.90, [N/A], 100
2026/09/11 07:51:08.893, 0, GPU-87701dfa-9023-3c38-a5e1-c4df5064cf56, P0, 83, 1620, 8001, 76.90, [N/A], 100
2026/09/11 07:51:09.099, 0, GPU-87701dfa-9023-3c38-a5e1-c4df5064cf56, P0, 83, 1620, 8001, 76.90, [N/A], 100
2026/09/11 07:51:09.305, 0, GPU-87701dfa-9023-3c38-a5e1-c4df5064cf56, P0, 88, 1815, 8001, 91.01, [N/A], 95
2026/09/11 07:51:09.511, 0, GPU-87701dfa-9023-3c38-a5e1-c4df5064cf56, P0, 88, 1815, 8001, 91.01, [N/A], 95
2026/09/11 07:51:09.718, 0, GPU-87701dfa-9023-3c38-a5e1-c4df5064cf56, P0, 86, 1710, 8001, 80.29, [N/A], 95
2026/09/11 07:51:09.925, 0, GPU-87701dfa-9023-3c38-a5e1-c4df5064cf56, P0, 86, 1710, 8001, 80.29, [N/A], 95
2026/09/11 07:51:10.131, 0, GPU-87701dfa-9023-3c38-a5e1-c4df5064cf56, P0, 86, 1830, 8001, 78.68, [N/A], 100
2026/09/11 07:51:10.338, 0, GPU-87701dfa-9023-3c38-a5e1-c4df5064cf56, P0, 86, 1830, 8001, 78.68, [N/A], 100
2026/09/11 07:51:10.544, 0, GPU-87701dfa-9023-3c38-a5e1-c4df5064cf56, P0, 86, 1830, 8001, 78.68, [N/A], 100
2026/09/11 07:51:10.750, 0, GPU-87701dfa-9023-3c38-a5e1-c4df5064cf56, P0, 83, 1785, 8001, 68.17, [N/A], 100
2026/09/11 07:51:10.957, 0, GPU-87701dfa-9023-3c38-a5e1-c4df5064cf56, P0, 83, 1785, 8001, 68.17, [N/A], 100
2026/09/11 07:51:11.162, 0, GPU-87701dfa-9023-3c38-a5e1-c4df5064cf56, P0, 87, 2115, 8001, 77.54, [N/A], 99
2026/09/11 07:51:11.369, 0, GPU-87701dfa-9023-3c38-a5e1-c4df5064cf56, P0, 87, 2115, 8001, 77.54, [N/A], 99
2026/09/11 07:51:11.622, 0, GPU-87701dfa-9023-3c38-a5e1-c4df5064cf56, P0, 87, 1815, 8001, 80.01, [N/A], 95
2026/09/11 07:51:11.829, 0, GPU-87701dfa-9023-3c38-a5e1-c4df5064cf56, P0, 87, 1815, 8001, 80.01, [N/A], 95
2026/09/11 07:51:12.036, 0, GPU-87701dfa-9023-3c38-a5e1-c4df5064cf56, P0, 87, 1815, 8001, 80.01, [N/A], 95
2026/09/11 07:51:12.242, 0, GPU-87701dfa-9023-3c38-a5e1-c4df5064cf56, P0, 83, 2490, 8001, 65.83, [N/A], 37
2026/09/11 07:51:12.450, 0, GPU-87701dfa-9023-3c38-a5e1-c4df5064cf56, P0, 83, 2490, 8001, 65.83, [N/A], 37
2026/09/11 07:51:12.658, 0, GPU-87701dfa-9023-3c38-a5e1-c4df5064cf56, P0, 82, 2490, 8001, 59.01, [N/A], 38
2026/09/11 07:51:12.865, 0, GPU-87701dfa-9023-3c38-a5e1-c4df5064cf56, P0, 82, 2490, 8001, 59.01, [N/A], 38
2026/09/11 07:51:13.073, 0, GPU-87701dfa-9023-3c38-a5e1-c4df5064cf56, P0, 82, 2490, 8001, 59.01, [N/A], 38
2026/09/11 07:51:13.281, 0, GPU-87701dfa-9023-3c38-a5e1-c4df5064cf56, P0, 76, 2490, 8001, 25.94, [N/A], 0
2026/09/11 07:51:13.485, 0, GPU-87701dfa-9023-3c38-a5e1-c4df5064cf56, P0, 76, 2490, 8001, 25.94, [N/A], 0
2026/09/11 07:51:13.706, 0, GPU-87701dfa-9023-3c38-a5e1-c4df5064cf56, P0, 75, 2490, 8001, 24.41, [N/A], 4
2026/09/11 07:51:13.910, 0, GPU-87701dfa-9023-3c38-a5e1-c4df5064cf56, P0, 75, 2490, 8001, 24.41, [N/A], 4
2026/09/11 07:51:14.117, 0, GPU-87701dfa-9023-3c38-a5e1-c4df5064cf56, P3, 77, 2085, 7001, 34.80, [N/A], 37
2026/09/11 07:51:14.322, 0, GPU-87701dfa-9023-3c38-a5e1-c4df5064cf56, P3, 77, 2085, 7001, 34.80, [N/A], 37
2026/09/11 07:51:14.527, 0, GPU-87701dfa-9023-3c38-a5e1-c4df5064cf56, P3, 77, 2085, 7001, 34.80, [N/A], 37
2026/09/11 07:51:14.733, 0, GPU-87701dfa-9023-3c38-a5e1-c4df5064cf56, P0, 78, 2190, 8001, 43.54, [N/A], 42
2026/09/11 07:51:14.937, 0, GPU-87701dfa-9023-3c38-a5e1-c4df5064cf56, P0, 78, 2190, 8001, 43.54, [N/A], 42
2026/09/11 07:51:15.144, 0, GPU-87701dfa-9023-3c38-a5e1-c4df5064cf56, P0, 76, 2490, 8001, 24.74, [N/A], 9
2026/09/11 07:51:15.349, 0, GPU-87701dfa-9023-3c38-a5e1-c4df5064cf56, P0, 76, 2490, 8001, 24.74, [N/A], 9
2026/09/11 07:51:15.555, 0, GPU-87701dfa-9023-3c38-a5e1-c4df5064cf56, P0, 76, 2490, 8001, 24.74, [N/A], 9
2026/09/11 07:51:15.762, 0, GPU-87701dfa-9023-3c38-a5e1-c4df5064cf56, P0, 91, 2175, 8001, 111.89, [N/A], 95
2026/09/11 07:51:15.968, 0, GPU-87701dfa-9023-3c38-a5e1-c4df5064cf56, P0, 91, 2175, 8001, 111.89, [N/A], 95
2026/09/11 07:51:16.174, 0, GPU-87701dfa-9023-3c38-a5e1-c4df5064cf56, P0, 86, 1830, 8001, 71.30, [N/A], 97
2026/09/11 07:51:16.383, 0, GPU-87701dfa-9023-3c38-a5e1-c4df5064cf56, P0, 86, 1830, 8001, 71.30, [N/A], 97
2026/09/11 07:51:16.588, 0, GPU-87701dfa-9023-3c38-a5e1-c4df5064cf56, P0, 86, 1830, 8001, 71.30, [N/A], 97
2026/09/11 07:51:16.793, 0, GPU-87701dfa-9023-3c38-a5e1-c4df5064cf56, P0, 86, 2040, 8001, 81.96, [N/A], 100
2026/09/11 07:51:16.999, 0, GPU-87701dfa-9023-3c38-a5e1-c4df5064cf56, P0, 86, 2040, 8001, 81.96, [N/A], 100
2026/09/11 07:51:17.205, 0, GPU-87701dfa-9023-3c38-a5e1-c4df5064cf56, P0, 87, 1815, 8001, 85.95, [N/A], 94
2026/09/11 07:51:17.412, 0, GPU-87701dfa-9023-3c38-a5e1-c4df5064cf56, P0, 87, 1815, 8001, 85.95, [N/A], 94
2026/09/11 07:51:17.619, 0, GPU-87701dfa-9023-3c38-a5e1-c4df5064cf56, P0, 85, 1725, 8001, 73.06, [N/A], 94
2026/09/11 07:51:17.827, 0, GPU-87701dfa-9023-3c38-a5e1-c4df5064cf56, P0, 85, 1725, 8001, 73.06, [N/A], 94
2026/09/11 07:51:18.033, 0, GPU-87701dfa-9023-3c38-a5e1-c4df5064cf56, P0, 85, 1725, 8001, 73.06, [N/A], 94
2026/09/11 07:51:18.240, 0, GPU-87701dfa-9023-3c38-a5e1-c4df5064cf56, P0, 87, 1920, 8001, 80.06, [N/A], 96
2026/09/11 07:51:18.447, 0, GPU-87701dfa-9023-3c38-a5e1-c4df5064cf56, P0, 87, 1920, 8001, 80.06, [N/A], 96
2026/09/11 07:51:18.655, 0, GPU-87701dfa-9023-3c38-a5e1-c4df5064cf56, P0, 89, 2160, 8001, 83.84, [N/A], 99
2026/09/11 07:51:18.862, 0, GPU-87701dfa-9023-3c38-a5e1-c4df5064cf56, P0, 89, 2160, 8001, 83.84, [N/A], 99
2026/09/11 07:51:19.067, 0, GPU-87701dfa-9023-3c38-a5e1-c4df5064cf56, P0, 89, 2160, 8001, 83.84, [N/A], 99
2026/09/11 07:51:19.275, 0, GPU-87701dfa-9023-3c38-a5e1-c4df5064cf56, P0, 86, 1785, 8001, 77.12, [N/A], 95
2026/09/11 07:51:19.482, 0, GPU-87701dfa-9023-3c38-a5e1-c4df5064cf56, P0, 86, 1785, 8001, 77.12, [N/A], 95
2026/09/11 07:51:19.690, 0, GPU-87701dfa-9023-3c38-a5e1-c4df5064cf56, P0, 87, 1830, 8001, 86.91, [N/A], 95
2026/09/11 07:51:19.898, 0, GPU-87701dfa-9023-3c38-a5e1-c4df5064cf56, P0, 87, 1830, 8001, 86.91, [N/A], 95
2026/09/11 07:51:20.103, 0, GPU-87701dfa-9023-3c38-a5e1-c4df5064cf56, P0, 87, 1830, 8001, 86.91, [N/A], 95
2026/09/11 07:51:20.310, 0, GPU-87701dfa-9023-3c38-a5e1-c4df5064cf56, P0, 83, 2490, 8001, 59.50, [N/A], 37
2026/09/11 07:51:20.516, 0, GPU-87701dfa-9023-3c38-a5e1-c4df5064cf56, P0, 83, 2490, 8001, 59.50, [N/A], 37
2026/09/11 07:51:20.724, 0, GPU-87701dfa-9023-3c38-a5e1-c4df5064cf56, P0, 83, 2490, 8001, 57.33, [N/A], 36
2026/09/11 07:51:20.930, 0, GPU-87701dfa-9023-3c38-a5e1-c4df5064cf56, P0, 83, 2490, 8001, 57.33, [N/A], 36
2026/09/11 07:51:21.136, 0, GPU-87701dfa-9023-3c38-a5e1-c4df5064cf56, P0, 76, 2490, 8001, 24.86, [N/A], 0
2026/09/11 07:51:21.341, 0, GPU-87701dfa-9023-3c38-a5e1-c4df5064cf56, P0, 76, 2490, 8001, 24.86, [N/A], 0
2026/09/11 07:51:21.546, 0, GPU-87701dfa-9023-3c38-a5e1-c4df5064cf56, P0, 76, 2490, 8001, 24.86, [N/A], 0
2026/09/11 07:51:21.752, 0, GPU-87701dfa-9023-3c38-a5e1-c4df5064cf56, P0, 75, 2490, 8001, 24.50, [N/A], 14
2026/09/11 07:51:21.958, 0, GPU-87701dfa-9023-3c38-a5e1-c4df5064cf56, P0, 75, 2490, 8001, 24.50, [N/A], 14
2026/09/11 07:51:22.166, 0, GPU-87701dfa-9023-3c38-a5e1-c4df5064cf56, P0, 76, 1890, 8001, 34.37, [N/A], 45
2026/09/11 07:51:22.370, 0, GPU-87701dfa-9023-3c38-a5e1-c4df5064cf56, P0, 76, 1890, 8001, 34.37, [N/A], 45
2026/09/11 07:51:22.573, 0, GPU-87701dfa-9023-3c38-a5e1-c4df5064cf56, P0, 76, 1890, 8001, 34.37, [N/A], 45
2026/09/11 07:51:22.777, 0, GPU-87701dfa-9023-3c38-a5e1-c4df5064cf56, P0, 78, 1995, 8001, 39.33, [N/A], 40
2026/09/11 07:51:22.983, 0, GPU-87701dfa-9023-3c38-a5e1-c4df5064cf56, P0, 78, 1995, 8001, 39.33, [N/A], 40
2026/09/11 07:51:23.191, 0, GPU-87701dfa-9023-3c38-a5e1-c4df5064cf56, P0, 76, 2490, 8001, 24.27, [N/A], 1
2026/09/11 07:51:23.398, 0, GPU-87701dfa-9023-3c38-a5e1-c4df5064cf56, P0, 76, 2490, 8001, 24.27, [N/A], 1
2026/09/11 07:51:23.605, 0, GPU-87701dfa-9023-3c38-a5e1-c4df5064cf56, P0, 76, 2490, 8001, 24.27, [N/A], 1
2026/09/11 07:51:23.859, 0, GPU-87701dfa-9023-3c38-a5e1-c4df5064cf56, P0, 90, 2400, 8001, 107.11, [N/A], 94
2026/09/11 07:51:24.062, 0, GPU-87701dfa-9023-3c38-a5e1-c4df5064cf56, P0, 90, 2400, 8001, 107.11, [N/A], 94
2026/09/11 07:51:24.269, 0, GPU-87701dfa-9023-3c38-a5e1-c4df5064cf56, P0, 88, 1995, 8001, 82.73, [N/A], 94
2026/09/11 07:51:24.477, 0, GPU-87701dfa-9023-3c38-a5e1-c4df5064cf56, P0, 88, 1995, 8001, 82.73, [N/A], 94
2026/09/11 07:51:24.696, 0, GPU-87701dfa-9023-3c38-a5e1-c4df5064cf56, P0, 87, 1890, 8001, 83.14, [N/A], 99
2026/09/11 07:51:24.903, 0, GPU-87701dfa-9023-3c38-a5e1-c4df5064cf56, P0, 87, 1890, 8001, 83.14, [N/A], 99
2026/09/11 07:51:25.111, 0, GPU-87701dfa-9023-3c38-a5e1-c4df5064cf56, P0, 84, 1860, 8001, 84.51, [N/A], 99
2026/09/11 07:51:25.318, 0, GPU-87701dfa-9023-3c38-a5e1-c4df5064cf56, P0, 84, 1860, 8001, 84.51, [N/A], 99
2026/09/11 07:51:25.525, 0, GPU-87701dfa-9023-3c38-a5e1-c4df5064cf56, P0, 84, 1860, 8001, 84.51, [N/A], 99
2026/09/11 07:51:25.733, 0, GPU-87701dfa-9023-3c38-a5e1-c4df5064cf56, P0, 85, 1770, 8001, 74.73, [N/A], 99
2026/09/11 07:51:25.936, 0, GPU-87701dfa-9023-3c38-a5e1-c4df5064cf56, P0, 85, 1770, 8001, 74.73, [N/A], 99
2026/09/11 07:51:26.142, 0, GPU-87701dfa-9023-3c38-a5e1-c4df5064cf56, P0, 87, 2205, 8001, 70.57, [N/A], 95
2026/09/11 07:51:26.365, 0, GPU-87701dfa-9023-3c38-a5e1-c4df5064cf56, P0, 87, 2205, 8001, 70.57, [N/A], 95
2026/09/11 07:51:26.572, 0, GPU-87701dfa-9023-3c38-a5e1-c4df5064cf56, P0, 87, 2205, 8001, 70.57, [N/A], 95
2026/09/11 07:51:26.780, 0, GPU-87701dfa-9023-3c38-a5e1-c4df5064cf56, P0, 88, 1950, 8001, 83.48, [N/A], 95
2026/09/11 07:51:26.987, 0, GPU-87701dfa-9023-3c38-a5e1-c4df5064cf56, P0, 88, 1950, 8001, 83.48, [N/A], 95
2026/09/11 07:51:27.193, 0, GPU-87701dfa-9023-3c38-a5e1-c4df5064cf56, P0, 90, 2190, 8001, 92.60, [N/A], 94
2026/09/11 07:51:27.401, 0, GPU-87701dfa-9023-3c38-a5e1-c4df5064cf56, P0, 90, 2190, 8001, 92.60, [N/A], 94
2026/09/11 07:51:27.606, 0, GPU-87701dfa-9023-3c38-a5e1-c4df5064cf56, P0, 86, 1830, 8001, 76.18, [N/A], 98
2026/09/11 07:51:27.814, 0, GPU-87701dfa-9023-3c38-a5e1-c4df5064cf56, P0, 86, 1830, 8001, 76.18, [N/A], 98
2026/09/11 07:51:28.035, 0, GPU-87701dfa-9023-3c38-a5e1-c4df5064cf56, P0, 86, 1830, 8001, 76.18, [N/A], 98
2026/09/11 07:51:28.241, 0, GPU-87701dfa-9023-3c38-a5e1-c4df5064cf56, P0, 83, 2490, 8001, 63.08, [N/A], 40
2026/09/11 07:51:28.447, 0, GPU-87701dfa-9023-3c38-a5e1-c4df5064cf56, P0, 83, 2490, 8001, 63.08, [N/A], 40
2026/09/11 07:51:28.654, 0, GPU-87701dfa-9023-3c38-a5e1-c4df5064cf56, P0, 83, 2490, 8001, 59.79, [N/A], 38
2026/09/11 07:51:28.858, 0, GPU-87701dfa-9023-3c38-a5e1-c4df5064cf56, P0, 83, 2490, 8001, 59.79, [N/A], 38
2026/09/11 07:51:29.065, 0, GPU-87701dfa-9023-3c38-a5e1-c4df5064cf56, P0, 83, 2490, 8001, 59.79, [N/A], 38
2026/09/11 07:51:29.272, 0, GPU-87701dfa-9023-3c38-a5e1-c4df5064cf56, P0, 76, 2490, 8001, 24.61, [N/A], 0
2026/09/11 07:51:29.478, 0, GPU-87701dfa-9023-3c38-a5e1-c4df5064cf56, P0, 76, 2490, 8001, 24.61, [N/A], 0
2026/09/11 07:51:29.684, 0, GPU-87701dfa-9023-3c38-a5e1-c4df5064cf56, P0, 75, 2490, 8001, 25.13, [N/A], 8
2026/09/11 07:51:29.891, 0, GPU-87701dfa-9023-3c38-a5e1-c4df5064cf56, P0, 75, 2490, 8001, 25.13, [N/A], 8
2026/09/11 07:51:30.098, 0, GPU-87701dfa-9023-3c38-a5e1-c4df5064cf56, P0, 75, 2490, 8001, 25.13, [N/A], 8
2026/09/11 07:51:30.304, 0, GPU-87701dfa-9023-3c38-a5e1-c4df5064cf56, P3, 75, 1410, 7001, 27.10, [N/A], 53
2026/09/11 07:51:30.510, 0, GPU-87701dfa-9023-3c38-a5e1-c4df5064cf56, P3, 75, 1410, 7001, 27.10, [N/A], 53
2026/09/11 07:51:30.714, 0, GPU-87701dfa-9023-3c38-a5e1-c4df5064cf56, P0, 78, 2070, 7001, 39.90, [N/A], 43
2026/09/11 07:51:30.919, 0, GPU-87701dfa-9023-3c38-a5e1-c4df5064cf56, P0, 78, 2070, 7001, 39.90, [N/A], 43
2026/09/11 07:51:31.125, 0, GPU-87701dfa-9023-3c38-a5e1-c4df5064cf56, P0, 76, 2490, 8001, 24.59, [N/A], 0
2026/09/11 07:51:31.333, 0, GPU-87701dfa-9023-3c38-a5e1-c4df5064cf56, P0, 76, 2490, 8001, 24.59, [N/A], 0
2026/09/11 07:51:31.536, 0, GPU-87701dfa-9023-3c38-a5e1-c4df5064cf56, P0, 76, 2490, 8001, 24.59, [N/A], 0
2026/09/11 07:51:31.744, 0, GPU-87701dfa-9023-3c38-a5e1-c4df5064cf56, P0, 89, 2250, 8001, 115.51, [N/A], 66
2026/09/11 07:51:31.951, 0, GPU-87701dfa-9023-3c38-a5e1-c4df5064cf56, P0, 89, 2250, 8001, 115.51, [N/A], 66
2026/09/11 07:51:32.158, 0, GPU-87701dfa-9023-3c38-a5e1-c4df5064cf56, P0, 93, 2295, 8001, 106.55, [N/A], 95
2026/09/11 07:51:32.427, 0, GPU-87701dfa-9023-3c38-a5e1-c4df5064cf56, P0, 93, 2295, 8001, 106.55, [N/A], 95
2026/09/11 07:51:32.633, 0, GPU-87701dfa-9023-3c38-a5e1-c4df5064cf56, P0, 86, 1650, 8001, 81.20, [N/A], 94
2026/09/11 07:51:32.838, 0, GPU-87701dfa-9023-3c38-a5e1-c4df5064cf56, P0, 86, 1650, 8001, 81.20, [N/A], 94
2026/09/11 07:51:33.043, 0, GPU-87701dfa-9023-3c38-a5e1-c4df5064cf56, P0, 86, 1650, 8001, 81.20, [N/A], 94
2026/09/11 07:51:33.251, 0, GPU-87701dfa-9023-3c38-a5e1-c4df5064cf56, P0, 87, 1920, 8001, 84.71, [N/A], 95
2026/09/11 07:51:33.474, 0, GPU-87701dfa-9023-3c38-a5e1-c4df5064cf56, P0, 87, 1920, 8001, 84.71, [N/A], 95
2026/09/11 07:51:33.694, 0, GPU-87701dfa-9023-3c38-a5e1-c4df5064cf56, P0, 85, 2055, 8001, 82.03, [N/A], 100
2026/09/11 07:51:33.901, 0, GPU-87701dfa-9023-3c38-a5e1-c4df5064cf56, P0, 85, 2055, 8001, 82.03, [N/A], 100
2026/09/11 07:51:34.106, 0, GPU-87701dfa-9023-3c38-a5e1-c4df5064cf56, P0, 88, 2190, 8001, 70.35, [N/A], 95
2026/09/11 07:51:34.312, 0, GPU-87701dfa-9023-3c38-a5e1-c4df5064cf56, P0, 88, 2190, 8001, 70.35, [N/A], 95
2026/09/11 07:51:34.518, 0, GPU-87701dfa-9023-3c38-a5e1-c4df5064cf56, P0, 88, 2190, 8001, 70.35, [N/A], 95
2026/09/11 07:51:34.725, 0, GPU-87701dfa-9023-3c38-a5e1-c4df5064cf56, P0, 86, 1605, 8001, 88.06, [N/A], 95
2026/09/11 07:51:34.933, 0, GPU-87701dfa-9023-3c38-a5e1-c4df5064cf56, P0, 86, 1605, 8001, 88.06, [N/A], 95
2026/09/11 07:51:35.138, 0, GPU-87701dfa-9023-3c38-a5e1-c4df5064cf56, P0, 85, 1815, 8001, 71.19, [N/A], 94
2026/09/11 07:51:35.345, 0, GPU-87701dfa-9023-3c38-a5e1-c4df5064cf56, P0, 85, 1815, 8001, 71.19, [N/A], 94
2026/09/11 07:51:35.551, 0, GPU-87701dfa-9023-3c38-a5e1-c4df5064cf56, P0, 85, 1815, 8001, 71.19, [N/A], 94
2026/09/11 07:51:35.758, 0, GPU-87701dfa-9023-3c38-a5e1-c4df5064cf56, P0, 85, 1605, 8001, 79.08, [N/A], 100
2026/09/11 07:51:35.964, 0, GPU-87701dfa-9023-3c38-a5e1-c4df5064cf56, P0, 85, 1605, 8001, 79.08, [N/A], 100
2026/09/11 07:51:36.168, 0, GPU-87701dfa-9023-3c38-a5e1-c4df5064cf56, P0, 83, 2490, 8001, 57.91, [N/A], 37
2026/09/11 07:51:36.376, 0, GPU-87701dfa-9023-3c38-a5e1-c4df5064cf56, P0, 83, 2490, 8001, 57.91, [N/A], 37
2026/09/11 07:51:36.583, 0, GPU-87701dfa-9023-3c38-a5e1-c4df5064cf56, P0, 83, 2490, 8001, 57.91, [N/A], 37
2026/09/11 07:51:36.805, 0, GPU-87701dfa-9023-3c38-a5e1-c4df5064cf56, P0, 82, 2490, 8001, 58.43, [N/A], 37
2026/09/11 07:51:37.012, 0, GPU-87701dfa-9023-3c38-a5e1-c4df5064cf56, P0, 82, 2490, 8001, 58.43, [N/A], 37
2026/09/11 07:51:37.220, 0, GPU-87701dfa-9023-3c38-a5e1-c4df5064cf56, P0, 76, 2490, 8001, 30.10, [N/A], 0
